-- MIGRATION SCRIPT FOR SPARKLES APARTMENTS
-- Generated on 2026-07-03T17:44:49.535Z

BEGIN;

-- 1. Clear existing data
DELETE FROM bookings;
DELETE FROM rooms;
DELETE FROM profiles WHERE role != 'super_admin';
DELETE FROM auth.users WHERE id NOT IN (SELECT id FROM profiles WHERE role = 'super_admin');

-- 2. Insert Guests
INSERT INTO auth.users (id, instance_id, aud, role, email, encrypted_password, email_confirmed_at, created_at, updated_at) VALUES ('e131cc4b-26be-4569-9ed3-b64c7b9610b2', '00000000-0000-0000-0000-000000000000', 'authenticated', 'authenticated', 'appoga@yahoo.co.uk', '$argon2id$v=19$m=65536,t=3,p=4$fQ7fF7Zl6j7Q7fF7Zl6j7A$fQ7fF7Zl6j7Q7fF7Zl6j7A', now(), now(), now()) ON CONFLICT (id) DO NOTHING;
INSERT INTO profiles (id, first_name, last_name, phone, role) VALUES ('e131cc4b-26be-4569-9ed3-b64c7b9610b2', 'George', 'IK', '08033214684', 'guest') ON CONFLICT (id) DO NOTHING;
INSERT INTO auth.users (id, instance_id, aud, role, email, encrypted_password, email_confirmed_at, created_at, updated_at) VALUES ('6b316135-26c8-4c20-ac71-01ce730d2323', '00000000-0000-0000-0000-000000000000', 'authenticated', 'authenticated', 'no-email-1234@example.com', '$argon2id$v=19$m=65536,t=3,p=4$fQ7fF7Zl6j7Q7fF7Zl6j7A$fQ7fF7Zl6j7Q7fF7Zl6j7A', now(), now(), now()) ON CONFLICT (id) DO NOTHING;
INSERT INTO profiles (id, first_name, last_name, phone, role) VALUES ('6b316135-26c8-4c20-ac71-01ce730d2323', 'ABBA', 'ISAH', '08031818011', 'guest') ON CONFLICT (id) DO NOTHING;
INSERT INTO auth.users (id, instance_id, aud, role, email, encrypted_password, email_confirmed_at, created_at, updated_at) VALUES ('e50a9154-41c2-4690-9329-48e5ae5d14ed', '00000000-0000-0000-0000-000000000000', 'authenticated', 'authenticated', 'no-email-1236@example.com', '$argon2id$v=19$m=65536,t=3,p=4$fQ7fF7Zl6j7Q7fF7Zl6j7A$fQ7fF7Zl6j7Q7fF7Zl6j7A', now(), now(), now()) ON CONFLICT (id) DO NOTHING;
INSERT INTO profiles (id, first_name, last_name, phone, role) VALUES ('e50a9154-41c2-4690-9329-48e5ae5d14ed', 'ABBA', 'ISAH', '08031818011', 'guest') ON CONFLICT (id) DO NOTHING;
INSERT INTO auth.users (id, instance_id, aud, role, email, encrypted_password, email_confirmed_at, created_at, updated_at) VALUES ('2b0ed615-5da8-4d0c-b72e-7991f4dea260', '00000000-0000-0000-0000-000000000000', 'authenticated', 'authenticated', 'no-email-1238@example.com', '$argon2id$v=19$m=65536,t=3,p=4$fQ7fF7Zl6j7Q7fF7Zl6j7A$fQ7fF7Zl6j7Q7fF7Zl6j7A', now(), now(), now()) ON CONFLICT (id) DO NOTHING;
INSERT INTO profiles (id, first_name, last_name, phone, role) VALUES ('2b0ed615-5da8-4d0c-b72e-7991f4dea260', 'ABBA', 'ISAH', '08031818011', 'guest') ON CONFLICT (id) DO NOTHING;
INSERT INTO auth.users (id, instance_id, aud, role, email, encrypted_password, email_confirmed_at, created_at, updated_at) VALUES ('3a663f63-0dc6-495e-92dc-33e5010f16b9', '00000000-0000-0000-0000-000000000000', 'authenticated', 'authenticated', 'no-email-1240@example.com', '$argon2id$v=19$m=65536,t=3,p=4$fQ7fF7Zl6j7Q7fF7Zl6j7A$fQ7fF7Zl6j7Q7fF7Zl6j7A', now(), now(), now()) ON CONFLICT (id) DO NOTHING;
INSERT INTO profiles (id, first_name, last_name, phone, role) VALUES ('3a663f63-0dc6-495e-92dc-33e5010f16b9', 'ABBA', 'ISAH', '08031818011', 'guest') ON CONFLICT (id) DO NOTHING;
INSERT INTO auth.users (id, instance_id, aud, role, email, encrypted_password, email_confirmed_at, created_at, updated_at) VALUES ('18d1aaa9-d3af-4acf-b8eb-23f218f086a1', '00000000-0000-0000-0000-000000000000', 'authenticated', 'authenticated', 'no-email-1242@example.com', '$argon2id$v=19$m=65536,t=3,p=4$fQ7fF7Zl6j7Q7fF7Zl6j7A$fQ7fF7Zl6j7Q7fF7Zl6j7A', now(), now(), now()) ON CONFLICT (id) DO NOTHING;
INSERT INTO profiles (id, first_name, last_name, phone, role) VALUES ('18d1aaa9-d3af-4acf-b8eb-23f218f086a1', 'ABBA', 'ISAH', '08031818011', 'guest') ON CONFLICT (id) DO NOTHING;
INSERT INTO auth.users (id, instance_id, aud, role, email, encrypted_password, email_confirmed_at, created_at, updated_at) VALUES ('aa719f4e-280f-4328-8b0f-bc0dd55b08de', '00000000-0000-0000-0000-000000000000', 'authenticated', 'authenticated', 'no-email-1244@example.com', '$argon2id$v=19$m=65536,t=3,p=4$fQ7fF7Zl6j7Q7fF7Zl6j7A$fQ7fF7Zl6j7Q7fF7Zl6j7A', now(), now(), now()) ON CONFLICT (id) DO NOTHING;
INSERT INTO profiles (id, first_name, last_name, phone, role) VALUES ('aa719f4e-280f-4328-8b0f-bc0dd55b08de', 'ABBA', 'ISAH', '08031818011', 'guest') ON CONFLICT (id) DO NOTHING;
INSERT INTO auth.users (id, instance_id, aud, role, email, encrypted_password, email_confirmed_at, created_at, updated_at) VALUES ('ac3f9907-87a4-4f76-9a1c-3751b561207e', '00000000-0000-0000-0000-000000000000', 'authenticated', 'authenticated', 'no-email-1246@example.com', '$argon2id$v=19$m=65536,t=3,p=4$fQ7fF7Zl6j7Q7fF7Zl6j7A$fQ7fF7Zl6j7Q7fF7Zl6j7A', now(), now(), now()) ON CONFLICT (id) DO NOTHING;
INSERT INTO profiles (id, first_name, last_name, phone, role) VALUES ('ac3f9907-87a4-4f76-9a1c-3751b561207e', 'ABBA', 'ISAH', '08031818011', 'guest') ON CONFLICT (id) DO NOTHING;
INSERT INTO auth.users (id, instance_id, aud, role, email, encrypted_password, email_confirmed_at, created_at, updated_at) VALUES ('08303b22-4eb0-4e7d-8beb-44b008c71dab', '00000000-0000-0000-0000-000000000000', 'authenticated', 'authenticated', 'no-email-1253@example.com', '$argon2id$v=19$m=65536,t=3,p=4$fQ7fF7Zl6j7Q7fF7Zl6j7A$fQ7fF7Zl6j7Q7fF7Zl6j7A', now(), now(), now()) ON CONFLICT (id) DO NOTHING;
INSERT INTO profiles (id, first_name, last_name, phone, role) VALUES ('08303b22-4eb0-4e7d-8beb-44b008c71dab', 'KENE', 'KENNETH', '', 'guest') ON CONFLICT (id) DO NOTHING;
INSERT INTO auth.users (id, instance_id, aud, role, email, encrypted_password, email_confirmed_at, created_at, updated_at) VALUES ('7f7e9b15-89f8-4da2-b1c4-348d4dd23ae3', '00000000-0000-0000-0000-000000000000', 'authenticated', 'authenticated', 'no-email-1256@example.com', '$argon2id$v=19$m=65536,t=3,p=4$fQ7fF7Zl6j7Q7fF7Zl6j7A$fQ7fF7Zl6j7Q7fF7Zl6j7A', now(), now(), now()) ON CONFLICT (id) DO NOTHING;
INSERT INTO profiles (id, first_name, last_name, phone, role) VALUES ('7f7e9b15-89f8-4da2-b1c4-348d4dd23ae3', 'ADANGOZI', 'CHUKWUYERE', '', 'guest') ON CONFLICT (id) DO NOTHING;
INSERT INTO auth.users (id, instance_id, aud, role, email, encrypted_password, email_confirmed_at, created_at, updated_at) VALUES ('4bcd4d55-3df1-4d42-9e05-3dfca93c0276', '00000000-0000-0000-0000-000000000000', 'authenticated', 'authenticated', 'sparklesapartments@gmail.com', '$argon2id$v=19$m=65536,t=3,p=4$fQ7fF7Zl6j7Q7fF7Zl6j7A$fQ7fF7Zl6j7Q7fF7Zl6j7A', now(), now(), now()) ON CONFLICT (id) DO NOTHING;
INSERT INTO profiles (id, first_name, last_name, phone, role) VALUES ('4bcd4d55-3df1-4d42-9e05-3dfca93c0276', 'ADANGOZI', 'CHUKWUYERE', '', 'guest') ON CONFLICT (id) DO NOTHING;
INSERT INTO auth.users (id, instance_id, aud, role, email, encrypted_password, email_confirmed_at, created_at, updated_at) VALUES ('8c31fecc-9166-4c11-93ff-0e66b0822d49', '00000000-0000-0000-0000-000000000000', 'authenticated', 'authenticated', 'paulsmith31225@gmail.com', '$argon2id$v=19$m=65536,t=3,p=4$fQ7fF7Zl6j7Q7fF7Zl6j7A$fQ7fF7Zl6j7Q7fF7Zl6j7A', now(), now(), now()) ON CONFLICT (id) DO NOTHING;
INSERT INTO profiles (id, first_name, last_name, phone, role) VALUES ('8c31fecc-9166-4c11-93ff-0e66b0822d49', 'OSAROBO', 'SMITH-OGIEMUDIA', '09022221042', 'guest') ON CONFLICT (id) DO NOTHING;
INSERT INTO auth.users (id, instance_id, aud, role, email, encrypted_password, email_confirmed_at, created_at, updated_at) VALUES ('295d732d-9e70-4913-b8c5-6d3f3d2e5934', '00000000-0000-0000-0000-000000000000', 'authenticated', 'authenticated', 'no-email-1342@example.com', '$argon2id$v=19$m=65536,t=3,p=4$fQ7fF7Zl6j7Q7fF7Zl6j7A$fQ7fF7Zl6j7Q7fF7Zl6j7A', now(), now(), now()) ON CONFLICT (id) DO NOTHING;
INSERT INTO profiles (id, first_name, last_name, phone, role) VALUES ('295d732d-9e70-4913-b8c5-6d3f3d2e5934', 'FGGC BWARI REUNION', 'Unknown', '', 'guest') ON CONFLICT (id) DO NOTHING;
INSERT INTO auth.users (id, instance_id, aud, role, email, encrypted_password, email_confirmed_at, created_at, updated_at) VALUES ('a58ce452-33ff-43da-82d6-2e610d3407ce', '00000000-0000-0000-0000-000000000000', 'authenticated', 'authenticated', 'no-email-1348@example.com', '$argon2id$v=19$m=65536,t=3,p=4$fQ7fF7Zl6j7Q7fF7Zl6j7A$fQ7fF7Zl6j7Q7fF7Zl6j7A', now(), now(), now()) ON CONFLICT (id) DO NOTHING;
INSERT INTO profiles (id, first_name, last_name, phone, role) VALUES ('a58ce452-33ff-43da-82d6-2e610d3407ce', 'JUSTIN', 'ANOZIE', '07049685767', 'guest') ON CONFLICT (id) DO NOTHING;
INSERT INTO auth.users (id, instance_id, aud, role, email, encrypted_password, email_confirmed_at, created_at, updated_at) VALUES ('deda71a4-96ff-410a-9e77-b2d01fd9f9fc', '00000000-0000-0000-0000-000000000000', 'authenticated', 'authenticated', 'inuesimichael@gmail.com', '$argon2id$v=19$m=65536,t=3,p=4$fQ7fF7Zl6j7Q7fF7Zl6j7A$fQ7fF7Zl6j7Q7fF7Zl6j7A', now(), now(), now()) ON CONFLICT (id) DO NOTHING;
INSERT INTO profiles (id, first_name, last_name, phone, role) VALUES ('deda71a4-96ff-410a-9e77-b2d01fd9f9fc', 'MICHAEL', 'EMMANUEL', '09154508489KEFFI', 'guest') ON CONFLICT (id) DO NOTHING;
INSERT INTO auth.users (id, instance_id, aud, role, email, encrypted_password, email_confirmed_at, created_at, updated_at) VALUES ('ffc2a502-ff7f-4a42-9384-d5ccdbeecb7d', '00000000-0000-0000-0000-000000000000', 'authenticated', 'authenticated', 'no-email-1357@example.com', '$argon2id$v=19$m=65536,t=3,p=4$fQ7fF7Zl6j7Q7fF7Zl6j7A$fQ7fF7Zl6j7Q7fF7Zl6j7A', now(), now(), now()) ON CONFLICT (id) DO NOTHING;
INSERT INTO profiles (id, first_name, last_name, phone, role) VALUES ('ffc2a502-ff7f-4a42-9384-d5ccdbeecb7d', 'EMMANUEL', 'UZOCHUKWU', '09025917325', 'guest') ON CONFLICT (id) DO NOTHING;
INSERT INTO auth.users (id, instance_id, aud, role, email, encrypted_password, email_confirmed_at, created_at, updated_at) VALUES ('bab48976-a5cc-48c1-9b11-fc633ec82037', '00000000-0000-0000-0000-000000000000', 'authenticated', 'authenticated', 'no-email-1365@example.com', '$argon2id$v=19$m=65536,t=3,p=4$fQ7fF7Zl6j7Q7fF7Zl6j7A$fQ7fF7Zl6j7Q7fF7Zl6j7A', now(), now(), now()) ON CONFLICT (id) DO NOTHING;
INSERT INTO profiles (id, first_name, last_name, phone, role) VALUES ('bab48976-a5cc-48c1-9b11-fc633ec82037', 'GLAMOUR', 'EBUKA', '09015706097', 'guest') ON CONFLICT (id) DO NOTHING;
INSERT INTO auth.users (id, instance_id, aud, role, email, encrypted_password, email_confirmed_at, created_at, updated_at) VALUES ('66215083-a1e4-4ffe-9583-27b7a2269747', '00000000-0000-0000-0000-000000000000', 'authenticated', 'authenticated', 'yokshakjennifer@gmail.com', '$argon2id$v=19$m=65536,t=3,p=4$fQ7fF7Zl6j7Q7fF7Zl6j7A$fQ7fF7Zl6j7Q7fF7Zl6j7A', now(), now(), now()) ON CONFLICT (id) DO NOTHING;
INSERT INTO profiles (id, first_name, last_name, phone, role) VALUES ('66215083-a1e4-4ffe-9583-27b7a2269747', 'YOKSHAK', 'NENPRITMWA', '08105586542', 'guest') ON CONFLICT (id) DO NOTHING;
INSERT INTO auth.users (id, instance_id, aud, role, email, encrypted_password, email_confirmed_at, created_at, updated_at) VALUES ('1600e213-afcb-4ca8-a795-52241ad71919', '00000000-0000-0000-0000-000000000000', 'authenticated', 'authenticated', 'no-email-1374@example.com', '$argon2id$v=19$m=65536,t=3,p=4$fQ7fF7Zl6j7Q7fF7Zl6j7A$fQ7fF7Zl6j7Q7fF7Zl6j7A', now(), now(), now()) ON CONFLICT (id) DO NOTHING;
INSERT INTO profiles (id, first_name, last_name, phone, role) VALUES ('1600e213-afcb-4ca8-a795-52241ad71919', 'MR', 'AZEEZ', '09019199612', 'guest') ON CONFLICT (id) DO NOTHING;
INSERT INTO auth.users (id, instance_id, aud, role, email, encrypted_password, email_confirmed_at, created_at, updated_at) VALUES ('5a656c33-9075-436a-924d-ff2ba3b0a097', '00000000-0000-0000-0000-000000000000', 'authenticated', 'authenticated', 'no-email-1379@example.com', '$argon2id$v=19$m=65536,t=3,p=4$fQ7fF7Zl6j7Q7fF7Zl6j7A$fQ7fF7Zl6j7Q7fF7Zl6j7A', now(), now(), now()) ON CONFLICT (id) DO NOTHING;
INSERT INTO profiles (id, first_name, last_name, phone, role) VALUES ('5a656c33-9075-436a-924d-ff2ba3b0a097', 'PRECIOUS', 'OFORDU', '', 'guest') ON CONFLICT (id) DO NOTHING;
INSERT INTO auth.users (id, instance_id, aud, role, email, encrypted_password, email_confirmed_at, created_at, updated_at) VALUES ('550569e4-eedd-4aea-83db-a3c874095ee5', '00000000-0000-0000-0000-000000000000', 'authenticated', 'authenticated', 'no-email-1382@example.com', '$argon2id$v=19$m=65536,t=3,p=4$fQ7fF7Zl6j7Q7fF7Zl6j7A$fQ7fF7Zl6j7Q7fF7Zl6j7A', now(), now(), now()) ON CONFLICT (id) DO NOTHING;
INSERT INTO profiles (id, first_name, last_name, phone, role) VALUES ('550569e4-eedd-4aea-83db-a3c874095ee5', 'ABUBAKA', 'YUSUF', '08171278657', 'guest') ON CONFLICT (id) DO NOTHING;
INSERT INTO auth.users (id, instance_id, aud, role, email, encrypted_password, email_confirmed_at, created_at, updated_at) VALUES ('f5ae907b-c940-49b6-bb98-f26d673c425d', '00000000-0000-0000-0000-000000000000', 'authenticated', 'authenticated', 'vanfrancis@gmail.com', '$argon2id$v=19$m=65536,t=3,p=4$fQ7fF7Zl6j7Q7fF7Zl6j7A$fQ7fF7Zl6j7Q7fF7Zl6j7A', now(), now(), now()) ON CONFLICT (id) DO NOTHING;
INSERT INTO profiles (id, first_name, last_name, phone, role) VALUES ('f5ae907b-c940-49b6-bb98-f26d673c425d', 'MR VANATIUS', 'FRANCIS', '08163356699', 'guest') ON CONFLICT (id) DO NOTHING;
INSERT INTO auth.users (id, instance_id, aud, role, email, encrypted_password, email_confirmed_at, created_at, updated_at) VALUES ('e7a29dd0-9699-4e96-acd2-59632281da4e', '00000000-0000-0000-0000-000000000000', 'authenticated', 'authenticated', 'no-email-1397@example.com', '$argon2id$v=19$m=65536,t=3,p=4$fQ7fF7Zl6j7Q7fF7Zl6j7A$fQ7fF7Zl6j7Q7fF7Zl6j7A', now(), now(), now()) ON CONFLICT (id) DO NOTHING;
INSERT INTO profiles (id, first_name, last_name, phone, role) VALUES ('e7a29dd0-9699-4e96-acd2-59632281da4e', 'CHUKWUEBUKA', 'NWOLISAH', '', 'guest') ON CONFLICT (id) DO NOTHING;
INSERT INTO auth.users (id, instance_id, aud, role, email, encrypted_password, email_confirmed_at, created_at, updated_at) VALUES ('3697f56a-d83d-48cf-aa6b-b6b6a3b3c8c3', '00000000-0000-0000-0000-000000000000', 'authenticated', 'authenticated', 'no-email-1401@example.com', '$argon2id$v=19$m=65536,t=3,p=4$fQ7fF7Zl6j7Q7fF7Zl6j7A$fQ7fF7Zl6j7Q7fF7Zl6j7A', now(), now(), now()) ON CONFLICT (id) DO NOTHING;
INSERT INTO profiles (id, first_name, last_name, phone, role) VALUES ('3697f56a-d83d-48cf-aa6b-b6b6a3b3c8c3', 'IBISO', 'ABIGAIL', '', 'guest') ON CONFLICT (id) DO NOTHING;
INSERT INTO auth.users (id, instance_id, aud, role, email, encrypted_password, email_confirmed_at, created_at, updated_at) VALUES ('9a7ca690-db1e-4f5d-a380-02df91b78595', '00000000-0000-0000-0000-000000000000', 'authenticated', 'authenticated', 'no-email-1404@example.com', '$argon2id$v=19$m=65536,t=3,p=4$fQ7fF7Zl6j7Q7fF7Zl6j7A$fQ7fF7Zl6j7Q7fF7Zl6j7A', now(), now(), now()) ON CONFLICT (id) DO NOTHING;
INSERT INTO profiles (id, first_name, last_name, phone, role) VALUES ('9a7ca690-db1e-4f5d-a380-02df91b78595', 'AYOMIDE', 'EMMANUEL', '', 'guest') ON CONFLICT (id) DO NOTHING;
INSERT INTO auth.users (id, instance_id, aud, role, email, encrypted_password, email_confirmed_at, created_at, updated_at) VALUES ('6b9a6546-cc9b-43b7-87ea-7f33a377acca', '00000000-0000-0000-0000-000000000000', 'authenticated', 'authenticated', 'charlesjames07059@gmail.com', '$argon2id$v=19$m=65536,t=3,p=4$fQ7fF7Zl6j7Q7fF7Zl6j7A$fQ7fF7Zl6j7Q7fF7Zl6j7A', now(), now(), now()) ON CONFLICT (id) DO NOTHING;
INSERT INTO profiles (id, first_name, last_name, phone, role) VALUES ('6b9a6546-cc9b-43b7-87ea-7f33a377acca', 'CHARLES', 'JAMES', '', 'guest') ON CONFLICT (id) DO NOTHING;
INSERT INTO auth.users (id, instance_id, aud, role, email, encrypted_password, email_confirmed_at, created_at, updated_at) VALUES ('ec7b6515-fbfb-4e10-8df9-5cb4430ee1b4', '00000000-0000-0000-0000-000000000000', 'authenticated', 'authenticated', 'no-email-1413@example.com', '$argon2id$v=19$m=65536,t=3,p=4$fQ7fF7Zl6j7Q7fF7Zl6j7A$fQ7fF7Zl6j7Q7fF7Zl6j7A', now(), now(), now()) ON CONFLICT (id) DO NOTHING;
INSERT INTO profiles (id, first_name, last_name, phone, role) VALUES ('ec7b6515-fbfb-4e10-8df9-5cb4430ee1b4', 'OLUWADAMILOLA', 'ATITEBI', '', 'guest') ON CONFLICT (id) DO NOTHING;
INSERT INTO auth.users (id, instance_id, aud, role, email, encrypted_password, email_confirmed_at, created_at, updated_at) VALUES ('c61a778e-d4c5-4314-92cf-eefea39194ab', '00000000-0000-0000-0000-000000000000', 'authenticated', 'authenticated', 'no-email-1420@example.com', '$argon2id$v=19$m=65536,t=3,p=4$fQ7fF7Zl6j7Q7fF7Zl6j7A$fQ7fF7Zl6j7Q7fF7Zl6j7A', now(), now(), now()) ON CONFLICT (id) DO NOTHING;
INSERT INTO profiles (id, first_name, last_name, phone, role) VALUES ('c61a778e-d4c5-4314-92cf-eefea39194ab', 'KINGSLEY', 'ONYEDIKA', '', 'guest') ON CONFLICT (id) DO NOTHING;
INSERT INTO auth.users (id, instance_id, aud, role, email, encrypted_password, email_confirmed_at, created_at, updated_at) VALUES ('60007b3b-60f2-4ea7-b7d8-698de384bfe1', '00000000-0000-0000-0000-000000000000', 'authenticated', 'authenticated', 'no-email-1429@example.com', '$argon2id$v=19$m=65536,t=3,p=4$fQ7fF7Zl6j7Q7fF7Zl6j7A$fQ7fF7Zl6j7Q7fF7Zl6j7A', now(), now(), now()) ON CONFLICT (id) DO NOTHING;
INSERT INTO profiles (id, first_name, last_name, phone, role) VALUES ('60007b3b-60f2-4ea7-b7d8-698de384bfe1', 'ADEKUNLE', 'ALLIOKE', '08125126039', 'guest') ON CONFLICT (id) DO NOTHING;
INSERT INTO auth.users (id, instance_id, aud, role, email, encrypted_password, email_confirmed_at, created_at, updated_at) VALUES ('eba6c7dd-f605-41b4-8527-9c07b0974ea3', '00000000-0000-0000-0000-000000000000', 'authenticated', 'authenticated', 'no-email-1435@example.com', '$argon2id$v=19$m=65536,t=3,p=4$fQ7fF7Zl6j7Q7fF7Zl6j7A$fQ7fF7Zl6j7Q7fF7Zl6j7A', now(), now(), now()) ON CONFLICT (id) DO NOTHING;
INSERT INTO profiles (id, first_name, last_name, phone, role) VALUES ('eba6c7dd-f605-41b4-8527-9c07b0974ea3', 'DR', 'OKAFOR', '', 'guest') ON CONFLICT (id) DO NOTHING;
INSERT INTO auth.users (id, instance_id, aud, role, email, encrypted_password, email_confirmed_at, created_at, updated_at) VALUES ('d2e811aa-eed6-44d7-b807-f18e906086ab', '00000000-0000-0000-0000-000000000000', 'authenticated', 'authenticated', 'no-email-1443@example.com', '$argon2id$v=19$m=65536,t=3,p=4$fQ7fF7Zl6j7Q7fF7Zl6j7A$fQ7fF7Zl6j7Q7fF7Zl6j7A', now(), now(), now()) ON CONFLICT (id) DO NOTHING;
INSERT INTO profiles (id, first_name, last_name, phone, role) VALUES ('d2e811aa-eed6-44d7-b807-f18e906086ab', 'DAVID', 'MOSADOLUWA', '', 'guest') ON CONFLICT (id) DO NOTHING;
INSERT INTO auth.users (id, instance_id, aud, role, email, encrypted_password, email_confirmed_at, created_at, updated_at) VALUES ('d4d5b9cd-663b-432b-9e38-7faff00b8a1f', '00000000-0000-0000-0000-000000000000', 'authenticated', 'authenticated', 'no-email-1451@example.com', '$argon2id$v=19$m=65536,t=3,p=4$fQ7fF7Zl6j7Q7fF7Zl6j7A$fQ7fF7Zl6j7Q7fF7Zl6j7A', now(), now(), now()) ON CONFLICT (id) DO NOTHING;
INSERT INTO profiles (id, first_name, last_name, phone, role) VALUES ('d4d5b9cd-663b-432b-9e38-7faff00b8a1f', 'MR CALEB PRINCE', 'OCHEJA', '', 'guest') ON CONFLICT (id) DO NOTHING;
INSERT INTO auth.users (id, instance_id, aud, role, email, encrypted_password, email_confirmed_at, created_at, updated_at) VALUES ('51b98c5b-8389-4e33-aa91-57ad12fbca1b', '00000000-0000-0000-0000-000000000000', 'authenticated', 'authenticated', 'ukponosampson@gmail.com', '$argon2id$v=19$m=65536,t=3,p=4$fQ7fF7Zl6j7Q7fF7Zl6j7A$fQ7fF7Zl6j7Q7fF7Zl6j7A', now(), now(), now()) ON CONFLICT (id) DO NOTHING;
INSERT INTO profiles (id, first_name, last_name, phone, role) VALUES ('51b98c5b-8389-4e33-aa91-57ad12fbca1b', 'MR UKPONO', 'SAMPSON', '07040150424', 'guest') ON CONFLICT (id) DO NOTHING;
INSERT INTO auth.users (id, instance_id, aud, role, email, encrypted_password, email_confirmed_at, created_at, updated_at) VALUES ('617b8e8a-f813-4f8e-8a48-91325b80b141', '00000000-0000-0000-0000-000000000000', 'authenticated', 'authenticated', 'no-email-1462@example.com', '$argon2id$v=19$m=65536,t=3,p=4$fQ7fF7Zl6j7Q7fF7Zl6j7A$fQ7fF7Zl6j7Q7fF7Zl6j7A', now(), now(), now()) ON CONFLICT (id) DO NOTHING;
INSERT INTO profiles (id, first_name, last_name, phone, role) VALUES ('617b8e8a-f813-4f8e-8a48-91325b80b141', 'Unknown', 'DAMMY', '', 'guest') ON CONFLICT (id) DO NOTHING;
INSERT INTO auth.users (id, instance_id, aud, role, email, encrypted_password, email_confirmed_at, created_at, updated_at) VALUES ('0f5f58a4-50d2-4f1b-8680-bb007858140b', '00000000-0000-0000-0000-000000000000', 'authenticated', 'authenticated', 'no-email-1467@example.com', '$argon2id$v=19$m=65536,t=3,p=4$fQ7fF7Zl6j7Q7fF7Zl6j7A$fQ7fF7Zl6j7Q7fF7Zl6j7A', now(), now(), now()) ON CONFLICT (id) DO NOTHING;
INSERT INTO profiles (id, first_name, last_name, phone, role) VALUES ('0f5f58a4-50d2-4f1b-8680-bb007858140b', 'JOANNA', 'AKANI', '', 'guest') ON CONFLICT (id) DO NOTHING;
INSERT INTO auth.users (id, instance_id, aud, role, email, encrypted_password, email_confirmed_at, created_at, updated_at) VALUES ('bfb472fb-91ae-4c0c-9c6a-6a44c37dc7b2', '00000000-0000-0000-0000-000000000000', 'authenticated', 'authenticated', 'no-email-1490@example.com', '$argon2id$v=19$m=65536,t=3,p=4$fQ7fF7Zl6j7Q7fF7Zl6j7A$fQ7fF7Zl6j7Q7fF7Zl6j7A', now(), now(), now()) ON CONFLICT (id) DO NOTHING;
INSERT INTO profiles (id, first_name, last_name, phone, role) VALUES ('bfb472fb-91ae-4c0c-9c6a-6a44c37dc7b2', 'DR. C OKAFOR', 'Unknown', '', 'guest') ON CONFLICT (id) DO NOTHING;
INSERT INTO auth.users (id, instance_id, aud, role, email, encrypted_password, email_confirmed_at, created_at, updated_at) VALUES ('cdcc150a-a407-4c28-ae9b-a09d1feeed70', '00000000-0000-0000-0000-000000000000', 'authenticated', 'authenticated', 'no-email-1516@example.com', '$argon2id$v=19$m=65536,t=3,p=4$fQ7fF7Zl6j7Q7fF7Zl6j7A$fQ7fF7Zl6j7Q7fF7Zl6j7A', now(), now(), now()) ON CONFLICT (id) DO NOTHING;
INSERT INTO profiles (id, first_name, last_name, phone, role) VALUES ('cdcc150a-a407-4c28-ae9b-a09d1feeed70', 'JOSEPHINE', 'OLAYE', '', 'guest') ON CONFLICT (id) DO NOTHING;
INSERT INTO auth.users (id, instance_id, aud, role, email, encrypted_password, email_confirmed_at, created_at, updated_at) VALUES ('2d5f2034-e6b6-40c2-83fb-75053af95b56', '00000000-0000-0000-0000-000000000000', 'authenticated', 'authenticated', 'no-email-1521@example.com', '$argon2id$v=19$m=65536,t=3,p=4$fQ7fF7Zl6j7Q7fF7Zl6j7A$fQ7fF7Zl6j7Q7fF7Zl6j7A', now(), now(), now()) ON CONFLICT (id) DO NOTHING;
INSERT INTO profiles (id, first_name, last_name, phone, role) VALUES ('2d5f2034-e6b6-40c2-83fb-75053af95b56', 'MR UMAR', 'ISAH', '09012184799', 'guest') ON CONFLICT (id) DO NOTHING;
INSERT INTO auth.users (id, instance_id, aud, role, email, encrypted_password, email_confirmed_at, created_at, updated_at) VALUES ('6be51a33-5362-4c5e-8175-c542b9c2e5c6', '00000000-0000-0000-0000-000000000000', 'authenticated', 'authenticated', 'tinyangkifasi@gmail.com', '$argon2id$v=19$m=65536,t=3,p=4$fQ7fF7Zl6j7Q7fF7Zl6j7A$fQ7fF7Zl6j7Q7fF7Zl6j7A', now(), now(), now()) ON CONFLICT (id) DO NOTHING;
INSERT INTO profiles (id, first_name, last_name, phone, role) VALUES ('6be51a33-5362-4c5e-8175-c542b9c2e5c6', 'Tinyang', 'Kifasi', '09033939416', 'guest') ON CONFLICT (id) DO NOTHING;
INSERT INTO auth.users (id, instance_id, aud, role, email, encrypted_password, email_confirmed_at, created_at, updated_at) VALUES ('888e3aed-19da-4476-88ae-1199215355c1', '00000000-0000-0000-0000-000000000000', 'authenticated', 'authenticated', 'attorneyshede@gmail.com', '$argon2id$v=19$m=65536,t=3,p=4$fQ7fF7Zl6j7Q7fF7Zl6j7A$fQ7fF7Zl6j7Q7fF7Zl6j7A', now(), now(), now()) ON CONFLICT (id) DO NOTHING;
INSERT INTO profiles (id, first_name, last_name, phone, role) VALUES ('888e3aed-19da-4476-88ae-1199215355c1', 'BAR SHEDRACK', 'DEMAKI', '08130972072', 'guest') ON CONFLICT (id) DO NOTHING;
INSERT INTO auth.users (id, instance_id, aud, role, email, encrypted_password, email_confirmed_at, created_at, updated_at) VALUES ('0c5477e7-0b25-4332-a9eb-e5c8f92e94df', '00000000-0000-0000-0000-000000000000', 'authenticated', 'authenticated', 'no-email-1534@example.com', '$argon2id$v=19$m=65536,t=3,p=4$fQ7fF7Zl6j7Q7fF7Zl6j7A$fQ7fF7Zl6j7Q7fF7Zl6j7A', now(), now(), now()) ON CONFLICT (id) DO NOTHING;
INSERT INTO profiles (id, first_name, last_name, phone, role) VALUES ('0c5477e7-0b25-4332-a9eb-e5c8f92e94df', 'FGGC BWARI REUNION', 'Unknown', '', 'guest') ON CONFLICT (id) DO NOTHING;
INSERT INTO auth.users (id, instance_id, aud, role, email, encrypted_password, email_confirmed_at, created_at, updated_at) VALUES ('bd4bdfe3-4394-4930-9416-efd71be15502', '00000000-0000-0000-0000-000000000000', 'authenticated', 'authenticated', 'no-email-1537@example.com', '$argon2id$v=19$m=65536,t=3,p=4$fQ7fF7Zl6j7Q7fF7Zl6j7A$fQ7fF7Zl6j7Q7fF7Zl6j7A', now(), now(), now()) ON CONFLICT (id) DO NOTHING;
INSERT INTO profiles (id, first_name, last_name, phone, role) VALUES ('bd4bdfe3-4394-4930-9416-efd71be15502', 'MRS', 'VICTORIA', '08055553201', 'guest') ON CONFLICT (id) DO NOTHING;
INSERT INTO auth.users (id, instance_id, aud, role, email, encrypted_password, email_confirmed_at, created_at, updated_at) VALUES ('1ad44299-ce83-4420-b23e-ddcd76487f2e', '00000000-0000-0000-0000-000000000000', 'authenticated', 'authenticated', 'no-email-1541@example.com', '$argon2id$v=19$m=65536,t=3,p=4$fQ7fF7Zl6j7Q7fF7Zl6j7A$fQ7fF7Zl6j7Q7fF7Zl6j7A', now(), now(), now()) ON CONFLICT (id) DO NOTHING;
INSERT INTO profiles (id, first_name, last_name, phone, role) VALUES ('1ad44299-ce83-4420-b23e-ddcd76487f2e', 'UNUA JOHNNOFIA', 'BLESSED MARSHAL', '', 'guest') ON CONFLICT (id) DO NOTHING;
INSERT INTO auth.users (id, instance_id, aud, role, email, encrypted_password, email_confirmed_at, created_at, updated_at) VALUES ('bf7429ed-8338-4fc4-a35a-d1720af50a2e', '00000000-0000-0000-0000-000000000000', 'authenticated', 'authenticated', 'icroxayinla@gmail.com', '$argon2id$v=19$m=65536,t=3,p=4$fQ7fF7Zl6j7Q7fF7Zl6j7A$fQ7fF7Zl6j7Q7fF7Zl6j7A', now(), now(), now()) ON CONFLICT (id) DO NOTHING;
INSERT INTO profiles (id, first_name, last_name, phone, role) VALUES ('bf7429ed-8338-4fc4-a35a-d1720af50a2e', 'MR', 'AKINTUNDE', '07085631939', 'guest') ON CONFLICT (id) DO NOTHING;
INSERT INTO auth.users (id, instance_id, aud, role, email, encrypted_password, email_confirmed_at, created_at, updated_at) VALUES ('bcfef5da-ddbd-46ae-a713-c19486589a48', '00000000-0000-0000-0000-000000000000', 'authenticated', 'authenticated', 'no-email-1547@example.com', '$argon2id$v=19$m=65536,t=3,p=4$fQ7fF7Zl6j7Q7fF7Zl6j7A$fQ7fF7Zl6j7Q7fF7Zl6j7A', now(), now(), now()) ON CONFLICT (id) DO NOTHING;
INSERT INTO profiles (id, first_name, last_name, phone, role) VALUES ('bcfef5da-ddbd-46ae-a713-c19486589a48', 'AFRISQUARE', 'ENTERTAINMENT', '', 'guest') ON CONFLICT (id) DO NOTHING;
INSERT INTO auth.users (id, instance_id, aud, role, email, encrypted_password, email_confirmed_at, created_at, updated_at) VALUES ('a3dca086-cd72-45a0-93a3-d0f7d8255ff4', '00000000-0000-0000-0000-000000000000', 'authenticated', 'authenticated', 'no-email-1551@example.com', '$argon2id$v=19$m=65536,t=3,p=4$fQ7fF7Zl6j7Q7fF7Zl6j7A$fQ7fF7Zl6j7Q7fF7Zl6j7A', now(), now(), now()) ON CONFLICT (id) DO NOTHING;
INSERT INTO profiles (id, first_name, last_name, phone, role) VALUES ('a3dca086-cd72-45a0-93a3-d0f7d8255ff4', 'BLESSED', 'MARSHAL', '', 'guest') ON CONFLICT (id) DO NOTHING;
INSERT INTO auth.users (id, instance_id, aud, role, email, encrypted_password, email_confirmed_at, created_at, updated_at) VALUES ('77a96bef-8c88-4981-83a2-50a5b66757d2', '00000000-0000-0000-0000-000000000000', 'authenticated', 'authenticated', 'no-email-1555@example.com', '$argon2id$v=19$m=65536,t=3,p=4$fQ7fF7Zl6j7Q7fF7Zl6j7A$fQ7fF7Zl6j7Q7fF7Zl6j7A', now(), now(), now()) ON CONFLICT (id) DO NOTHING;
INSERT INTO profiles (id, first_name, last_name, phone, role) VALUES ('77a96bef-8c88-4981-83a2-50a5b66757d2', 'CHIKOZIE', 'OHANS', '07037851911', 'guest') ON CONFLICT (id) DO NOTHING;
INSERT INTO auth.users (id, instance_id, aud, role, email, encrypted_password, email_confirmed_at, created_at, updated_at) VALUES ('faa8028c-eb28-44e8-8233-a7241d515aee', '00000000-0000-0000-0000-000000000000', 'authenticated', 'authenticated', 'no-email-1558@example.com', '$argon2id$v=19$m=65536,t=3,p=4$fQ7fF7Zl6j7Q7fF7Zl6j7A$fQ7fF7Zl6j7Q7fF7Zl6j7A', now(), now(), now()) ON CONFLICT (id) DO NOTHING;
INSERT INTO profiles (id, first_name, last_name, phone, role) VALUES ('faa8028c-eb28-44e8-8233-a7241d515aee', 'Thelma', 'Macdennis-Uchegbu', '', 'guest') ON CONFLICT (id) DO NOTHING;
INSERT INTO auth.users (id, instance_id, aud, role, email, encrypted_password, email_confirmed_at, created_at, updated_at) VALUES ('20a0aff2-596b-46ef-a1c4-25e56656b8b3', '00000000-0000-0000-0000-000000000000', 'authenticated', 'authenticated', 'no-email-1562@example.com', '$argon2id$v=19$m=65536,t=3,p=4$fQ7fF7Zl6j7Q7fF7Zl6j7A$fQ7fF7Zl6j7Q7fF7Zl6j7A', now(), now(), now()) ON CONFLICT (id) DO NOTHING;
INSERT INTO profiles (id, first_name, last_name, phone, role) VALUES ('20a0aff2-596b-46ef-a1c4-25e56656b8b3', 'Temitope', 'Olowoniyan', '', 'guest') ON CONFLICT (id) DO NOTHING;
INSERT INTO auth.users (id, instance_id, aud, role, email, encrypted_password, email_confirmed_at, created_at, updated_at) VALUES ('854ab53d-6476-4cc6-9923-f5c923a9d9e7', '00000000-0000-0000-0000-000000000000', 'authenticated', 'authenticated', 'no-email-1565@example.com', '$argon2id$v=19$m=65536,t=3,p=4$fQ7fF7Zl6j7Q7fF7Zl6j7A$fQ7fF7Zl6j7Q7fF7Zl6j7A', now(), now(), now()) ON CONFLICT (id) DO NOTHING;
INSERT INTO profiles (id, first_name, last_name, phone, role) VALUES ('854ab53d-6476-4cc6-9923-f5c923a9d9e7', 'ERIC', 'OKIM', '09130195288', 'guest') ON CONFLICT (id) DO NOTHING;
INSERT INTO auth.users (id, instance_id, aud, role, email, encrypted_password, email_confirmed_at, created_at, updated_at) VALUES ('61748f95-bf66-464f-a76a-39b682c0c4fa', '00000000-0000-0000-0000-000000000000', 'authenticated', 'authenticated', 'petermaali1998@gmail.com', '$argon2id$v=19$m=65536,t=3,p=4$fQ7fF7Zl6j7Q7fF7Zl6j7A$fQ7fF7Zl6j7Q7fF7Zl6j7A', now(), now(), now()) ON CONFLICT (id) DO NOTHING;
INSERT INTO profiles (id, first_name, last_name, phone, role) VALUES ('61748f95-bf66-464f-a76a-39b682c0c4fa', 'MAALI', 'OKOYE', '', 'guest') ON CONFLICT (id) DO NOTHING;
INSERT INTO auth.users (id, instance_id, aud, role, email, encrypted_password, email_confirmed_at, created_at, updated_at) VALUES ('a1595318-375f-4980-bba2-5e348a9d7ea6', '00000000-0000-0000-0000-000000000000', 'authenticated', 'authenticated', 'no-email-1576@example.com', '$argon2id$v=19$m=65536,t=3,p=4$fQ7fF7Zl6j7Q7fF7Zl6j7A$fQ7fF7Zl6j7Q7fF7Zl6j7A', now(), now(), now()) ON CONFLICT (id) DO NOTHING;
INSERT INTO profiles (id, first_name, last_name, phone, role) VALUES ('a1595318-375f-4980-bba2-5e348a9d7ea6', 'FAVOUR', 'ABU', '', 'guest') ON CONFLICT (id) DO NOTHING;
INSERT INTO auth.users (id, instance_id, aud, role, email, encrypted_password, email_confirmed_at, created_at, updated_at) VALUES ('81380a88-6492-401a-a020-90a891abb325', '00000000-0000-0000-0000-000000000000', 'authenticated', 'authenticated', 'yankieenexus@gmail.com', '$argon2id$v=19$m=65536,t=3,p=4$fQ7fF7Zl6j7Q7fF7Zl6j7A$fQ7fF7Zl6j7Q7fF7Zl6j7A', now(), now(), now()) ON CONFLICT (id) DO NOTHING;
INSERT INTO profiles (id, first_name, last_name, phone, role) VALUES ('81380a88-6492-401a-a020-90a891abb325', 'MR DANIEL', 'YANKIEE', '07042789615', 'guest') ON CONFLICT (id) DO NOTHING;
INSERT INTO auth.users (id, instance_id, aud, role, email, encrypted_password, email_confirmed_at, created_at, updated_at) VALUES ('e53b4d9f-7bf4-40a1-b455-79b86ad4051c', '00000000-0000-0000-0000-000000000000', 'authenticated', 'authenticated', 'ogonakoya@gmail.com', '$argon2id$v=19$m=65536,t=3,p=4$fQ7fF7Zl6j7Q7fF7Zl6j7A$fQ7fF7Zl6j7Q7fF7Zl6j7A', now(), now(), now()) ON CONFLICT (id) DO NOTHING;
INSERT INTO profiles (id, first_name, last_name, phone, role) VALUES ('e53b4d9f-7bf4-40a1-b455-79b86ad4051c', 'BAR', 'OMOGBOLAHAN', '08169691780', 'guest') ON CONFLICT (id) DO NOTHING;
INSERT INTO auth.users (id, instance_id, aud, role, email, encrypted_password, email_confirmed_at, created_at, updated_at) VALUES ('9a6db70b-bbdd-41fa-80f3-98489e797898', '00000000-0000-0000-0000-000000000000', 'authenticated', 'authenticated', 'no-email-1587@example.com', '$argon2id$v=19$m=65536,t=3,p=4$fQ7fF7Zl6j7Q7fF7Zl6j7A$fQ7fF7Zl6j7Q7fF7Zl6j7A', now(), now(), now()) ON CONFLICT (id) DO NOTHING;
INSERT INTO profiles (id, first_name, last_name, phone, role) VALUES ('9a6db70b-bbdd-41fa-80f3-98489e797898', 'Somto', 'Kingsley', '', 'guest') ON CONFLICT (id) DO NOTHING;
INSERT INTO auth.users (id, instance_id, aud, role, email, encrypted_password, email_confirmed_at, created_at, updated_at) VALUES ('be4bbb45-867e-41c8-b437-e1f43d7ba1d6', '00000000-0000-0000-0000-000000000000', 'authenticated', 'authenticated', 'no-email-1591@example.com', '$argon2id$v=19$m=65536,t=3,p=4$fQ7fF7Zl6j7Q7fF7Zl6j7A$fQ7fF7Zl6j7Q7fF7Zl6j7A', now(), now(), now()) ON CONFLICT (id) DO NOTHING;
INSERT INTO profiles (id, first_name, last_name, phone, role) VALUES ('be4bbb45-867e-41c8-b437-e1f43d7ba1d6', 'FAVOUR', 'ABU', '', 'guest') ON CONFLICT (id) DO NOTHING;
INSERT INTO auth.users (id, instance_id, aud, role, email, encrypted_password, email_confirmed_at, created_at, updated_at) VALUES ('21d5acc9-16d7-40a5-ba91-57823e13c3f8', '00000000-0000-0000-0000-000000000000', 'authenticated', 'authenticated', 'no-email-1593@example.com', '$argon2id$v=19$m=65536,t=3,p=4$fQ7fF7Zl6j7Q7fF7Zl6j7A$fQ7fF7Zl6j7Q7fF7Zl6j7A', now(), now(), now()) ON CONFLICT (id) DO NOTHING;
INSERT INTO profiles (id, first_name, last_name, phone, role) VALUES ('21d5acc9-16d7-40a5-ba91-57823e13c3f8', 'DANIEL', 'YANKIEE', '', 'guest') ON CONFLICT (id) DO NOTHING;
INSERT INTO auth.users (id, instance_id, aud, role, email, encrypted_password, email_confirmed_at, created_at, updated_at) VALUES ('9181b419-41cb-4903-b188-47f100bf6721', '00000000-0000-0000-0000-000000000000', 'authenticated', 'authenticated', 'no-email-1596@example.com', '$argon2id$v=19$m=65536,t=3,p=4$fQ7fF7Zl6j7Q7fF7Zl6j7A$fQ7fF7Zl6j7Q7fF7Zl6j7A', now(), now(), now()) ON CONFLICT (id) DO NOTHING;
INSERT INTO profiles (id, first_name, last_name, phone, role) VALUES ('9181b419-41cb-4903-b188-47f100bf6721', 'USMAN', 'BASHIR', '', 'guest') ON CONFLICT (id) DO NOTHING;
INSERT INTO auth.users (id, instance_id, aud, role, email, encrypted_password, email_confirmed_at, created_at, updated_at) VALUES ('63484cbd-d2e5-4d2c-86c7-6881561be2c0', '00000000-0000-0000-0000-000000000000', 'authenticated', 'authenticated', 'no-email-1601@example.com', '$argon2id$v=19$m=65536,t=3,p=4$fQ7fF7Zl6j7Q7fF7Zl6j7A$fQ7fF7Zl6j7Q7fF7Zl6j7A', now(), now(), now()) ON CONFLICT (id) DO NOTHING;
INSERT INTO profiles (id, first_name, last_name, phone, role) VALUES ('63484cbd-d2e5-4d2c-86c7-6881561be2c0', 'ELOR PRUDENT', 'OGHENERABOME', '', 'guest') ON CONFLICT (id) DO NOTHING;
INSERT INTO auth.users (id, instance_id, aud, role, email, encrypted_password, email_confirmed_at, created_at, updated_at) VALUES ('509d92d9-cd62-4c09-a0fc-86b35725dc92', '00000000-0000-0000-0000-000000000000', 'authenticated', 'authenticated', 'no-email-1607@example.com', '$argon2id$v=19$m=65536,t=3,p=4$fQ7fF7Zl6j7Q7fF7Zl6j7A$fQ7fF7Zl6j7Q7fF7Zl6j7A', now(), now(), now()) ON CONFLICT (id) DO NOTHING;
INSERT INTO profiles (id, first_name, last_name, phone, role) VALUES ('509d92d9-cd62-4c09-a0fc-86b35725dc92', 'CYNTHIA', 'ONAH', '', 'guest') ON CONFLICT (id) DO NOTHING;
INSERT INTO auth.users (id, instance_id, aud, role, email, encrypted_password, email_confirmed_at, created_at, updated_at) VALUES ('bae85528-f90c-4737-bd69-eebd9e22a0d7', '00000000-0000-0000-0000-000000000000', 'authenticated', 'authenticated', 'no-email-1610@example.com', '$argon2id$v=19$m=65536,t=3,p=4$fQ7fF7Zl6j7Q7fF7Zl6j7A$fQ7fF7Zl6j7Q7fF7Zl6j7A', now(), now(), now()) ON CONFLICT (id) DO NOTHING;
INSERT INTO profiles (id, first_name, last_name, phone, role) VALUES ('bae85528-f90c-4737-bd69-eebd9e22a0d7', 'OLISA GERALD', 'OMENYE', '', 'guest') ON CONFLICT (id) DO NOTHING;
INSERT INTO auth.users (id, instance_id, aud, role, email, encrypted_password, email_confirmed_at, created_at, updated_at) VALUES ('b6b59d78-e2c8-4577-92a3-5eeb2c1a20aa', '00000000-0000-0000-0000-000000000000', 'authenticated', 'authenticated', 'no-email-1616@example.com', '$argon2id$v=19$m=65536,t=3,p=4$fQ7fF7Zl6j7Q7fF7Zl6j7A$fQ7fF7Zl6j7Q7fF7Zl6j7A', now(), now(), now()) ON CONFLICT (id) DO NOTHING;
INSERT INTO profiles (id, first_name, last_name, phone, role) VALUES ('b6b59d78-e2c8-4577-92a3-5eeb2c1a20aa', 'MR', 'JACKSON', '08036811667', 'guest') ON CONFLICT (id) DO NOTHING;
INSERT INTO auth.users (id, instance_id, aud, role, email, encrypted_password, email_confirmed_at, created_at, updated_at) VALUES ('de48b803-4ad4-4dfe-83a8-ef5b449fb3e6', '00000000-0000-0000-0000-000000000000', 'authenticated', 'authenticated', 'no-email-1619@example.com', '$argon2id$v=19$m=65536,t=3,p=4$fQ7fF7Zl6j7Q7fF7Zl6j7A$fQ7fF7Zl6j7Q7fF7Zl6j7A', now(), now(), now()) ON CONFLICT (id) DO NOTHING;
INSERT INTO profiles (id, first_name, last_name, phone, role) VALUES ('de48b803-4ad4-4dfe-83a8-ef5b449fb3e6', 'BAR SHEDRACK', 'Unknown', '', 'guest') ON CONFLICT (id) DO NOTHING;
INSERT INTO auth.users (id, instance_id, aud, role, email, encrypted_password, email_confirmed_at, created_at, updated_at) VALUES ('170f3a4b-5591-4faa-ad81-5dcf34ca78e8', '00000000-0000-0000-0000-000000000000', 'authenticated', 'authenticated', 'udosalems@gmail.com', '$argon2id$v=19$m=65536,t=3,p=4$fQ7fF7Zl6j7Q7fF7Zl6j7A$fQ7fF7Zl6j7Q7fF7Zl6j7A', now(), now(), now()) ON CONFLICT (id) DO NOTHING;
INSERT INTO profiles (id, first_name, last_name, phone, role) VALUES ('170f3a4b-5591-4faa-ad81-5dcf34ca78e8', 'MR UDO', 'SALEM', '08185868895', 'guest') ON CONFLICT (id) DO NOTHING;
INSERT INTO auth.users (id, instance_id, aud, role, email, encrypted_password, email_confirmed_at, created_at, updated_at) VALUES ('5ebcc098-b6a0-4d73-8092-b0023316a98c', '00000000-0000-0000-0000-000000000000', 'authenticated', 'authenticated', 'ouwujipdavid@gmail.com', '$argon2id$v=19$m=65536,t=3,p=4$fQ7fF7Zl6j7Q7fF7Zl6j7A$fQ7fF7Zl6j7Q7fF7Zl6j7A', now(), now(), now()) ON CONFLICT (id) DO NOTHING;
INSERT INTO profiles (id, first_name, last_name, phone, role) VALUES ('5ebcc098-b6a0-4d73-8092-b0023316a98c', 'MR SAMUEL', 'SUCCESS', '', 'guest') ON CONFLICT (id) DO NOTHING;
INSERT INTO auth.users (id, instance_id, aud, role, email, encrypted_password, email_confirmed_at, created_at, updated_at) VALUES ('1b41e230-c148-4624-87cf-76881488178c', '00000000-0000-0000-0000-000000000000', 'authenticated', 'authenticated', 'no-email-1631@example.com', '$argon2id$v=19$m=65536,t=3,p=4$fQ7fF7Zl6j7Q7fF7Zl6j7A$fQ7fF7Zl6j7Q7fF7Zl6j7A', now(), now(), now()) ON CONFLICT (id) DO NOTHING;
INSERT INTO profiles (id, first_name, last_name, phone, role) VALUES ('1b41e230-c148-4624-87cf-76881488178c', 'MR SAMUEL', 'SUCCESS', '', 'guest') ON CONFLICT (id) DO NOTHING;
INSERT INTO auth.users (id, instance_id, aud, role, email, encrypted_password, email_confirmed_at, created_at, updated_at) VALUES ('7c3fea72-4e96-4a33-82dd-86a9c3c8cbf3', '00000000-0000-0000-0000-000000000000', 'authenticated', 'authenticated', 'no-email-1640@example.com', '$argon2id$v=19$m=65536,t=3,p=4$fQ7fF7Zl6j7Q7fF7Zl6j7A$fQ7fF7Zl6j7Q7fF7Zl6j7A', now(), now(), now()) ON CONFLICT (id) DO NOTHING;
INSERT INTO profiles (id, first_name, last_name, phone, role) VALUES ('7c3fea72-4e96-4a33-82dd-86a9c3c8cbf3', 'MR EFFIOM', 'ENE', '', 'guest') ON CONFLICT (id) DO NOTHING;
INSERT INTO auth.users (id, instance_id, aud, role, email, encrypted_password, email_confirmed_at, created_at, updated_at) VALUES ('1d5f8b28-9c59-4540-ba38-95483992c827', '00000000-0000-0000-0000-000000000000', 'authenticated', 'authenticated', 'no-email-1648@example.com', '$argon2id$v=19$m=65536,t=3,p=4$fQ7fF7Zl6j7Q7fF7Zl6j7A$fQ7fF7Zl6j7Q7fF7Zl6j7A', now(), now(), now()) ON CONFLICT (id) DO NOTHING;
INSERT INTO profiles (id, first_name, last_name, phone, role) VALUES ('1d5f8b28-9c59-4540-ba38-95483992c827', 'HELEN', 'Unknown', '', 'guest') ON CONFLICT (id) DO NOTHING;
INSERT INTO auth.users (id, instance_id, aud, role, email, encrypted_password, email_confirmed_at, created_at, updated_at) VALUES ('715964b9-0439-4695-abf1-cb2af200600c', '00000000-0000-0000-0000-000000000000', 'authenticated', 'authenticated', 'no-email-1650@example.com', '$argon2id$v=19$m=65536,t=3,p=4$fQ7fF7Zl6j7Q7fF7Zl6j7A$fQ7fF7Zl6j7Q7fF7Zl6j7A', now(), now(), now()) ON CONFLICT (id) DO NOTHING;
INSERT INTO profiles (id, first_name, last_name, phone, role) VALUES ('715964b9-0439-4695-abf1-cb2af200600c', 'IBRAHIM', 'ZAGGA', '08122223313', 'guest') ON CONFLICT (id) DO NOTHING;
INSERT INTO auth.users (id, instance_id, aud, role, email, encrypted_password, email_confirmed_at, created_at, updated_at) VALUES ('068ddebe-e579-416e-97a2-34b9039ddf74', '00000000-0000-0000-0000-000000000000', 'authenticated', 'authenticated', 'no-email-1657@example.com', '$argon2id$v=19$m=65536,t=3,p=4$fQ7fF7Zl6j7Q7fF7Zl6j7A$fQ7fF7Zl6j7Q7fF7Zl6j7A', now(), now(), now()) ON CONFLICT (id) DO NOTHING;
INSERT INTO profiles (id, first_name, last_name, phone, role) VALUES ('068ddebe-e579-416e-97a2-34b9039ddf74', 'USMAN', 'BASHIR', '', 'guest') ON CONFLICT (id) DO NOTHING;
INSERT INTO auth.users (id, instance_id, aud, role, email, encrypted_password, email_confirmed_at, created_at, updated_at) VALUES ('9539f161-8de1-4077-b249-592fa613552b', '00000000-0000-0000-0000-000000000000', 'authenticated', 'authenticated', 'no-email-1663@example.com', '$argon2id$v=19$m=65536,t=3,p=4$fQ7fF7Zl6j7Q7fF7Zl6j7A$fQ7fF7Zl6j7Q7fF7Zl6j7A', now(), now(), now()) ON CONFLICT (id) DO NOTHING;
INSERT INTO profiles (id, first_name, last_name, phone, role) VALUES ('9539f161-8de1-4077-b249-592fa613552b', 'Somto', 'Kingsley', '', 'guest') ON CONFLICT (id) DO NOTHING;
INSERT INTO auth.users (id, instance_id, aud, role, email, encrypted_password, email_confirmed_at, created_at, updated_at) VALUES ('7089094d-3d75-4877-92ca-2473fbc16921', '00000000-0000-0000-0000-000000000000', 'authenticated', 'authenticated', 'no-email-1669@example.com', '$argon2id$v=19$m=65536,t=3,p=4$fQ7fF7Zl6j7Q7fF7Zl6j7A$fQ7fF7Zl6j7Q7fF7Zl6j7A', now(), now(), now()) ON CONFLICT (id) DO NOTHING;
INSERT INTO profiles (id, first_name, last_name, phone, role) VALUES ('7089094d-3d75-4877-92ca-2473fbc16921', 'ABBA', 'ISAH', '', 'guest') ON CONFLICT (id) DO NOTHING;
INSERT INTO auth.users (id, instance_id, aud, role, email, encrypted_password, email_confirmed_at, created_at, updated_at) VALUES ('2c3a41b7-6497-4f5f-8365-4eb9eb936537', '00000000-0000-0000-0000-000000000000', 'authenticated', 'authenticated', 'no-email-1676@example.com', '$argon2id$v=19$m=65536,t=3,p=4$fQ7fF7Zl6j7Q7fF7Zl6j7A$fQ7fF7Zl6j7Q7fF7Zl6j7A', now(), now(), now()) ON CONFLICT (id) DO NOTHING;
INSERT INTO profiles (id, first_name, last_name, phone, role) VALUES ('2c3a41b7-6497-4f5f-8365-4eb9eb936537', 'NLEBEDIM VANATIUS', 'UDUBUISI', '', 'guest') ON CONFLICT (id) DO NOTHING;
INSERT INTO auth.users (id, instance_id, aud, role, email, encrypted_password, email_confirmed_at, created_at, updated_at) VALUES ('57929b60-24f9-4c99-82fc-89b2c3b837ce', '00000000-0000-0000-0000-000000000000', 'authenticated', 'authenticated', 'no-email-1680@example.com', '$argon2id$v=19$m=65536,t=3,p=4$fQ7fF7Zl6j7Q7fF7Zl6j7A$fQ7fF7Zl6j7Q7fF7Zl6j7A', now(), now(), now()) ON CONFLICT (id) DO NOTHING;
INSERT INTO profiles (id, first_name, last_name, phone, role) VALUES ('57929b60-24f9-4c99-82fc-89b2c3b837ce', 'DR. OKAFOR', 'Unknown', '', 'guest') ON CONFLICT (id) DO NOTHING;
INSERT INTO auth.users (id, instance_id, aud, role, email, encrypted_password, email_confirmed_at, created_at, updated_at) VALUES ('d24d4dfd-0cb9-4205-ba01-5373dc691444', '00000000-0000-0000-0000-000000000000', 'authenticated', 'authenticated', 'no-email-1686@example.com', '$argon2id$v=19$m=65536,t=3,p=4$fQ7fF7Zl6j7Q7fF7Zl6j7A$fQ7fF7Zl6j7Q7fF7Zl6j7A', now(), now(), now()) ON CONFLICT (id) DO NOTHING;
INSERT INTO profiles (id, first_name, last_name, phone, role) VALUES ('d24d4dfd-0cb9-4205-ba01-5373dc691444', 'MR', 'ADAMU', '', 'guest') ON CONFLICT (id) DO NOTHING;
INSERT INTO auth.users (id, instance_id, aud, role, email, encrypted_password, email_confirmed_at, created_at, updated_at) VALUES ('687ee131-df7a-44b7-aa0d-bed3f8261e1f', '00000000-0000-0000-0000-000000000000', 'authenticated', 'authenticated', 'no-email-1692@example.com', '$argon2id$v=19$m=65536,t=3,p=4$fQ7fF7Zl6j7Q7fF7Zl6j7A$fQ7fF7Zl6j7Q7fF7Zl6j7A', now(), now(), now()) ON CONFLICT (id) DO NOTHING;
INSERT INTO profiles (id, first_name, last_name, phone, role) VALUES ('687ee131-df7a-44b7-aa0d-bed3f8261e1f', 'MR PATRICK', 'NDUOMA', '', 'guest') ON CONFLICT (id) DO NOTHING;
INSERT INTO auth.users (id, instance_id, aud, role, email, encrypted_password, email_confirmed_at, created_at, updated_at) VALUES ('7c2ca273-df47-4c7a-9166-a37552a4f67f', '00000000-0000-0000-0000-000000000000', 'authenticated', 'authenticated', 'fuzheik@gmail.com', '$argon2id$v=19$m=65536,t=3,p=4$fQ7fF7Zl6j7Q7fF7Zl6j7A$fQ7fF7Zl6j7Q7fF7Zl6j7A', now(), now(), now()) ON CONFLICT (id) DO NOTHING;
INSERT INTO profiles (id, first_name, last_name, phone, role) VALUES ('7c2ca273-df47-4c7a-9166-a37552a4f67f', 'Alexanda', 'Manasseh Mallam', '08029835508', 'guest') ON CONFLICT (id) DO NOTHING;
INSERT INTO auth.users (id, instance_id, aud, role, email, encrypted_password, email_confirmed_at, created_at, updated_at) VALUES ('5d2681f1-a804-4988-8bc6-41bf3e9ccc29', '00000000-0000-0000-0000-000000000000', 'authenticated', 'authenticated', 'no-email-1712@example.com', '$argon2id$v=19$m=65536,t=3,p=4$fQ7fF7Zl6j7Q7fF7Zl6j7A$fQ7fF7Zl6j7Q7fF7Zl6j7A', now(), now(), now()) ON CONFLICT (id) DO NOTHING;
INSERT INTO profiles (id, first_name, last_name, phone, role) VALUES ('5d2681f1-a804-4988-8bc6-41bf3e9ccc29', 'SEUN', 'OLANRENWAJU', '', 'guest') ON CONFLICT (id) DO NOTHING;
INSERT INTO auth.users (id, instance_id, aud, role, email, encrypted_password, email_confirmed_at, created_at, updated_at) VALUES ('f49be7f2-eca0-4c9e-af64-b8817b6acf8f', '00000000-0000-0000-0000-000000000000', 'authenticated', 'authenticated', 'no-email-1721@example.com', '$argon2id$v=19$m=65536,t=3,p=4$fQ7fF7Zl6j7Q7fF7Zl6j7A$fQ7fF7Zl6j7Q7fF7Zl6j7A', now(), now(), now()) ON CONFLICT (id) DO NOTHING;
INSERT INTO profiles (id, first_name, last_name, phone, role) VALUES ('f49be7f2-eca0-4c9e-af64-b8817b6acf8f', 'YUSUF', 'DAUDA', '', 'guest') ON CONFLICT (id) DO NOTHING;
INSERT INTO auth.users (id, instance_id, aud, role, email, encrypted_password, email_confirmed_at, created_at, updated_at) VALUES ('e34427cc-ae92-4887-9659-f76c8132c891', '00000000-0000-0000-0000-000000000000', 'authenticated', 'authenticated', 'no-email-1724@example.com', '$argon2id$v=19$m=65536,t=3,p=4$fQ7fF7Zl6j7Q7fF7Zl6j7A$fQ7fF7Zl6j7Q7fF7Zl6j7A', now(), now(), now()) ON CONFLICT (id) DO NOTHING;
INSERT INTO profiles (id, first_name, last_name, phone, role) VALUES ('e34427cc-ae92-4887-9659-f76c8132c891', 'Sylvester', 'Okoye', '', 'guest') ON CONFLICT (id) DO NOTHING;
INSERT INTO auth.users (id, instance_id, aud, role, email, encrypted_password, email_confirmed_at, created_at, updated_at) VALUES ('c9ce06ac-ac8d-44d2-89c4-fd29f1600390', '00000000-0000-0000-0000-000000000000', 'authenticated', 'authenticated', 'no-email-1727@example.com', '$argon2id$v=19$m=65536,t=3,p=4$fQ7fF7Zl6j7Q7fF7Zl6j7A$fQ7fF7Zl6j7Q7fF7Zl6j7A', now(), now(), now()) ON CONFLICT (id) DO NOTHING;
INSERT INTO profiles (id, first_name, last_name, phone, role) VALUES ('c9ce06ac-ac8d-44d2-89c4-fd29f1600390', 'MR FEMI', 'ALFRED', '08036693309', 'guest') ON CONFLICT (id) DO NOTHING;
INSERT INTO auth.users (id, instance_id, aud, role, email, encrypted_password, email_confirmed_at, created_at, updated_at) VALUES ('018ea880-eb59-4e33-aac8-5277978903ab', '00000000-0000-0000-0000-000000000000', 'authenticated', 'authenticated', 'no-email-1730@example.com', '$argon2id$v=19$m=65536,t=3,p=4$fQ7fF7Zl6j7Q7fF7Zl6j7A$fQ7fF7Zl6j7Q7fF7Zl6j7A', now(), now(), now()) ON CONFLICT (id) DO NOTHING;
INSERT INTO profiles (id, first_name, last_name, phone, role) VALUES ('018ea880-eb59-4e33-aac8-5277978903ab', 'MR', 'CHARLES', '07068403828', 'guest') ON CONFLICT (id) DO NOTHING;
INSERT INTO auth.users (id, instance_id, aud, role, email, encrypted_password, email_confirmed_at, created_at, updated_at) VALUES ('00613f5e-4783-48c3-90d3-5a4bef2b8cf1', '00000000-0000-0000-0000-000000000000', 'authenticated', 'authenticated', 'drchristos5689@gmail.com', '$argon2id$v=19$m=65536,t=3,p=4$fQ7fF7Zl6j7Q7fF7Zl6j7A$fQ7fF7Zl6j7Q7fF7Zl6j7A', now(), now(), now()) ON CONFLICT (id) DO NOTHING;
INSERT INTO profiles (id, first_name, last_name, phone, role) VALUES ('00613f5e-4783-48c3-90d3-5a4bef2b8cf1', 'MR', 'CHRISTOS', '08085057078', 'guest') ON CONFLICT (id) DO NOTHING;
INSERT INTO auth.users (id, instance_id, aud, role, email, encrypted_password, email_confirmed_at, created_at, updated_at) VALUES ('f972fe50-4e8b-497e-961e-ca08d764e80d', '00000000-0000-0000-0000-000000000000', 'authenticated', 'authenticated', 'danjumamohammed835@gmail.com', '$argon2id$v=19$m=65536,t=3,p=4$fQ7fF7Zl6j7Q7fF7Zl6j7A$fQ7fF7Zl6j7Q7fF7Zl6j7A', now(), now(), now()) ON CONFLICT (id) DO NOTHING;
INSERT INTO profiles (id, first_name, last_name, phone, role) VALUES ('f972fe50-4e8b-497e-961e-ca08d764e80d', 'MR', 'MOHAMMED', '08132721726', 'guest') ON CONFLICT (id) DO NOTHING;
INSERT INTO auth.users (id, instance_id, aud, role, email, encrypted_password, email_confirmed_at, created_at, updated_at) VALUES ('d2ae1af4-977d-4e99-9a4b-39a10b1702d9', '00000000-0000-0000-0000-000000000000', 'authenticated', 'authenticated', 'no-email-1752@example.com', '$argon2id$v=19$m=65536,t=3,p=4$fQ7fF7Zl6j7Q7fF7Zl6j7A$fQ7fF7Zl6j7Q7fF7Zl6j7A', now(), now(), now()) ON CONFLICT (id) DO NOTHING;
INSERT INTO profiles (id, first_name, last_name, phone, role) VALUES ('d2ae1af4-977d-4e99-9a4b-39a10b1702d9', 'JOSEPH VICTOR', 'NANNIM', '09124459507', 'guest') ON CONFLICT (id) DO NOTHING;
INSERT INTO auth.users (id, instance_id, aud, role, email, encrypted_password, email_confirmed_at, created_at, updated_at) VALUES ('0a54f484-f85a-45c7-9e67-c33068d22e84', '00000000-0000-0000-0000-000000000000', 'authenticated', 'authenticated', 'llinus689@gmail.com', '$argon2id$v=19$m=65536,t=3,p=4$fQ7fF7Zl6j7Q7fF7Zl6j7A$fQ7fF7Zl6j7Q7fF7Zl6j7A', now(), now(), now()) ON CONFLICT (id) DO NOTHING;
INSERT INTO profiles (id, first_name, last_name, phone, role) VALUES ('0a54f484-f85a-45c7-9e67-c33068d22e84', 'LUCKY', 'ELADONYE', '09023724284', 'guest') ON CONFLICT (id) DO NOTHING;
INSERT INTO auth.users (id, instance_id, aud, role, email, encrypted_password, email_confirmed_at, created_at, updated_at) VALUES ('1b18f4f3-2617-49f8-b847-3230bff12071', '00000000-0000-0000-0000-000000000000', 'authenticated', 'authenticated', 'no-email-1764@example.com', '$argon2id$v=19$m=65536,t=3,p=4$fQ7fF7Zl6j7Q7fF7Zl6j7A$fQ7fF7Zl6j7Q7fF7Zl6j7A', now(), now(), now()) ON CONFLICT (id) DO NOTHING;
INSERT INTO profiles (id, first_name, last_name, phone, role) VALUES ('1b18f4f3-2617-49f8-b847-3230bff12071', 'Prayer Dept Fort Church', 'Unknown', '', 'guest') ON CONFLICT (id) DO NOTHING;
INSERT INTO auth.users (id, instance_id, aud, role, email, encrypted_password, email_confirmed_at, created_at, updated_at) VALUES ('e410f4fa-bd64-40dc-a5c8-9aab38347882', '00000000-0000-0000-0000-000000000000', 'authenticated', 'authenticated', 'no-email-1767@example.com', '$argon2id$v=19$m=65536,t=3,p=4$fQ7fF7Zl6j7Q7fF7Zl6j7A$fQ7fF7Zl6j7Q7fF7Zl6j7A', now(), now(), now()) ON CONFLICT (id) DO NOTHING;
INSERT INTO profiles (id, first_name, last_name, phone, role) VALUES ('e410f4fa-bd64-40dc-a5c8-9aab38347882', 'VENTURES PARK', 'Unknown', '', 'guest') ON CONFLICT (id) DO NOTHING;
INSERT INTO auth.users (id, instance_id, aud, role, email, encrypted_password, email_confirmed_at, created_at, updated_at) VALUES ('d9039265-3ac4-4a10-b2a1-b2a0f3b4c0f5', '00000000-0000-0000-0000-000000000000', 'authenticated', 'authenticated', 'no-email-1771@example.com', '$argon2id$v=19$m=65536,t=3,p=4$fQ7fF7Zl6j7Q7fF7Zl6j7A$fQ7fF7Zl6j7Q7fF7Zl6j7A', now(), now(), now()) ON CONFLICT (id) DO NOTHING;
INSERT INTO profiles (id, first_name, last_name, phone, role) VALUES ('d9039265-3ac4-4a10-b2a1-b2a0f3b4c0f5', 'MRS NWACHUKWU', 'Unknown', '', 'guest') ON CONFLICT (id) DO NOTHING;
INSERT INTO auth.users (id, instance_id, aud, role, email, encrypted_password, email_confirmed_at, created_at, updated_at) VALUES ('e9d02674-73f4-4534-bc0c-6e3b690530de', '00000000-0000-0000-0000-000000000000', 'authenticated', 'authenticated', 'no-email-1777@example.com', '$argon2id$v=19$m=65536,t=3,p=4$fQ7fF7Zl6j7Q7fF7Zl6j7A$fQ7fF7Zl6j7Q7fF7Zl6j7A', now(), now(), now()) ON CONFLICT (id) DO NOTHING;
INSERT INTO profiles (id, first_name, last_name, phone, role) VALUES ('e9d02674-73f4-4534-bc0c-6e3b690530de', 'ROYZ OGHENERO', 'GABRIEL', '08067648021', 'guest') ON CONFLICT (id) DO NOTHING;
INSERT INTO auth.users (id, instance_id, aud, role, email, encrypted_password, email_confirmed_at, created_at, updated_at) VALUES ('8f230c4f-92a8-44c3-9b56-0160ce949b57', '00000000-0000-0000-0000-000000000000', 'authenticated', 'authenticated', 'no-email-1780@example.com', '$argon2id$v=19$m=65536,t=3,p=4$fQ7fF7Zl6j7Q7fF7Zl6j7A$fQ7fF7Zl6j7Q7fF7Zl6j7A', now(), now(), now()) ON CONFLICT (id) DO NOTHING;
INSERT INTO profiles (id, first_name, last_name, phone, role) VALUES ('8f230c4f-92a8-44c3-9b56-0160ce949b57', 'ROYZ OGHENERO', 'GABRIEL', '08067648021', 'guest') ON CONFLICT (id) DO NOTHING;
INSERT INTO auth.users (id, instance_id, aud, role, email, encrypted_password, email_confirmed_at, created_at, updated_at) VALUES ('c5fec292-dafe-4db7-ba03-aa7b7e2eb2ca', '00000000-0000-0000-0000-000000000000', 'authenticated', 'authenticated', 'no-email-1791@example.com', '$argon2id$v=19$m=65536,t=3,p=4$fQ7fF7Zl6j7Q7fF7Zl6j7A$fQ7fF7Zl6j7Q7fF7Zl6j7A', now(), now(), now()) ON CONFLICT (id) DO NOTHING;
INSERT INTO profiles (id, first_name, last_name, phone, role) VALUES ('c5fec292-dafe-4db7-ba03-aa7b7e2eb2ca', 'CHIKEZIE', 'OHANAZOEZE', '', 'guest') ON CONFLICT (id) DO NOTHING;
INSERT INTO auth.users (id, instance_id, aud, role, email, encrypted_password, email_confirmed_at, created_at, updated_at) VALUES ('ad694253-f8c0-45a3-b6e2-e16dbdc0ff2f', '00000000-0000-0000-0000-000000000000', 'authenticated', 'authenticated', 'no-email-1801@example.com', '$argon2id$v=19$m=65536,t=3,p=4$fQ7fF7Zl6j7Q7fF7Zl6j7A$fQ7fF7Zl6j7Q7fF7Zl6j7A', now(), now(), now()) ON CONFLICT (id) DO NOTHING;
INSERT INTO profiles (id, first_name, last_name, phone, role) VALUES ('ad694253-f8c0-45a3-b6e2-e16dbdc0ff2f', 'MRS', 'COMFORT', '', 'guest') ON CONFLICT (id) DO NOTHING;
INSERT INTO auth.users (id, instance_id, aud, role, email, encrypted_password, email_confirmed_at, created_at, updated_at) VALUES ('4c95a518-ba7b-4704-a036-f1148b864c53', '00000000-0000-0000-0000-000000000000', 'authenticated', 'authenticated', 'no-email-1804@example.com', '$argon2id$v=19$m=65536,t=3,p=4$fQ7fF7Zl6j7Q7fF7Zl6j7A$fQ7fF7Zl6j7Q7fF7Zl6j7A', now(), now(), now()) ON CONFLICT (id) DO NOTHING;
INSERT INTO profiles (id, first_name, last_name, phone, role) VALUES ('4c95a518-ba7b-4704-a036-f1148b864c53', 'CALEB', 'OKO', '', 'guest') ON CONFLICT (id) DO NOTHING;
INSERT INTO auth.users (id, instance_id, aud, role, email, encrypted_password, email_confirmed_at, created_at, updated_at) VALUES ('31f636d9-a3a4-451b-8e2c-0fba48d58208', '00000000-0000-0000-0000-000000000000', 'authenticated', 'authenticated', 'no-email-1818@example.com', '$argon2id$v=19$m=65536,t=3,p=4$fQ7fF7Zl6j7Q7fF7Zl6j7A$fQ7fF7Zl6j7Q7fF7Zl6j7A', now(), now(), now()) ON CONFLICT (id) DO NOTHING;
INSERT INTO profiles (id, first_name, last_name, phone, role) VALUES ('31f636d9-a3a4-451b-8e2c-0fba48d58208', 'MRS', 'COMFORT', '', 'guest') ON CONFLICT (id) DO NOTHING;
INSERT INTO auth.users (id, instance_id, aud, role, email, encrypted_password, email_confirmed_at, created_at, updated_at) VALUES ('3c8cb061-0bd4-439b-828d-08ba4a4ee1f6', '00000000-0000-0000-0000-000000000000', 'authenticated', 'authenticated', 'no-email-1821@example.com', '$argon2id$v=19$m=65536,t=3,p=4$fQ7fF7Zl6j7Q7fF7Zl6j7A$fQ7fF7Zl6j7Q7fF7Zl6j7A', now(), now(), now()) ON CONFLICT (id) DO NOTHING;
INSERT INTO profiles (id, first_name, last_name, phone, role) VALUES ('3c8cb061-0bd4-439b-828d-08ba4a4ee1f6', 'DR', 'OKAFOR', '', 'guest') ON CONFLICT (id) DO NOTHING;
INSERT INTO auth.users (id, instance_id, aud, role, email, encrypted_password, email_confirmed_at, created_at, updated_at) VALUES ('1ddd750a-2496-46e3-b273-0278f09494a4', '00000000-0000-0000-0000-000000000000', 'authenticated', 'authenticated', 'no-email-1824@example.com', '$argon2id$v=19$m=65536,t=3,p=4$fQ7fF7Zl6j7Q7fF7Zl6j7A$fQ7fF7Zl6j7Q7fF7Zl6j7A', now(), now(), now()) ON CONFLICT (id) DO NOTHING;
INSERT INTO profiles (id, first_name, last_name, phone, role) VALUES ('1ddd750a-2496-46e3-b273-0278f09494a4', 'DR', 'OKAFOR', '', 'guest') ON CONFLICT (id) DO NOTHING;
INSERT INTO auth.users (id, instance_id, aud, role, email, encrypted_password, email_confirmed_at, created_at, updated_at) VALUES ('00a6b4e7-e118-496e-b99e-b7a68289255d', '00000000-0000-0000-0000-000000000000', 'authenticated', 'authenticated', 'no-email-1828@example.com', '$argon2id$v=19$m=65536,t=3,p=4$fQ7fF7Zl6j7Q7fF7Zl6j7A$fQ7fF7Zl6j7Q7fF7Zl6j7A', now(), now(), now()) ON CONFLICT (id) DO NOTHING;
INSERT INTO profiles (id, first_name, last_name, phone, role) VALUES ('00a6b4e7-e118-496e-b99e-b7a68289255d', 'REKE AND', 'FRIENDS', '', 'guest') ON CONFLICT (id) DO NOTHING;
INSERT INTO auth.users (id, instance_id, aud, role, email, encrypted_password, email_confirmed_at, created_at, updated_at) VALUES ('1fc3aca4-161a-4ceb-a68a-43d7854b09fd', '00000000-0000-0000-0000-000000000000', 'authenticated', 'authenticated', 'no-email-1834@example.com', '$argon2id$v=19$m=65536,t=3,p=4$fQ7fF7Zl6j7Q7fF7Zl6j7A$fQ7fF7Zl6j7Q7fF7Zl6j7A', now(), now(), now()) ON CONFLICT (id) DO NOTHING;
INSERT INTO profiles (id, first_name, last_name, phone, role) VALUES ('1fc3aca4-161a-4ceb-a68a-43d7854b09fd', 'MR EFEROGHENE', 'Ovwero', '', 'guest') ON CONFLICT (id) DO NOTHING;
INSERT INTO auth.users (id, instance_id, aud, role, email, encrypted_password, email_confirmed_at, created_at, updated_at) VALUES ('054fa6b0-2ad6-4fe1-803d-149edcfa0fbf', '00000000-0000-0000-0000-000000000000', 'authenticated', 'authenticated', 'no-email-1838@example.com', '$argon2id$v=19$m=65536,t=3,p=4$fQ7fF7Zl6j7Q7fF7Zl6j7A$fQ7fF7Zl6j7Q7fF7Zl6j7A', now(), now(), now()) ON CONFLICT (id) DO NOTHING;
INSERT INTO profiles (id, first_name, last_name, phone, role) VALUES ('054fa6b0-2ad6-4fe1-803d-149edcfa0fbf', 'BENKELLY KASARACHI', 'NWACHUKWU', '', 'guest') ON CONFLICT (id) DO NOTHING;
INSERT INTO auth.users (id, instance_id, aud, role, email, encrypted_password, email_confirmed_at, created_at, updated_at) VALUES ('e767597c-25c5-4b3f-950b-6930aa16960f', '00000000-0000-0000-0000-000000000000', 'authenticated', 'authenticated', 'no-email-1842@example.com', '$argon2id$v=19$m=65536,t=3,p=4$fQ7fF7Zl6j7Q7fF7Zl6j7A$fQ7fF7Zl6j7Q7fF7Zl6j7A', now(), now(), now()) ON CONFLICT (id) DO NOTHING;
INSERT INTO profiles (id, first_name, last_name, phone, role) VALUES ('e767597c-25c5-4b3f-950b-6930aa16960f', 'VALERIE', 'NZEKWUE', '', 'guest') ON CONFLICT (id) DO NOTHING;
INSERT INTO auth.users (id, instance_id, aud, role, email, encrypted_password, email_confirmed_at, created_at, updated_at) VALUES ('88ba4c25-5656-46fa-aede-6901aa285a40', '00000000-0000-0000-0000-000000000000', 'authenticated', 'authenticated', 'no-email-1852@example.com', '$argon2id$v=19$m=65536,t=3,p=4$fQ7fF7Zl6j7Q7fF7Zl6j7A$fQ7fF7Zl6j7Q7fF7Zl6j7A', now(), now(), now()) ON CONFLICT (id) DO NOTHING;
INSERT INTO profiles (id, first_name, last_name, phone, role) VALUES ('88ba4c25-5656-46fa-aede-6901aa285a40', 'GOLDEN', 'CHUKWUKERE', '', 'guest') ON CONFLICT (id) DO NOTHING;
INSERT INTO auth.users (id, instance_id, aud, role, email, encrypted_password, email_confirmed_at, created_at, updated_at) VALUES ('c3047cfb-c7da-493a-823b-450576ef25b6', '00000000-0000-0000-0000-000000000000', 'authenticated', 'authenticated', 'no-email-1855@example.com', '$argon2id$v=19$m=65536,t=3,p=4$fQ7fF7Zl6j7Q7fF7Zl6j7A$fQ7fF7Zl6j7Q7fF7Zl6j7A', now(), now(), now()) ON CONFLICT (id) DO NOTHING;
INSERT INTO profiles (id, first_name, last_name, phone, role) VALUES ('c3047cfb-c7da-493a-823b-450576ef25b6', 'MR PROSPER', 'Unknown', '', 'guest') ON CONFLICT (id) DO NOTHING;
INSERT INTO auth.users (id, instance_id, aud, role, email, encrypted_password, email_confirmed_at, created_at, updated_at) VALUES ('1d554fca-535e-4564-89a1-a4ecb1da4a85', '00000000-0000-0000-0000-000000000000', 'authenticated', 'authenticated', 'no-email-1858@example.com', '$argon2id$v=19$m=65536,t=3,p=4$fQ7fF7Zl6j7Q7fF7Zl6j7A$fQ7fF7Zl6j7Q7fF7Zl6j7A', now(), now(), now()) ON CONFLICT (id) DO NOTHING;
INSERT INTO profiles (id, first_name, last_name, phone, role) VALUES ('1d554fca-535e-4564-89a1-a4ecb1da4a85', 'DR OKAFOR', 'Unknown', '', 'guest') ON CONFLICT (id) DO NOTHING;
INSERT INTO auth.users (id, instance_id, aud, role, email, encrypted_password, email_confirmed_at, created_at, updated_at) VALUES ('ac032f26-e3af-4d8f-8c88-27328c4ab78c', '00000000-0000-0000-0000-000000000000', 'authenticated', 'authenticated', 'no-email-1866@example.com', '$argon2id$v=19$m=65536,t=3,p=4$fQ7fF7Zl6j7Q7fF7Zl6j7A$fQ7fF7Zl6j7Q7fF7Zl6j7A', now(), now(), now()) ON CONFLICT (id) DO NOTHING;
INSERT INTO profiles (id, first_name, last_name, phone, role) VALUES ('ac032f26-e3af-4d8f-8c88-27328c4ab78c', 'MR FRANCIS', 'Unknown', '', 'guest') ON CONFLICT (id) DO NOTHING;
INSERT INTO auth.users (id, instance_id, aud, role, email, encrypted_password, email_confirmed_at, created_at, updated_at) VALUES ('94903e38-4c44-4916-b02a-45737f2d13a8', '00000000-0000-0000-0000-000000000000', 'authenticated', 'authenticated', 'no-email-1869@example.com', '$argon2id$v=19$m=65536,t=3,p=4$fQ7fF7Zl6j7Q7fF7Zl6j7A$fQ7fF7Zl6j7Q7fF7Zl6j7A', now(), now(), now()) ON CONFLICT (id) DO NOTHING;
INSERT INTO profiles (id, first_name, last_name, phone, role) VALUES ('94903e38-4c44-4916-b02a-45737f2d13a8', 'BALA', 'OMINIGBO', '08165241644', 'guest') ON CONFLICT (id) DO NOTHING;
INSERT INTO auth.users (id, instance_id, aud, role, email, encrypted_password, email_confirmed_at, created_at, updated_at) VALUES ('bf44d531-99e6-4003-9f3f-b974c1624fa0', '00000000-0000-0000-0000-000000000000', 'authenticated', 'authenticated', 'no-email-1883@example.com', '$argon2id$v=19$m=65536,t=3,p=4$fQ7fF7Zl6j7Q7fF7Zl6j7A$fQ7fF7Zl6j7Q7fF7Zl6j7A', now(), now(), now()) ON CONFLICT (id) DO NOTHING;
INSERT INTO profiles (id, first_name, last_name, phone, role) VALUES ('bf44d531-99e6-4003-9f3f-b974c1624fa0', 'UME', 'KALU', '', 'guest') ON CONFLICT (id) DO NOTHING;
INSERT INTO auth.users (id, instance_id, aud, role, email, encrypted_password, email_confirmed_at, created_at, updated_at) VALUES ('28f57d72-b9ed-4ccc-b766-cf3ce8f52c3d', '00000000-0000-0000-0000-000000000000', 'authenticated', 'authenticated', 'no-email-1889@example.com', '$argon2id$v=19$m=65536,t=3,p=4$fQ7fF7Zl6j7Q7fF7Zl6j7A$fQ7fF7Zl6j7Q7fF7Zl6j7A', now(), now(), now()) ON CONFLICT (id) DO NOTHING;
INSERT INTO profiles (id, first_name, last_name, phone, role) VALUES ('28f57d72-b9ed-4ccc-b766-cf3ce8f52c3d', 'MISS', 'HELEN', '', 'guest') ON CONFLICT (id) DO NOTHING;
INSERT INTO auth.users (id, instance_id, aud, role, email, encrypted_password, email_confirmed_at, created_at, updated_at) VALUES ('e92bdd2a-6494-4213-a1b8-1b7c45cf39c9', '00000000-0000-0000-0000-000000000000', 'authenticated', 'authenticated', 'no-email-1893@example.com', '$argon2id$v=19$m=65536,t=3,p=4$fQ7fF7Zl6j7Q7fF7Zl6j7A$fQ7fF7Zl6j7Q7fF7Zl6j7A', now(), now(), now()) ON CONFLICT (id) DO NOTHING;
INSERT INTO profiles (id, first_name, last_name, phone, role) VALUES ('e92bdd2a-6494-4213-a1b8-1b7c45cf39c9', 'MR KAZEES', 'Unknown', '', 'guest') ON CONFLICT (id) DO NOTHING;
INSERT INTO auth.users (id, instance_id, aud, role, email, encrypted_password, email_confirmed_at, created_at, updated_at) VALUES ('eb0c8c2e-a0d2-47a4-a5de-f85dbc9df03c', '00000000-0000-0000-0000-000000000000', 'authenticated', 'authenticated', 'no-email-1900@example.com', '$argon2id$v=19$m=65536,t=3,p=4$fQ7fF7Zl6j7Q7fF7Zl6j7A$fQ7fF7Zl6j7Q7fF7Zl6j7A', now(), now(), now()) ON CONFLICT (id) DO NOTHING;
INSERT INTO profiles (id, first_name, last_name, phone, role) VALUES ('eb0c8c2e-a0d2-47a4-a5de-f85dbc9df03c', 'MR KAZEES', 'KAZEES', '08100977432', 'guest') ON CONFLICT (id) DO NOTHING;
INSERT INTO auth.users (id, instance_id, aud, role, email, encrypted_password, email_confirmed_at, created_at, updated_at) VALUES ('ff5b7d5b-dc62-4038-a60a-16f00ff87d86', '00000000-0000-0000-0000-000000000000', 'authenticated', 'authenticated', 'no-email-1922@example.com', '$argon2id$v=19$m=65536,t=3,p=4$fQ7fF7Zl6j7Q7fF7Zl6j7A$fQ7fF7Zl6j7Q7fF7Zl6j7A', now(), now(), now()) ON CONFLICT (id) DO NOTHING;
INSERT INTO profiles (id, first_name, last_name, phone, role) VALUES ('ff5b7d5b-dc62-4038-a60a-16f00ff87d86', 'BALA', 'OMINIGBO', '08165241644', 'guest') ON CONFLICT (id) DO NOTHING;
INSERT INTO auth.users (id, instance_id, aud, role, email, encrypted_password, email_confirmed_at, created_at, updated_at) VALUES ('2a695b90-72a1-44c7-ba4f-11cdc93bad6c', '00000000-0000-0000-0000-000000000000', 'authenticated', 'authenticated', 'no-email-1935@example.com', '$argon2id$v=19$m=65536,t=3,p=4$fQ7fF7Zl6j7Q7fF7Zl6j7A$fQ7fF7Zl6j7Q7fF7Zl6j7A', now(), now(), now()) ON CONFLICT (id) DO NOTHING;
INSERT INTO profiles (id, first_name, last_name, phone, role) VALUES ('2a695b90-72a1-44c7-ba4f-11cdc93bad6c', 'BALA', 'OMINIGBO', '08165241644', 'guest') ON CONFLICT (id) DO NOTHING;
INSERT INTO auth.users (id, instance_id, aud, role, email, encrypted_password, email_confirmed_at, created_at, updated_at) VALUES ('2f6b5062-fc1b-4aad-8c70-01db4292e870', '00000000-0000-0000-0000-000000000000', 'authenticated', 'authenticated', 'no-email-1945@example.com', '$argon2id$v=19$m=65536,t=3,p=4$fQ7fF7Zl6j7Q7fF7Zl6j7A$fQ7fF7Zl6j7Q7fF7Zl6j7A', now(), now(), now()) ON CONFLICT (id) DO NOTHING;
INSERT INTO profiles (id, first_name, last_name, phone, role) VALUES ('2f6b5062-fc1b-4aad-8c70-01db4292e870', 'TATOO', 'Unknown', '08165241644', 'guest') ON CONFLICT (id) DO NOTHING;
INSERT INTO auth.users (id, instance_id, aud, role, email, encrypted_password, email_confirmed_at, created_at, updated_at) VALUES ('08f0c833-1df0-4642-b88c-adbb6bb1039b', '00000000-0000-0000-0000-000000000000', 'authenticated', 'authenticated', 'no-email-1951@example.com', '$argon2id$v=19$m=65536,t=3,p=4$fQ7fF7Zl6j7Q7fF7Zl6j7A$fQ7fF7Zl6j7Q7fF7Zl6j7A', now(), now(), now()) ON CONFLICT (id) DO NOTHING;
INSERT INTO profiles (id, first_name, last_name, phone, role) VALUES ('08f0c833-1df0-4642-b88c-adbb6bb1039b', 'USMAN', 'BASHIR', '09095635769', 'guest') ON CONFLICT (id) DO NOTHING;
INSERT INTO auth.users (id, instance_id, aud, role, email, encrypted_password, email_confirmed_at, created_at, updated_at) VALUES ('3aed242e-f479-4161-9e18-6685cbe5abc7', '00000000-0000-0000-0000-000000000000', 'authenticated', 'authenticated', 'no-email-1961@example.com', '$argon2id$v=19$m=65536,t=3,p=4$fQ7fF7Zl6j7Q7fF7Zl6j7A$fQ7fF7Zl6j7Q7fF7Zl6j7A', now(), now(), now()) ON CONFLICT (id) DO NOTHING;
INSERT INTO profiles (id, first_name, last_name, phone, role) VALUES ('3aed242e-f479-4161-9e18-6685cbe5abc7', 'BENKELLY KASARACHI', 'NWACHUKWU', '', 'guest') ON CONFLICT (id) DO NOTHING;
INSERT INTO auth.users (id, instance_id, aud, role, email, encrypted_password, email_confirmed_at, created_at, updated_at) VALUES ('4b0d0b71-af06-45ad-8657-6465cad1f2da', '00000000-0000-0000-0000-000000000000', 'authenticated', 'authenticated', 'no-email-1973@example.com', '$argon2id$v=19$m=65536,t=3,p=4$fQ7fF7Zl6j7Q7fF7Zl6j7A$fQ7fF7Zl6j7Q7fF7Zl6j7A', now(), now(), now()) ON CONFLICT (id) DO NOTHING;
INSERT INTO profiles (id, first_name, last_name, phone, role) VALUES ('4b0d0b71-af06-45ad-8657-6465cad1f2da', 'MR DONALD', 'Unknown', '', 'guest') ON CONFLICT (id) DO NOTHING;
INSERT INTO auth.users (id, instance_id, aud, role, email, encrypted_password, email_confirmed_at, created_at, updated_at) VALUES ('029c4369-420f-482b-aee0-1da149e98aa0', '00000000-0000-0000-0000-000000000000', 'authenticated', 'authenticated', 'no-email-1978@example.com', '$argon2id$v=19$m=65536,t=3,p=4$fQ7fF7Zl6j7Q7fF7Zl6j7A$fQ7fF7Zl6j7Q7fF7Zl6j7A', now(), now(), now()) ON CONFLICT (id) DO NOTHING;
INSERT INTO profiles (id, first_name, last_name, phone, role) VALUES ('029c4369-420f-482b-aee0-1da149e98aa0', 'HILARY NKEM', 'EBOMAH', '', 'guest') ON CONFLICT (id) DO NOTHING;
INSERT INTO auth.users (id, instance_id, aud, role, email, encrypted_password, email_confirmed_at, created_at, updated_at) VALUES ('9c7bceac-8942-409e-a538-795f837d618a', '00000000-0000-0000-0000-000000000000', 'authenticated', 'authenticated', 'no-email-1994@example.com', '$argon2id$v=19$m=65536,t=3,p=4$fQ7fF7Zl6j7Q7fF7Zl6j7A$fQ7fF7Zl6j7Q7fF7Zl6j7A', now(), now(), now()) ON CONFLICT (id) DO NOTHING;
INSERT INTO profiles (id, first_name, last_name, phone, role) VALUES ('9c7bceac-8942-409e-a538-795f837d618a', 'MR CHARLES', 'Unknown', '08165241644', 'guest') ON CONFLICT (id) DO NOTHING;
INSERT INTO auth.users (id, instance_id, aud, role, email, encrypted_password, email_confirmed_at, created_at, updated_at) VALUES ('d6eebadf-e834-47d3-91cb-fc042063dc84', '00000000-0000-0000-0000-000000000000', 'authenticated', 'authenticated', 'no-email-2007@example.com', '$argon2id$v=19$m=65536,t=3,p=4$fQ7fF7Zl6j7Q7fF7Zl6j7A$fQ7fF7Zl6j7Q7fF7Zl6j7A', now(), now(), now()) ON CONFLICT (id) DO NOTHING;
INSERT INTO profiles (id, first_name, last_name, phone, role) VALUES ('d6eebadf-e834-47d3-91cb-fc042063dc84', 'MR GOODNESS', 'Unknown', '', 'guest') ON CONFLICT (id) DO NOTHING;
INSERT INTO auth.users (id, instance_id, aud, role, email, encrypted_password, email_confirmed_at, created_at, updated_at) VALUES ('df03c25b-dfc6-4d98-97ed-96abf93ac7ae', '00000000-0000-0000-0000-000000000000', 'authenticated', 'authenticated', 'no-email-2011@example.com', '$argon2id$v=19$m=65536,t=3,p=4$fQ7fF7Zl6j7Q7fF7Zl6j7A$fQ7fF7Zl6j7Q7fF7Zl6j7A', now(), now(), now()) ON CONFLICT (id) DO NOTHING;
INSERT INTO profiles (id, first_name, last_name, phone, role) VALUES ('df03c25b-dfc6-4d98-97ed-96abf93ac7ae', 'MAHMOUD', 'AHMED', '08173719961', 'guest') ON CONFLICT (id) DO NOTHING;
INSERT INTO auth.users (id, instance_id, aud, role, email, encrypted_password, email_confirmed_at, created_at, updated_at) VALUES ('eb5e3e1e-e83a-455f-a4e0-35da0b1d5d00', '00000000-0000-0000-0000-000000000000', 'authenticated', 'authenticated', 'no-email-2016@example.com', '$argon2id$v=19$m=65536,t=3,p=4$fQ7fF7Zl6j7Q7fF7Zl6j7A$fQ7fF7Zl6j7Q7fF7Zl6j7A', now(), now(), now()) ON CONFLICT (id) DO NOTHING;
INSERT INTO profiles (id, first_name, last_name, phone, role) VALUES ('eb5e3e1e-e83a-455f-a4e0-35da0b1d5d00', 'TINY', 'Unknown', '08092251711', 'guest') ON CONFLICT (id) DO NOTHING;
INSERT INTO auth.users (id, instance_id, aud, role, email, encrypted_password, email_confirmed_at, created_at, updated_at) VALUES ('6aa1d6ae-2012-4a57-ac05-f4956c8746a9', '00000000-0000-0000-0000-000000000000', 'authenticated', 'authenticated', 'no-email-2019@example.com', '$argon2id$v=19$m=65536,t=3,p=4$fQ7fF7Zl6j7Q7fF7Zl6j7A$fQ7fF7Zl6j7Q7fF7Zl6j7A', now(), now(), now()) ON CONFLICT (id) DO NOTHING;
INSERT INTO profiles (id, first_name, last_name, phone, role) VALUES ('6aa1d6ae-2012-4a57-ac05-f4956c8746a9', 'BASHIR', 'AHMED', '08092251711', 'guest') ON CONFLICT (id) DO NOTHING;
INSERT INTO auth.users (id, instance_id, aud, role, email, encrypted_password, email_confirmed_at, created_at, updated_at) VALUES ('ba2f7988-b166-4651-8e9a-9e78e40208a3', '00000000-0000-0000-0000-000000000000', 'authenticated', 'authenticated', 'no-email-2030@example.com', '$argon2id$v=19$m=65536,t=3,p=4$fQ7fF7Zl6j7Q7fF7Zl6j7A$fQ7fF7Zl6j7Q7fF7Zl6j7A', now(), now(), now()) ON CONFLICT (id) DO NOTHING;
INSERT INTO profiles (id, first_name, last_name, phone, role) VALUES ('ba2f7988-b166-4651-8e9a-9e78e40208a3', 'YUSUF', 'MUHAMMAD', '08092251711', 'guest') ON CONFLICT (id) DO NOTHING;
INSERT INTO auth.users (id, instance_id, aud, role, email, encrypted_password, email_confirmed_at, created_at, updated_at) VALUES ('8e4672ee-4b6f-4e3d-b967-43ff7f0f0304', '00000000-0000-0000-0000-000000000000', 'authenticated', 'authenticated', 'no-email-2034@example.com', '$argon2id$v=19$m=65536,t=3,p=4$fQ7fF7Zl6j7Q7fF7Zl6j7A$fQ7fF7Zl6j7Q7fF7Zl6j7A', now(), now(), now()) ON CONFLICT (id) DO NOTHING;
INSERT INTO profiles (id, first_name, last_name, phone, role) VALUES ('8e4672ee-4b6f-4e3d-b967-43ff7f0f0304', 'AJINE', 'VICTOR', '', 'guest') ON CONFLICT (id) DO NOTHING;
INSERT INTO auth.users (id, instance_id, aud, role, email, encrypted_password, email_confirmed_at, created_at, updated_at) VALUES ('9248d552-e668-4011-9ab8-834ba9eb0fe2', '00000000-0000-0000-0000-000000000000', 'authenticated', 'authenticated', 'no-email-2037@example.com', '$argon2id$v=19$m=65536,t=3,p=4$fQ7fF7Zl6j7Q7fF7Zl6j7A$fQ7fF7Zl6j7Q7fF7Zl6j7A', now(), now(), now()) ON CONFLICT (id) DO NOTHING;
INSERT INTO profiles (id, first_name, last_name, phone, role) VALUES ('9248d552-e668-4011-9ab8-834ba9eb0fe2', 'DONALD', 'Unknown', '', 'guest') ON CONFLICT (id) DO NOTHING;
INSERT INTO auth.users (id, instance_id, aud, role, email, encrypted_password, email_confirmed_at, created_at, updated_at) VALUES ('5c6be01f-9fe1-42ec-ac83-1abcede6f402', '00000000-0000-0000-0000-000000000000', 'authenticated', 'authenticated', 'no-email-2041@example.com', '$argon2id$v=19$m=65536,t=3,p=4$fQ7fF7Zl6j7Q7fF7Zl6j7A$fQ7fF7Zl6j7Q7fF7Zl6j7A', now(), now(), now()) ON CONFLICT (id) DO NOTHING;
INSERT INTO profiles (id, first_name, last_name, phone, role) VALUES ('5c6be01f-9fe1-42ec-ac83-1abcede6f402', 'MAYOR', 'SHADRACH', '', 'guest') ON CONFLICT (id) DO NOTHING;
INSERT INTO auth.users (id, instance_id, aud, role, email, encrypted_password, email_confirmed_at, created_at, updated_at) VALUES ('e21a148f-d789-4697-857e-912b72f99b79', '00000000-0000-0000-0000-000000000000', 'authenticated', 'authenticated', 'no-email-2049@example.com', '$argon2id$v=19$m=65536,t=3,p=4$fQ7fF7Zl6j7Q7fF7Zl6j7A$fQ7fF7Zl6j7Q7fF7Zl6j7A', now(), now(), now()) ON CONFLICT (id) DO NOTHING;
INSERT INTO profiles (id, first_name, last_name, phone, role) VALUES ('e21a148f-d789-4697-857e-912b72f99b79', 'ELIJAH ONUH', 'JOHN', '', 'guest') ON CONFLICT (id) DO NOTHING;
INSERT INTO auth.users (id, instance_id, aud, role, email, encrypted_password, email_confirmed_at, created_at, updated_at) VALUES ('9ddb3f27-b965-40d9-b543-f0e633d686e1', '00000000-0000-0000-0000-000000000000', 'authenticated', 'authenticated', 'no-email-2051@example.com', '$argon2id$v=19$m=65536,t=3,p=4$fQ7fF7Zl6j7Q7fF7Zl6j7A$fQ7fF7Zl6j7Q7fF7Zl6j7A', now(), now(), now()) ON CONFLICT (id) DO NOTHING;
INSERT INTO profiles (id, first_name, last_name, phone, role) VALUES ('9ddb3f27-b965-40d9-b543-f0e633d686e1', 'BASHIR', 'Unknown', '', 'guest') ON CONFLICT (id) DO NOTHING;
INSERT INTO auth.users (id, instance_id, aud, role, email, encrypted_password, email_confirmed_at, created_at, updated_at) VALUES ('ddd16ae5-74bc-4181-ab2a-5a811b8f4329', '00000000-0000-0000-0000-000000000000', 'authenticated', 'authenticated', 'no-email-2053@example.com', '$argon2id$v=19$m=65536,t=3,p=4$fQ7fF7Zl6j7Q7fF7Zl6j7A$fQ7fF7Zl6j7Q7fF7Zl6j7A', now(), now(), now()) ON CONFLICT (id) DO NOTHING;
INSERT INTO profiles (id, first_name, last_name, phone, role) VALUES ('ddd16ae5-74bc-4181-ab2a-5a811b8f4329', 'DANIEL', 'Unknown', '', 'guest') ON CONFLICT (id) DO NOTHING;
INSERT INTO auth.users (id, instance_id, aud, role, email, encrypted_password, email_confirmed_at, created_at, updated_at) VALUES ('8015e874-905c-4c99-995f-6a28d42d5557', '00000000-0000-0000-0000-000000000000', 'authenticated', 'authenticated', 'no-email-2060@example.com', '$argon2id$v=19$m=65536,t=3,p=4$fQ7fF7Zl6j7Q7fF7Zl6j7A$fQ7fF7Zl6j7Q7fF7Zl6j7A', now(), now(), now()) ON CONFLICT (id) DO NOTHING;
INSERT INTO profiles (id, first_name, last_name, phone, role) VALUES ('8015e874-905c-4c99-995f-6a28d42d5557', 'MR', 'HELEN', '', 'guest') ON CONFLICT (id) DO NOTHING;
INSERT INTO auth.users (id, instance_id, aud, role, email, encrypted_password, email_confirmed_at, created_at, updated_at) VALUES ('adfbfdd0-acf5-4b3f-bac2-3cc8639b4fca', '00000000-0000-0000-0000-000000000000', 'authenticated', 'authenticated', 'scembe59@gmail.com', '$argon2id$v=19$m=65536,t=3,p=4$fQ7fF7Zl6j7Q7fF7Zl6j7A$fQ7fF7Zl6j7Q7fF7Zl6j7A', now(), now(), now()) ON CONFLICT (id) DO NOTHING;
INSERT INTO profiles (id, first_name, last_name, phone, role) VALUES ('adfbfdd0-acf5-4b3f-bac2-3cc8639b4fca', 'IDRIS', 'OPEYEMI', '07035815007', 'guest') ON CONFLICT (id) DO NOTHING;
INSERT INTO auth.users (id, instance_id, aud, role, email, encrypted_password, email_confirmed_at, created_at, updated_at) VALUES ('25f8570b-2f1a-445f-964d-9d219e277ba0', '00000000-0000-0000-0000-000000000000', 'authenticated', 'authenticated', 'no-email-2084@example.com', '$argon2id$v=19$m=65536,t=3,p=4$fQ7fF7Zl6j7Q7fF7Zl6j7A$fQ7fF7Zl6j7Q7fF7Zl6j7A', now(), now(), now()) ON CONFLICT (id) DO NOTHING;
INSERT INTO profiles (id, first_name, last_name, phone, role) VALUES ('25f8570b-2f1a-445f-964d-9d219e277ba0', 'ALIYU MUHAMMED', 'ABUBAKAR', '', 'guest') ON CONFLICT (id) DO NOTHING;
INSERT INTO auth.users (id, instance_id, aud, role, email, encrypted_password, email_confirmed_at, created_at, updated_at) VALUES ('9627b394-f629-406b-96f1-26d4cece04a8', '00000000-0000-0000-0000-000000000000', 'authenticated', 'authenticated', 'no-email-2087@example.com', '$argon2id$v=19$m=65536,t=3,p=4$fQ7fF7Zl6j7Q7fF7Zl6j7A$fQ7fF7Zl6j7Q7fF7Zl6j7A', now(), now(), now()) ON CONFLICT (id) DO NOTHING;
INSERT INTO profiles (id, first_name, last_name, phone, role) VALUES ('9627b394-f629-406b-96f1-26d4cece04a8', 'MALLIYA, LEKE & GRACE', 'Unknown', '', 'guest') ON CONFLICT (id) DO NOTHING;
INSERT INTO auth.users (id, instance_id, aud, role, email, encrypted_password, email_confirmed_at, created_at, updated_at) VALUES ('dec9dc10-5884-45c2-bada-5cfccc81083a', '00000000-0000-0000-0000-000000000000', 'authenticated', 'authenticated', 'no-email-2092@example.com', '$argon2id$v=19$m=65536,t=3,p=4$fQ7fF7Zl6j7Q7fF7Zl6j7A$fQ7fF7Zl6j7Q7fF7Zl6j7A', now(), now(), now()) ON CONFLICT (id) DO NOTHING;
INSERT INTO profiles (id, first_name, last_name, phone, role) VALUES ('dec9dc10-5884-45c2-bada-5cfccc81083a', 'ROYZ', 'GABRIEL', '08165241644', 'guest') ON CONFLICT (id) DO NOTHING;
INSERT INTO auth.users (id, instance_id, aud, role, email, encrypted_password, email_confirmed_at, created_at, updated_at) VALUES ('b276fb89-0903-4c79-9c95-e1d4fabe3542', '00000000-0000-0000-0000-000000000000', 'authenticated', 'authenticated', 'no-email-2100@example.com', '$argon2id$v=19$m=65536,t=3,p=4$fQ7fF7Zl6j7Q7fF7Zl6j7A$fQ7fF7Zl6j7Q7fF7Zl6j7A', now(), now(), now()) ON CONFLICT (id) DO NOTHING;
INSERT INTO profiles (id, first_name, last_name, phone, role) VALUES ('b276fb89-0903-4c79-9c95-e1d4fabe3542', 'ROYZ', 'GABRIEL', '08165241644', 'guest') ON CONFLICT (id) DO NOTHING;
INSERT INTO auth.users (id, instance_id, aud, role, email, encrypted_password, email_confirmed_at, created_at, updated_at) VALUES ('e10ac6b5-e4ad-42eb-9530-593009118991', '00000000-0000-0000-0000-000000000000', 'authenticated', 'authenticated', 'no-email-2104@example.com', '$argon2id$v=19$m=65536,t=3,p=4$fQ7fF7Zl6j7Q7fF7Zl6j7A$fQ7fF7Zl6j7Q7fF7Zl6j7A', now(), now(), now()) ON CONFLICT (id) DO NOTHING;
INSERT INTO profiles (id, first_name, last_name, phone, role) VALUES ('e10ac6b5-e4ad-42eb-9530-593009118991', 'NIGCOMSAT', 'Unknown', '', 'guest') ON CONFLICT (id) DO NOTHING;
INSERT INTO auth.users (id, instance_id, aud, role, email, encrypted_password, email_confirmed_at, created_at, updated_at) VALUES ('bd3d6943-4015-4387-ac5e-33810135d958', '00000000-0000-0000-0000-000000000000', 'authenticated', 'authenticated', 'no-email-2115@example.com', '$argon2id$v=19$m=65536,t=3,p=4$fQ7fF7Zl6j7Q7fF7Zl6j7A$fQ7fF7Zl6j7Q7fF7Zl6j7A', now(), now(), now()) ON CONFLICT (id) DO NOTHING;
INSERT INTO profiles (id, first_name, last_name, phone, role) VALUES ('bd3d6943-4015-4387-ac5e-33810135d958', 'GLORIA', 'AUDU', '07013226826', 'guest') ON CONFLICT (id) DO NOTHING;
INSERT INTO auth.users (id, instance_id, aud, role, email, encrypted_password, email_confirmed_at, created_at, updated_at) VALUES ('e4467d09-e4e2-45e8-892f-b4cb43d5a623', '00000000-0000-0000-0000-000000000000', 'authenticated', 'authenticated', 'no-email-2118@example.com', '$argon2id$v=19$m=65536,t=3,p=4$fQ7fF7Zl6j7Q7fF7Zl6j7A$fQ7fF7Zl6j7Q7fF7Zl6j7A', now(), now(), now()) ON CONFLICT (id) DO NOTHING;
INSERT INTO profiles (id, first_name, last_name, phone, role) VALUES ('e4467d09-e4e2-45e8-892f-b4cb43d5a623', 'ARMCEL', 'Unknown', '', 'guest') ON CONFLICT (id) DO NOTHING;
INSERT INTO auth.users (id, instance_id, aud, role, email, encrypted_password, email_confirmed_at, created_at, updated_at) VALUES ('32a77829-4d4e-4e72-94a6-22a8516eac20', '00000000-0000-0000-0000-000000000000', 'authenticated', 'authenticated', 'no-email-2122@example.com', '$argon2id$v=19$m=65536,t=3,p=4$fQ7fF7Zl6j7Q7fF7Zl6j7A$fQ7fF7Zl6j7Q7fF7Zl6j7A', now(), now(), now()) ON CONFLICT (id) DO NOTHING;
INSERT INTO profiles (id, first_name, last_name, phone, role) VALUES ('32a77829-4d4e-4e72-94a6-22a8516eac20', 'P.G.', 'Unknown', '', 'guest') ON CONFLICT (id) DO NOTHING;
INSERT INTO auth.users (id, instance_id, aud, role, email, encrypted_password, email_confirmed_at, created_at, updated_at) VALUES ('ff550fd7-7ffb-4cfd-a860-1ee23c64c592', '00000000-0000-0000-0000-000000000000', 'authenticated', 'authenticated', 'no-email-2124@example.com', '$argon2id$v=19$m=65536,t=3,p=4$fQ7fF7Zl6j7Q7fF7Zl6j7A$fQ7fF7Zl6j7Q7fF7Zl6j7A', now(), now(), now()) ON CONFLICT (id) DO NOTHING;
INSERT INTO profiles (id, first_name, last_name, phone, role) VALUES ('ff550fd7-7ffb-4cfd-a860-1ee23c64c592', 'P.G.', 'Unknown', '', 'guest') ON CONFLICT (id) DO NOTHING;
INSERT INTO auth.users (id, instance_id, aud, role, email, encrypted_password, email_confirmed_at, created_at, updated_at) VALUES ('249d4ac7-9a68-4d95-b870-aae174a927a2', '00000000-0000-0000-0000-000000000000', 'authenticated', 'authenticated', 'no-email-2134@example.com', '$argon2id$v=19$m=65536,t=3,p=4$fQ7fF7Zl6j7Q7fF7Zl6j7A$fQ7fF7Zl6j7Q7fF7Zl6j7A', now(), now(), now()) ON CONFLICT (id) DO NOTHING;
INSERT INTO profiles (id, first_name, last_name, phone, role) VALUES ('249d4ac7-9a68-4d95-b870-aae174a927a2', 'MR', 'CHARLES', '07068403828', 'guest') ON CONFLICT (id) DO NOTHING;
INSERT INTO auth.users (id, instance_id, aud, role, email, encrypted_password, email_confirmed_at, created_at, updated_at) VALUES ('1957cd9e-73e7-49ce-8ff1-1dbf52812041', '00000000-0000-0000-0000-000000000000', 'authenticated', 'authenticated', 'no-email-2144@example.com', '$argon2id$v=19$m=65536,t=3,p=4$fQ7fF7Zl6j7Q7fF7Zl6j7A$fQ7fF7Zl6j7Q7fF7Zl6j7A', now(), now(), now()) ON CONFLICT (id) DO NOTHING;
INSERT INTO profiles (id, first_name, last_name, phone, role) VALUES ('1957cd9e-73e7-49ce-8ff1-1dbf52812041', 'KENNETH', 'HELEN', '', 'guest') ON CONFLICT (id) DO NOTHING;
INSERT INTO auth.users (id, instance_id, aud, role, email, encrypted_password, email_confirmed_at, created_at, updated_at) VALUES ('562eba03-fcca-43fe-bb71-5f1de5556f0c', '00000000-0000-0000-0000-000000000000', 'authenticated', 'authenticated', 'no-email-2150@example.com', '$argon2id$v=19$m=65536,t=3,p=4$fQ7fF7Zl6j7Q7fF7Zl6j7A$fQ7fF7Zl6j7Q7fF7Zl6j7A', now(), now(), now()) ON CONFLICT (id) DO NOTHING;
INSERT INTO profiles (id, first_name, last_name, phone, role) VALUES ('562eba03-fcca-43fe-bb71-5f1de5556f0c', 'MARY', 'NGOHIDE', '', 'guest') ON CONFLICT (id) DO NOTHING;
INSERT INTO auth.users (id, instance_id, aud, role, email, encrypted_password, email_confirmed_at, created_at, updated_at) VALUES ('8a09742e-79b9-45c3-91fc-ebbd93eab007', '00000000-0000-0000-0000-000000000000', 'authenticated', 'authenticated', 'no-email-2152@example.com', '$argon2id$v=19$m=65536,t=3,p=4$fQ7fF7Zl6j7Q7fF7Zl6j7A$fQ7fF7Zl6j7Q7fF7Zl6j7A', now(), now(), now()) ON CONFLICT (id) DO NOTHING;
INSERT INTO profiles (id, first_name, last_name, phone, role) VALUES ('8a09742e-79b9-45c3-91fc-ebbd93eab007', 'CHINEDU', 'PAUL UDOGU', '', 'guest') ON CONFLICT (id) DO NOTHING;
INSERT INTO auth.users (id, instance_id, aud, role, email, encrypted_password, email_confirmed_at, created_at, updated_at) VALUES ('8d832d01-4145-488f-aac8-4d05d4ab5d17', '00000000-0000-0000-0000-000000000000', 'authenticated', 'authenticated', 'no-email-2155@example.com', '$argon2id$v=19$m=65536,t=3,p=4$fQ7fF7Zl6j7Q7fF7Zl6j7A$fQ7fF7Zl6j7Q7fF7Zl6j7A', now(), now(), now()) ON CONFLICT (id) DO NOTHING;
INSERT INTO profiles (id, first_name, last_name, phone, role) VALUES ('8d832d01-4145-488f-aac8-4d05d4ab5d17', 'IZUNDU', 'JIBULU', '', 'guest') ON CONFLICT (id) DO NOTHING;
INSERT INTO auth.users (id, instance_id, aud, role, email, encrypted_password, email_confirmed_at, created_at, updated_at) VALUES ('912cd324-1be5-4bf5-a158-aa937c89e3e8', '00000000-0000-0000-0000-000000000000', 'authenticated', 'authenticated', 'no-email-2161@example.com', '$argon2id$v=19$m=65536,t=3,p=4$fQ7fF7Zl6j7Q7fF7Zl6j7A$fQ7fF7Zl6j7Q7fF7Zl6j7A', now(), now(), now()) ON CONFLICT (id) DO NOTHING;
INSERT INTO profiles (id, first_name, last_name, phone, role) VALUES ('912cd324-1be5-4bf5-a158-aa937c89e3e8', 'CALEB', 'OKO', '', 'guest') ON CONFLICT (id) DO NOTHING;
INSERT INTO auth.users (id, instance_id, aud, role, email, encrypted_password, email_confirmed_at, created_at, updated_at) VALUES ('b6debca1-e3a7-4148-9ff4-99387e33a885', '00000000-0000-0000-0000-000000000000', 'authenticated', 'authenticated', 'no-email-2164@example.com', '$argon2id$v=19$m=65536,t=3,p=4$fQ7fF7Zl6j7Q7fF7Zl6j7A$fQ7fF7Zl6j7Q7fF7Zl6j7A', now(), now(), now()) ON CONFLICT (id) DO NOTHING;
INSERT INTO profiles (id, first_name, last_name, phone, role) VALUES ('b6debca1-e3a7-4148-9ff4-99387e33a885', 'GOMINA', 'IBRAHIM', '', 'guest') ON CONFLICT (id) DO NOTHING;
INSERT INTO auth.users (id, instance_id, aud, role, email, encrypted_password, email_confirmed_at, created_at, updated_at) VALUES ('27258199-f32b-4a73-b1ca-07770bfa560c', '00000000-0000-0000-0000-000000000000', 'authenticated', 'authenticated', 'no-email-2167@example.com', '$argon2id$v=19$m=65536,t=3,p=4$fQ7fF7Zl6j7Q7fF7Zl6j7A$fQ7fF7Zl6j7Q7fF7Zl6j7A', now(), now(), now()) ON CONFLICT (id) DO NOTHING;
INSERT INTO profiles (id, first_name, last_name, phone, role) VALUES ('27258199-f32b-4a73-b1ca-07770bfa560c', 'EGBON', 'BABA', '', 'guest') ON CONFLICT (id) DO NOTHING;
INSERT INTO auth.users (id, instance_id, aud, role, email, encrypted_password, email_confirmed_at, created_at, updated_at) VALUES ('9416d666-3431-4003-baa9-b277a1e486f6', '00000000-0000-0000-0000-000000000000', 'authenticated', 'authenticated', 'no-email-2170@example.com', '$argon2id$v=19$m=65536,t=3,p=4$fQ7fF7Zl6j7Q7fF7Zl6j7A$fQ7fF7Zl6j7Q7fF7Zl6j7A', now(), now(), now()) ON CONFLICT (id) DO NOTHING;
INSERT INTO profiles (id, first_name, last_name, phone, role) VALUES ('9416d666-3431-4003-baa9-b277a1e486f6', 'CALEB', 'OKO', '', 'guest') ON CONFLICT (id) DO NOTHING;
INSERT INTO auth.users (id, instance_id, aud, role, email, encrypted_password, email_confirmed_at, created_at, updated_at) VALUES ('ccfd0206-5d49-439e-9fce-8343c5d13b5f', '00000000-0000-0000-0000-000000000000', 'authenticated', 'authenticated', 'no-email-2173@example.com', '$argon2id$v=19$m=65536,t=3,p=4$fQ7fF7Zl6j7Q7fF7Zl6j7A$fQ7fF7Zl6j7Q7fF7Zl6j7A', now(), now(), now()) ON CONFLICT (id) DO NOTHING;
INSERT INTO profiles (id, first_name, last_name, phone, role) VALUES ('ccfd0206-5d49-439e-9fce-8343c5d13b5f', 'MARIANBA', 'DIKA', '08063370894', 'guest') ON CONFLICT (id) DO NOTHING;
INSERT INTO auth.users (id, instance_id, aud, role, email, encrypted_password, email_confirmed_at, created_at, updated_at) VALUES ('b7efe325-1b4c-4037-b7ed-5767e411e0a1', '00000000-0000-0000-0000-000000000000', 'authenticated', 'authenticated', 'no-email-2178@example.com', '$argon2id$v=19$m=65536,t=3,p=4$fQ7fF7Zl6j7Q7fF7Zl6j7A$fQ7fF7Zl6j7Q7fF7Zl6j7A', now(), now(), now()) ON CONFLICT (id) DO NOTHING;
INSERT INTO profiles (id, first_name, last_name, phone, role) VALUES ('b7efe325-1b4c-4037-b7ed-5767e411e0a1', 'MARIANBA', 'DIKA', '08063370894', 'guest') ON CONFLICT (id) DO NOTHING;
INSERT INTO auth.users (id, instance_id, aud, role, email, encrypted_password, email_confirmed_at, created_at, updated_at) VALUES ('d7b8d87f-99b8-4046-a967-f1847340112d', '00000000-0000-0000-0000-000000000000', 'authenticated', 'authenticated', 'no-email-2181@example.com', '$argon2id$v=19$m=65536,t=3,p=4$fQ7fF7Zl6j7Q7fF7Zl6j7A$fQ7fF7Zl6j7Q7fF7Zl6j7A', now(), now(), now()) ON CONFLICT (id) DO NOTHING;
INSERT INTO profiles (id, first_name, last_name, phone, role) VALUES ('d7b8d87f-99b8-4046-a967-f1847340112d', 'IZUNDU', 'JIBULU', '', 'guest') ON CONFLICT (id) DO NOTHING;
INSERT INTO auth.users (id, instance_id, aud, role, email, encrypted_password, email_confirmed_at, created_at, updated_at) VALUES ('8e1efb41-9f3d-44c0-993e-7637975fb0d7', '00000000-0000-0000-0000-000000000000', 'authenticated', 'authenticated', 'no-email-2183@example.com', '$argon2id$v=19$m=65536,t=3,p=4$fQ7fF7Zl6j7Q7fF7Zl6j7A$fQ7fF7Zl6j7Q7fF7Zl6j7A', now(), now(), now()) ON CONFLICT (id) DO NOTHING;
INSERT INTO profiles (id, first_name, last_name, phone, role) VALUES ('8e1efb41-9f3d-44c0-993e-7637975fb0d7', 'KRISTY', 'Unknown', '', 'guest') ON CONFLICT (id) DO NOTHING;
INSERT INTO auth.users (id, instance_id, aud, role, email, encrypted_password, email_confirmed_at, created_at, updated_at) VALUES ('23f0d85f-47f1-4476-8a5f-6fa6ba935939', '00000000-0000-0000-0000-000000000000', 'authenticated', 'authenticated', 'no-email-2185@example.com', '$argon2id$v=19$m=65536,t=3,p=4$fQ7fF7Zl6j7Q7fF7Zl6j7A$fQ7fF7Zl6j7Q7fF7Zl6j7A', now(), now(), now()) ON CONFLICT (id) DO NOTHING;
INSERT INTO profiles (id, first_name, last_name, phone, role) VALUES ('23f0d85f-47f1-4476-8a5f-6fa6ba935939', 'YUSUF', 'IMARN', '09110578286', 'guest') ON CONFLICT (id) DO NOTHING;
INSERT INTO auth.users (id, instance_id, aud, role, email, encrypted_password, email_confirmed_at, created_at, updated_at) VALUES ('b132ace6-f808-4af6-adea-2f642bef11a6', '00000000-0000-0000-0000-000000000000', 'authenticated', 'authenticated', 'no-email-2187@example.com', '$argon2id$v=19$m=65536,t=3,p=4$fQ7fF7Zl6j7Q7fF7Zl6j7A$fQ7fF7Zl6j7Q7fF7Zl6j7A', now(), now(), now()) ON CONFLICT (id) DO NOTHING;
INSERT INTO profiles (id, first_name, last_name, phone, role) VALUES ('b132ace6-f808-4af6-adea-2f642bef11a6', 'MARKSON GBORU', 'Unknown', '', 'guest') ON CONFLICT (id) DO NOTHING;
INSERT INTO auth.users (id, instance_id, aud, role, email, encrypted_password, email_confirmed_at, created_at, updated_at) VALUES ('2daedacd-a7d8-4a21-810b-b85369872bcb', '00000000-0000-0000-0000-000000000000', 'authenticated', 'authenticated', 'no-email-2192@example.com', '$argon2id$v=19$m=65536,t=3,p=4$fQ7fF7Zl6j7Q7fF7Zl6j7A$fQ7fF7Zl6j7Q7fF7Zl6j7A', now(), now(), now()) ON CONFLICT (id) DO NOTHING;
INSERT INTO profiles (id, first_name, last_name, phone, role) VALUES ('2daedacd-a7d8-4a21-810b-b85369872bcb', 'BASHIR', 'Unknown', '', 'guest') ON CONFLICT (id) DO NOTHING;
INSERT INTO auth.users (id, instance_id, aud, role, email, encrypted_password, email_confirmed_at, created_at, updated_at) VALUES ('911f3df0-320e-42c4-89d3-f0c7cf633d7f', '00000000-0000-0000-0000-000000000000', 'authenticated', 'authenticated', 'no-email-2199@example.com', '$argon2id$v=19$m=65536,t=3,p=4$fQ7fF7Zl6j7Q7fF7Zl6j7A$fQ7fF7Zl6j7Q7fF7Zl6j7A', now(), now(), now()) ON CONFLICT (id) DO NOTHING;
INSERT INTO profiles (id, first_name, last_name, phone, role) VALUES ('911f3df0-320e-42c4-89d3-f0c7cf633d7f', 'PROMISE', 'Unknown', '', 'guest') ON CONFLICT (id) DO NOTHING;
INSERT INTO auth.users (id, instance_id, aud, role, email, encrypted_password, email_confirmed_at, created_at, updated_at) VALUES ('adf6acff-6682-49e9-9c49-0e836a000fbd', '00000000-0000-0000-0000-000000000000', 'authenticated', 'authenticated', 'no-email-2205@example.com', '$argon2id$v=19$m=65536,t=3,p=4$fQ7fF7Zl6j7Q7fF7Zl6j7A$fQ7fF7Zl6j7Q7fF7Zl6j7A', now(), now(), now()) ON CONFLICT (id) DO NOTHING;
INSERT INTO profiles (id, first_name, last_name, phone, role) VALUES ('adf6acff-6682-49e9-9c49-0e836a000fbd', 'SOLYNX JUDITH', 'Unknown', '', 'guest') ON CONFLICT (id) DO NOTHING;
INSERT INTO auth.users (id, instance_id, aud, role, email, encrypted_password, email_confirmed_at, created_at, updated_at) VALUES ('bf600c5e-ae9a-4754-b4fb-cca7649d8cf9', '00000000-0000-0000-0000-000000000000', 'authenticated', 'authenticated', 'no-email-2211@example.com', '$argon2id$v=19$m=65536,t=3,p=4$fQ7fF7Zl6j7Q7fF7Zl6j7A$fQ7fF7Zl6j7Q7fF7Zl6j7A', now(), now(), now()) ON CONFLICT (id) DO NOTHING;
INSERT INTO profiles (id, first_name, last_name, phone, role) VALUES ('bf600c5e-ae9a-4754-b4fb-cca7649d8cf9', 'ROYZ', 'GABRIEL', '08165241644', 'guest') ON CONFLICT (id) DO NOTHING;
INSERT INTO auth.users (id, instance_id, aud, role, email, encrypted_password, email_confirmed_at, created_at, updated_at) VALUES ('bfaec637-acab-405e-865f-d9507d83f61b', '00000000-0000-0000-0000-000000000000', 'authenticated', 'authenticated', 'no-email-2214@example.com', '$argon2id$v=19$m=65536,t=3,p=4$fQ7fF7Zl6j7Q7fF7Zl6j7A$fQ7fF7Zl6j7Q7fF7Zl6j7A', now(), now(), now()) ON CONFLICT (id) DO NOTHING;
INSERT INTO profiles (id, first_name, last_name, phone, role) VALUES ('bfaec637-acab-405e-865f-d9507d83f61b', 'PRINCE', 'Unknown', '', 'guest') ON CONFLICT (id) DO NOTHING;
INSERT INTO auth.users (id, instance_id, aud, role, email, encrypted_password, email_confirmed_at, created_at, updated_at) VALUES ('2719a547-afd2-43c5-9483-396e2dcabdba', '00000000-0000-0000-0000-000000000000', 'authenticated', 'authenticated', 'no-email-2219@example.com', '$argon2id$v=19$m=65536,t=3,p=4$fQ7fF7Zl6j7Q7fF7Zl6j7A$fQ7fF7Zl6j7Q7fF7Zl6j7A', now(), now(), now()) ON CONFLICT (id) DO NOTHING;
INSERT INTO profiles (id, first_name, last_name, phone, role) VALUES ('2719a547-afd2-43c5-9483-396e2dcabdba', 'MR', 'MAYOR', '08165241644', 'guest') ON CONFLICT (id) DO NOTHING;
INSERT INTO auth.users (id, instance_id, aud, role, email, encrypted_password, email_confirmed_at, created_at, updated_at) VALUES ('177cfa9d-ec41-42b2-b96c-4e65c11e4dc3', '00000000-0000-0000-0000-000000000000', 'authenticated', 'authenticated', 'onyechemepaul@gmail.com', '$argon2id$v=19$m=65536,t=3,p=4$fQ7fF7Zl6j7Q7fF7Zl6j7A$fQ7fF7Zl6j7Q7fF7Zl6j7A', now(), now(), now()) ON CONFLICT (id) DO NOTHING;
INSERT INTO profiles (id, first_name, last_name, phone, role) VALUES ('177cfa9d-ec41-42b2-b96c-4e65c11e4dc3', 'Kelechi', 'Onyecheme', '', 'guest') ON CONFLICT (id) DO NOTHING;
INSERT INTO auth.users (id, instance_id, aud, role, email, encrypted_password, email_confirmed_at, created_at, updated_at) VALUES ('26f94e9a-fe4e-41fd-9482-a50a0d3d367f', '00000000-0000-0000-0000-000000000000', 'authenticated', 'authenticated', 'elechimercy@gmail.com', '$argon2id$v=19$m=65536,t=3,p=4$fQ7fF7Zl6j7Q7fF7Zl6j7A$fQ7fF7Zl6j7Q7fF7Zl6j7A', now(), now(), now()) ON CONFLICT (id) DO NOTHING;
INSERT INTO profiles (id, first_name, last_name, phone, role) VALUES ('26f94e9a-fe4e-41fd-9482-a50a0d3d367f', 'MERCY', 'ELECHI', '07089964119', 'guest') ON CONFLICT (id) DO NOTHING;
INSERT INTO auth.users (id, instance_id, aud, role, email, encrypted_password, email_confirmed_at, created_at, updated_at) VALUES ('1afe928e-4427-4dc7-bf36-20e3b88fd9ef', '00000000-0000-0000-0000-000000000000', 'authenticated', 'authenticated', 'no-email-2235@example.com', '$argon2id$v=19$m=65536,t=3,p=4$fQ7fF7Zl6j7Q7fF7Zl6j7A$fQ7fF7Zl6j7Q7fF7Zl6j7A', now(), now(), now()) ON CONFLICT (id) DO NOTHING;
INSERT INTO profiles (id, first_name, last_name, phone, role) VALUES ('1afe928e-4427-4dc7-bf36-20e3b88fd9ef', 'HELEN', 'OKEM', '', 'guest') ON CONFLICT (id) DO NOTHING;
INSERT INTO auth.users (id, instance_id, aud, role, email, encrypted_password, email_confirmed_at, created_at, updated_at) VALUES ('aa9035bf-4c6c-4de4-a931-06dd4310deef', '00000000-0000-0000-0000-000000000000', 'authenticated', 'authenticated', 'no-email-2244@example.com', '$argon2id$v=19$m=65536,t=3,p=4$fQ7fF7Zl6j7Q7fF7Zl6j7A$fQ7fF7Zl6j7Q7fF7Zl6j7A', now(), now(), now()) ON CONFLICT (id) DO NOTHING;
INSERT INTO profiles (id, first_name, last_name, phone, role) VALUES ('aa9035bf-4c6c-4de4-a931-06dd4310deef', 'YOUTH AWARD', 'Unknown', '', 'guest') ON CONFLICT (id) DO NOTHING;
INSERT INTO auth.users (id, instance_id, aud, role, email, encrypted_password, email_confirmed_at, created_at, updated_at) VALUES ('03325933-7530-4d70-8453-ab94bda8bd35', '00000000-0000-0000-0000-000000000000', 'authenticated', 'authenticated', 'no-email-2246@example.com', '$argon2id$v=19$m=65536,t=3,p=4$fQ7fF7Zl6j7Q7fF7Zl6j7A$fQ7fF7Zl6j7Q7fF7Zl6j7A', now(), now(), now()) ON CONFLICT (id) DO NOTHING;
INSERT INTO profiles (id, first_name, last_name, phone, role) VALUES ('03325933-7530-4d70-8453-ab94bda8bd35', 'YOUTH AWARD', 'Unknown', '', 'guest') ON CONFLICT (id) DO NOTHING;
INSERT INTO auth.users (id, instance_id, aud, role, email, encrypted_password, email_confirmed_at, created_at, updated_at) VALUES ('fd79e464-5928-42e5-9f86-5f2e50c98d8b', '00000000-0000-0000-0000-000000000000', 'authenticated', 'authenticated', 'no-email-2251@example.com', '$argon2id$v=19$m=65536,t=3,p=4$fQ7fF7Zl6j7Q7fF7Zl6j7A$fQ7fF7Zl6j7Q7fF7Zl6j7A', now(), now(), now()) ON CONFLICT (id) DO NOTHING;
INSERT INTO profiles (id, first_name, last_name, phone, role) VALUES ('fd79e464-5928-42e5-9f86-5f2e50c98d8b', 'YOUTH AWARD', 'Unknown', '', 'guest') ON CONFLICT (id) DO NOTHING;
INSERT INTO auth.users (id, instance_id, aud, role, email, encrypted_password, email_confirmed_at, created_at, updated_at) VALUES ('ccf0b89c-4d39-48df-8578-ad2c5d03babd', '00000000-0000-0000-0000-000000000000', 'authenticated', 'authenticated', 'shallangwa.jerry@gmail.com', '$argon2id$v=19$m=65536,t=3,p=4$fQ7fF7Zl6j7Q7fF7Zl6j7A$fQ7fF7Zl6j7Q7fF7Zl6j7A', now(), now(), now()) ON CONFLICT (id) DO NOTHING;
INSERT INTO profiles (id, first_name, last_name, phone, role) VALUES ('ccf0b89c-4d39-48df-8578-ad2c5d03babd', 'JEREMIAH', 'SHALLAHGWA', '09020620711', 'guest') ON CONFLICT (id) DO NOTHING;
INSERT INTO auth.users (id, instance_id, aud, role, email, encrypted_password, email_confirmed_at, created_at, updated_at) VALUES ('f887d3e2-b29f-4eaa-a26a-448789a24f6d', '00000000-0000-0000-0000-000000000000', 'authenticated', 'authenticated', 'no-email-2259@example.com', '$argon2id$v=19$m=65536,t=3,p=4$fQ7fF7Zl6j7Q7fF7Zl6j7A$fQ7fF7Zl6j7Q7fF7Zl6j7A', now(), now(), now()) ON CONFLICT (id) DO NOTHING;
INSERT INTO profiles (id, first_name, last_name, phone, role) VALUES ('f887d3e2-b29f-4eaa-a26a-448789a24f6d', 'ILAYA', 'AKPORUARHO', '08067648021', 'guest') ON CONFLICT (id) DO NOTHING;
INSERT INTO auth.users (id, instance_id, aud, role, email, encrypted_password, email_confirmed_at, created_at, updated_at) VALUES ('a2956260-e5f4-4b60-9afc-12052cbc941b', '00000000-0000-0000-0000-000000000000', 'authenticated', 'authenticated', 'no-email-2270@example.com', '$argon2id$v=19$m=65536,t=3,p=4$fQ7fF7Zl6j7Q7fF7Zl6j7A$fQ7fF7Zl6j7Q7fF7Zl6j7A', now(), now(), now()) ON CONFLICT (id) DO NOTHING;
INSERT INTO profiles (id, first_name, last_name, phone, role) VALUES ('a2956260-e5f4-4b60-9afc-12052cbc941b', 'ILAYA', 'AKPORUARHO', '08067648021', 'guest') ON CONFLICT (id) DO NOTHING;
INSERT INTO auth.users (id, instance_id, aud, role, email, encrypted_password, email_confirmed_at, created_at, updated_at) VALUES ('756154f4-c03e-485e-b600-9ddf21559a94', '00000000-0000-0000-0000-000000000000', 'authenticated', 'authenticated', 'no-email-2273@example.com', '$argon2id$v=19$m=65536,t=3,p=4$fQ7fF7Zl6j7Q7fF7Zl6j7A$fQ7fF7Zl6j7Q7fF7Zl6j7A', now(), now(), now()) ON CONFLICT (id) DO NOTHING;
INSERT INTO profiles (id, first_name, last_name, phone, role) VALUES ('756154f4-c03e-485e-b600-9ddf21559a94', 'VICTOR', 'THOMPSON', '', 'guest') ON CONFLICT (id) DO NOTHING;
INSERT INTO auth.users (id, instance_id, aud, role, email, encrypted_password, email_confirmed_at, created_at, updated_at) VALUES ('e0d9dfa4-0394-487f-8099-44ad252fb5da', '00000000-0000-0000-0000-000000000000', 'authenticated', 'authenticated', 'no-email-2278@example.com', '$argon2id$v=19$m=65536,t=3,p=4$fQ7fF7Zl6j7Q7fF7Zl6j7A$fQ7fF7Zl6j7Q7fF7Zl6j7A', now(), now(), now()) ON CONFLICT (id) DO NOTHING;
INSERT INTO profiles (id, first_name, last_name, phone, role) VALUES ('e0d9dfa4-0394-487f-8099-44ad252fb5da', 'ILAYA', 'AKPORUARHO', '08067648021', 'guest') ON CONFLICT (id) DO NOTHING;
INSERT INTO auth.users (id, instance_id, aud, role, email, encrypted_password, email_confirmed_at, created_at, updated_at) VALUES ('34fe21fd-8517-4069-8ed0-5859b32f7a33', '00000000-0000-0000-0000-000000000000', 'authenticated', 'authenticated', 'no-email-2281@example.com', '$argon2id$v=19$m=65536,t=3,p=4$fQ7fF7Zl6j7Q7fF7Zl6j7A$fQ7fF7Zl6j7Q7fF7Zl6j7A', now(), now(), now()) ON CONFLICT (id) DO NOTHING;
INSERT INTO profiles (id, first_name, last_name, phone, role) VALUES ('34fe21fd-8517-4069-8ed0-5859b32f7a33', 'MARSHEL', 'BLESSED', '', 'guest') ON CONFLICT (id) DO NOTHING;
INSERT INTO auth.users (id, instance_id, aud, role, email, encrypted_password, email_confirmed_at, created_at, updated_at) VALUES ('1d441db4-11d4-46e6-817e-96102586f146', '00000000-0000-0000-0000-000000000000', 'authenticated', 'authenticated', 'jukoette@yahoo.com', '$argon2id$v=19$m=65536,t=3,p=4$fQ7fF7Zl6j7Q7fF7Zl6j7A$fQ7fF7Zl6j7Q7fF7Zl6j7A', now(), now(), now()) ON CONFLICT (id) DO NOTHING;
INSERT INTO profiles (id, first_name, last_name, phone, role) VALUES ('1d441db4-11d4-46e6-817e-96102586f146', 'JAMES', 'BASSEY', '07046667723', 'guest') ON CONFLICT (id) DO NOTHING;
INSERT INTO auth.users (id, instance_id, aud, role, email, encrypted_password, email_confirmed_at, created_at, updated_at) VALUES ('d41f488c-8662-473e-b4f1-511603df6f8e', '00000000-0000-0000-0000-000000000000', 'authenticated', 'authenticated', 'no-email-2291@example.com', '$argon2id$v=19$m=65536,t=3,p=4$fQ7fF7Zl6j7Q7fF7Zl6j7A$fQ7fF7Zl6j7Q7fF7Zl6j7A', now(), now(), now()) ON CONFLICT (id) DO NOTHING;
INSERT INTO profiles (id, first_name, last_name, phone, role) VALUES ('d41f488c-8662-473e-b4f1-511603df6f8e', 'ROYZ', 'GABRIEL', '08165241644', 'guest') ON CONFLICT (id) DO NOTHING;
INSERT INTO auth.users (id, instance_id, aud, role, email, encrypted_password, email_confirmed_at, created_at, updated_at) VALUES ('9c5d8651-c86c-412b-baa7-79c901a5817d', '00000000-0000-0000-0000-000000000000', 'authenticated', 'authenticated', 'no-email-2296@example.com', '$argon2id$v=19$m=65536,t=3,p=4$fQ7fF7Zl6j7Q7fF7Zl6j7A$fQ7fF7Zl6j7Q7fF7Zl6j7A', now(), now(), now()) ON CONFLICT (id) DO NOTHING;
INSERT INTO profiles (id, first_name, last_name, phone, role) VALUES ('9c5d8651-c86c-412b-baa7-79c901a5817d', 'UCHE ISRAEL', 'CHUKWUMAH', '', 'guest') ON CONFLICT (id) DO NOTHING;
INSERT INTO auth.users (id, instance_id, aud, role, email, encrypted_password, email_confirmed_at, created_at, updated_at) VALUES ('41fc77c6-0c30-456a-91c8-16e9fe8b0745', '00000000-0000-0000-0000-000000000000', 'authenticated', 'authenticated', 'no-email-2299@example.com', '$argon2id$v=19$m=65536,t=3,p=4$fQ7fF7Zl6j7Q7fF7Zl6j7A$fQ7fF7Zl6j7Q7fF7Zl6j7A', now(), now(), now()) ON CONFLICT (id) DO NOTHING;
INSERT INTO profiles (id, first_name, last_name, phone, role) VALUES ('41fc77c6-0c30-456a-91c8-16e9fe8b0745', 'HANIF', 'MUSTAPHA', '', 'guest') ON CONFLICT (id) DO NOTHING;
INSERT INTO auth.users (id, instance_id, aud, role, email, encrypted_password, email_confirmed_at, created_at, updated_at) VALUES ('e7eb058c-1ecc-43af-a062-8fd2b7c4f528', '00000000-0000-0000-0000-000000000000', 'authenticated', 'authenticated', 'no-email-2305@example.com', '$argon2id$v=19$m=65536,t=3,p=4$fQ7fF7Zl6j7Q7fF7Zl6j7A$fQ7fF7Zl6j7Q7fF7Zl6j7A', now(), now(), now()) ON CONFLICT (id) DO NOTHING;
INSERT INTO profiles (id, first_name, last_name, phone, role) VALUES ('e7eb058c-1ecc-43af-a062-8fd2b7c4f528', 'PRINCEWILL', 'STEPHEN', '08130348135', 'guest') ON CONFLICT (id) DO NOTHING;
INSERT INTO auth.users (id, instance_id, aud, role, email, encrypted_password, email_confirmed_at, created_at, updated_at) VALUES ('1b4ab361-cc62-48c7-acf0-40202edf43b8', '00000000-0000-0000-0000-000000000000', 'authenticated', 'authenticated', 'no-email-2308@example.com', '$argon2id$v=19$m=65536,t=3,p=4$fQ7fF7Zl6j7Q7fF7Zl6j7A$fQ7fF7Zl6j7Q7fF7Zl6j7A', now(), now(), now()) ON CONFLICT (id) DO NOTHING;
INSERT INTO profiles (id, first_name, last_name, phone, role) VALUES ('1b4ab361-cc62-48c7-acf0-40202edf43b8', 'DAUDA', 'YUSUF', '08037252151', 'guest') ON CONFLICT (id) DO NOTHING;
INSERT INTO auth.users (id, instance_id, aud, role, email, encrypted_password, email_confirmed_at, created_at, updated_at) VALUES ('387f3335-a433-48a2-b67f-6f8f7e7365cb', '00000000-0000-0000-0000-000000000000', 'authenticated', 'authenticated', 'no-email-2311@example.com', '$argon2id$v=19$m=65536,t=3,p=4$fQ7fF7Zl6j7Q7fF7Zl6j7A$fQ7fF7Zl6j7Q7fF7Zl6j7A', now(), now(), now()) ON CONFLICT (id) DO NOTHING;
INSERT INTO profiles (id, first_name, last_name, phone, role) VALUES ('387f3335-a433-48a2-b67f-6f8f7e7365cb', 'OMOTOLA', 'EMELYN', '', 'guest') ON CONFLICT (id) DO NOTHING;
INSERT INTO auth.users (id, instance_id, aud, role, email, encrypted_password, email_confirmed_at, created_at, updated_at) VALUES ('60a84a3e-178d-497d-b4a8-1542f80e7ad0', '00000000-0000-0000-0000-000000000000', 'authenticated', 'authenticated', 'no-email-2314@example.com', '$argon2id$v=19$m=65536,t=3,p=4$fQ7fF7Zl6j7Q7fF7Zl6j7A$fQ7fF7Zl6j7Q7fF7Zl6j7A', now(), now(), now()) ON CONFLICT (id) DO NOTHING;
INSERT INTO profiles (id, first_name, last_name, phone, role) VALUES ('60a84a3e-178d-497d-b4a8-1542f80e7ad0', 'PATRICK', 'NDUOMA', '', 'guest') ON CONFLICT (id) DO NOTHING;
INSERT INTO auth.users (id, instance_id, aud, role, email, encrypted_password, email_confirmed_at, created_at, updated_at) VALUES ('fcec674d-9087-48d4-98cb-b35efa91a221', '00000000-0000-0000-0000-000000000000', 'authenticated', 'authenticated', 'no-email-2318@example.com', '$argon2id$v=19$m=65536,t=3,p=4$fQ7fF7Zl6j7Q7fF7Zl6j7A$fQ7fF7Zl6j7Q7fF7Zl6j7A', now(), now(), now()) ON CONFLICT (id) DO NOTHING;
INSERT INTO profiles (id, first_name, last_name, phone, role) VALUES ('fcec674d-9087-48d4-98cb-b35efa91a221', 'ABDULMALIK', 'BULAKOS', '', 'guest') ON CONFLICT (id) DO NOTHING;
INSERT INTO auth.users (id, instance_id, aud, role, email, encrypted_password, email_confirmed_at, created_at, updated_at) VALUES ('38ec2a07-e5cd-481f-9d9a-ab2eb68c57a0', '00000000-0000-0000-0000-000000000000', 'authenticated', 'authenticated', 'no-email-2331@example.com', '$argon2id$v=19$m=65536,t=3,p=4$fQ7fF7Zl6j7Q7fF7Zl6j7A$fQ7fF7Zl6j7Q7fF7Zl6j7A', now(), now(), now()) ON CONFLICT (id) DO NOTHING;
INSERT INTO profiles (id, first_name, last_name, phone, role) VALUES ('38ec2a07-e5cd-481f-9d9a-ab2eb68c57a0', 'AHMED', 'Unknown', '', 'guest') ON CONFLICT (id) DO NOTHING;
INSERT INTO auth.users (id, instance_id, aud, role, email, encrypted_password, email_confirmed_at, created_at, updated_at) VALUES ('181b180f-2a36-41ff-b36d-c2ab718c156c', '00000000-0000-0000-0000-000000000000', 'authenticated', 'authenticated', 'no-email-2336@example.com', '$argon2id$v=19$m=65536,t=3,p=4$fQ7fF7Zl6j7Q7fF7Zl6j7A$fQ7fF7Zl6j7Q7fF7Zl6j7A', now(), now(), now()) ON CONFLICT (id) DO NOTHING;
INSERT INTO profiles (id, first_name, last_name, phone, role) VALUES ('181b180f-2a36-41ff-b36d-c2ab718c156c', 'OBIORA', 'EZE', '', 'guest') ON CONFLICT (id) DO NOTHING;
INSERT INTO auth.users (id, instance_id, aud, role, email, encrypted_password, email_confirmed_at, created_at, updated_at) VALUES ('664fb53e-90f8-4a7f-a380-8fe51f7ac3e3', '00000000-0000-0000-0000-000000000000', 'authenticated', 'authenticated', 'no-email-2340@example.com', '$argon2id$v=19$m=65536,t=3,p=4$fQ7fF7Zl6j7Q7fF7Zl6j7A$fQ7fF7Zl6j7Q7fF7Zl6j7A', now(), now(), now()) ON CONFLICT (id) DO NOTHING;
INSERT INTO profiles (id, first_name, last_name, phone, role) VALUES ('664fb53e-90f8-4a7f-a380-8fe51f7ac3e3', 'DAUDA', 'YUSUF', '08037252151', 'guest') ON CONFLICT (id) DO NOTHING;
INSERT INTO auth.users (id, instance_id, aud, role, email, encrypted_password, email_confirmed_at, created_at, updated_at) VALUES ('0c278c3b-7284-442a-b509-8a246e450fd7', '00000000-0000-0000-0000-000000000000', 'authenticated', 'authenticated', 'no-email-2352@example.com', '$argon2id$v=19$m=65536,t=3,p=4$fQ7fF7Zl6j7Q7fF7Zl6j7A$fQ7fF7Zl6j7Q7fF7Zl6j7A', now(), now(), now()) ON CONFLICT (id) DO NOTHING;
INSERT INTO profiles (id, first_name, last_name, phone, role) VALUES ('0c278c3b-7284-442a-b509-8a246e450fd7', 'JEREMIAH', 'SHALLAHGWA', '09020620711', 'guest') ON CONFLICT (id) DO NOTHING;
INSERT INTO auth.users (id, instance_id, aud, role, email, encrypted_password, email_confirmed_at, created_at, updated_at) VALUES ('e9120bca-f7f3-48ad-9a34-362e3ea34cc5', '00000000-0000-0000-0000-000000000000', 'authenticated', 'authenticated', 'no-email-2355@example.com', '$argon2id$v=19$m=65536,t=3,p=4$fQ7fF7Zl6j7Q7fF7Zl6j7A$fQ7fF7Zl6j7Q7fF7Zl6j7A', now(), now(), now()) ON CONFLICT (id) DO NOTHING;
INSERT INTO profiles (id, first_name, last_name, phone, role) VALUES ('e9120bca-f7f3-48ad-9a34-362e3ea34cc5', '0SAZE', 'Unknown', '', 'guest') ON CONFLICT (id) DO NOTHING;
INSERT INTO auth.users (id, instance_id, aud, role, email, encrypted_password, email_confirmed_at, created_at, updated_at) VALUES ('7a7c195f-ee86-49ef-a116-7e6d5872481a', '00000000-0000-0000-0000-000000000000', 'authenticated', 'authenticated', 'no-email-2358@example.com', '$argon2id$v=19$m=65536,t=3,p=4$fQ7fF7Zl6j7Q7fF7Zl6j7A$fQ7fF7Zl6j7Q7fF7Zl6j7A', now(), now(), now()) ON CONFLICT (id) DO NOTHING;
INSERT INTO profiles (id, first_name, last_name, phone, role) VALUES ('7a7c195f-ee86-49ef-a116-7e6d5872481a', 'MUAA AGM', 'Unknown', '', 'guest') ON CONFLICT (id) DO NOTHING;
INSERT INTO auth.users (id, instance_id, aud, role, email, encrypted_password, email_confirmed_at, created_at, updated_at) VALUES ('5624dea2-73a3-41ff-9400-feb909c91a7e', '00000000-0000-0000-0000-000000000000', 'authenticated', 'authenticated', 'no-email-2360@example.com', '$argon2id$v=19$m=65536,t=3,p=4$fQ7fF7Zl6j7Q7fF7Zl6j7A$fQ7fF7Zl6j7Q7fF7Zl6j7A', now(), now(), now()) ON CONFLICT (id) DO NOTHING;
INSERT INTO profiles (id, first_name, last_name, phone, role) VALUES ('5624dea2-73a3-41ff-9400-feb909c91a7e', 'BAR KAS', 'Unknown', '', 'guest') ON CONFLICT (id) DO NOTHING;
INSERT INTO auth.users (id, instance_id, aud, role, email, encrypted_password, email_confirmed_at, created_at, updated_at) VALUES ('b8c1ea7f-541d-43e1-bfc2-603f537b6620', '00000000-0000-0000-0000-000000000000', 'authenticated', 'authenticated', 'no-email-2363@example.com', '$argon2id$v=19$m=65536,t=3,p=4$fQ7fF7Zl6j7Q7fF7Zl6j7A$fQ7fF7Zl6j7Q7fF7Zl6j7A', now(), now(), now()) ON CONFLICT (id) DO NOTHING;
INSERT INTO profiles (id, first_name, last_name, phone, role) VALUES ('b8c1ea7f-541d-43e1-bfc2-603f537b6620', 'HENRY', 'Unknown', '', 'guest') ON CONFLICT (id) DO NOTHING;
INSERT INTO auth.users (id, instance_id, aud, role, email, encrypted_password, email_confirmed_at, created_at, updated_at) VALUES ('4f4cb150-6cda-435e-9c81-b4e618aea176', '00000000-0000-0000-0000-000000000000', 'authenticated', 'authenticated', 'no-email-2366@example.com', '$argon2id$v=19$m=65536,t=3,p=4$fQ7fF7Zl6j7Q7fF7Zl6j7A$fQ7fF7Zl6j7Q7fF7Zl6j7A', now(), now(), now()) ON CONFLICT (id) DO NOTHING;
INSERT INTO profiles (id, first_name, last_name, phone, role) VALUES ('4f4cb150-6cda-435e-9c81-b4e618aea176', 'VICTOR', 'THOMPSON', '', 'guest') ON CONFLICT (id) DO NOTHING;
INSERT INTO auth.users (id, instance_id, aud, role, email, encrypted_password, email_confirmed_at, created_at, updated_at) VALUES ('1c8b7958-78f2-48fc-bd04-f542373029db', '00000000-0000-0000-0000-000000000000', 'authenticated', 'authenticated', 'no-email-2368@example.com', '$argon2id$v=19$m=65536,t=3,p=4$fQ7fF7Zl6j7Q7fF7Zl6j7A$fQ7fF7Zl6j7Q7fF7Zl6j7A', now(), now(), now()) ON CONFLICT (id) DO NOTHING;
INSERT INTO profiles (id, first_name, last_name, phone, role) VALUES ('1c8b7958-78f2-48fc-bd04-f542373029db', 'MALLAM', 'MANASSEH', '', 'guest') ON CONFLICT (id) DO NOTHING;
INSERT INTO auth.users (id, instance_id, aud, role, email, encrypted_password, email_confirmed_at, created_at, updated_at) VALUES ('fba15516-9fda-4cfe-b6bf-f1a6b3bf6869', '00000000-0000-0000-0000-000000000000', 'authenticated', 'authenticated', 'no-email-2374@example.com', '$argon2id$v=19$m=65536,t=3,p=4$fQ7fF7Zl6j7Q7fF7Zl6j7A$fQ7fF7Zl6j7Q7fF7Zl6j7A', now(), now(), now()) ON CONFLICT (id) DO NOTHING;
INSERT INTO profiles (id, first_name, last_name, phone, role) VALUES ('fba15516-9fda-4cfe-b6bf-f1a6b3bf6869', 'BENKELLY KASARACHI', 'NWACHUKWU', '', 'guest') ON CONFLICT (id) DO NOTHING;
INSERT INTO auth.users (id, instance_id, aud, role, email, encrypted_password, email_confirmed_at, created_at, updated_at) VALUES ('7694c8f6-f694-4d2b-90d2-199a11554459', '00000000-0000-0000-0000-000000000000', 'authenticated', 'authenticated', 'no-email-2379@example.com', '$argon2id$v=19$m=65536,t=3,p=4$fQ7fF7Zl6j7Q7fF7Zl6j7A$fQ7fF7Zl6j7Q7fF7Zl6j7A', now(), now(), now()) ON CONFLICT (id) DO NOTHING;
INSERT INTO profiles (id, first_name, last_name, phone, role) VALUES ('7694c8f6-f694-4d2b-90d2-199a11554459', 'DANIEL', 'SUNDAY', '', 'guest') ON CONFLICT (id) DO NOTHING;
INSERT INTO auth.users (id, instance_id, aud, role, email, encrypted_password, email_confirmed_at, created_at, updated_at) VALUES ('b96dfa1d-c632-48b5-b753-cb695b11c7e9', '00000000-0000-0000-0000-000000000000', 'authenticated', 'authenticated', 'no-email-2388@example.com', '$argon2id$v=19$m=65536,t=3,p=4$fQ7fF7Zl6j7Q7fF7Zl6j7A$fQ7fF7Zl6j7Q7fF7Zl6j7A', now(), now(), now()) ON CONFLICT (id) DO NOTHING;
INSERT INTO profiles (id, first_name, last_name, phone, role) VALUES ('b96dfa1d-c632-48b5-b753-cb695b11c7e9', 'SOLOMON', 'EREMOSELE', '', 'guest') ON CONFLICT (id) DO NOTHING;
INSERT INTO auth.users (id, instance_id, aud, role, email, encrypted_password, email_confirmed_at, created_at, updated_at) VALUES ('22024985-4449-42ed-a372-e0bbeac43aba', '00000000-0000-0000-0000-000000000000', 'authenticated', 'authenticated', 'no-email-2390@example.com', '$argon2id$v=19$m=65536,t=3,p=4$fQ7fF7Zl6j7Q7fF7Zl6j7A$fQ7fF7Zl6j7Q7fF7Zl6j7A', now(), now(), now()) ON CONFLICT (id) DO NOTHING;
INSERT INTO profiles (id, first_name, last_name, phone, role) VALUES ('22024985-4449-42ed-a372-e0bbeac43aba', 'MR & MRS ADEOYE', 'Unknown', '', 'guest') ON CONFLICT (id) DO NOTHING;
INSERT INTO auth.users (id, instance_id, aud, role, email, encrypted_password, email_confirmed_at, created_at, updated_at) VALUES ('3dfac1a6-db54-43a3-8bb9-040d35a4c8a1', '00000000-0000-0000-0000-000000000000', 'authenticated', 'authenticated', 'no-email-2396@example.com', '$argon2id$v=19$m=65536,t=3,p=4$fQ7fF7Zl6j7Q7fF7Zl6j7A$fQ7fF7Zl6j7Q7fF7Zl6j7A', now(), now(), now()) ON CONFLICT (id) DO NOTHING;
INSERT INTO profiles (id, first_name, last_name, phone, role) VALUES ('3dfac1a6-db54-43a3-8bb9-040d35a4c8a1', 'VICTOR', 'AJINE', '', 'guest') ON CONFLICT (id) DO NOTHING;
INSERT INTO auth.users (id, instance_id, aud, role, email, encrypted_password, email_confirmed_at, created_at, updated_at) VALUES ('aa40e8b1-04e3-4ed7-a851-ba6a3cea52d4', '00000000-0000-0000-0000-000000000000', 'authenticated', 'authenticated', 'no-email-2404@example.com', '$argon2id$v=19$m=65536,t=3,p=4$fQ7fF7Zl6j7Q7fF7Zl6j7A$fQ7fF7Zl6j7Q7fF7Zl6j7A', now(), now(), now()) ON CONFLICT (id) DO NOTHING;
INSERT INTO profiles (id, first_name, last_name, phone, role) VALUES ('aa40e8b1-04e3-4ed7-a851-ba6a3cea52d4', 'STEPHEN', 'Unknown', '', 'guest') ON CONFLICT (id) DO NOTHING;
INSERT INTO auth.users (id, instance_id, aud, role, email, encrypted_password, email_confirmed_at, created_at, updated_at) VALUES ('e10b7cf0-2140-43a3-8ac9-1dbfd7125c6c', '00000000-0000-0000-0000-000000000000', 'authenticated', 'authenticated', 'no-email-2408@example.com', '$argon2id$v=19$m=65536,t=3,p=4$fQ7fF7Zl6j7Q7fF7Zl6j7A$fQ7fF7Zl6j7Q7fF7Zl6j7A', now(), now(), now()) ON CONFLICT (id) DO NOTHING;
INSERT INTO profiles (id, first_name, last_name, phone, role) VALUES ('e10b7cf0-2140-43a3-8ac9-1dbfd7125c6c', 'DONALD', 'PETER', '08063511784', 'guest') ON CONFLICT (id) DO NOTHING;
INSERT INTO auth.users (id, instance_id, aud, role, email, encrypted_password, email_confirmed_at, created_at, updated_at) VALUES ('e8b64601-207c-4d39-abcd-d7e3cdd07c76', '00000000-0000-0000-0000-000000000000', 'authenticated', 'authenticated', 'no-email-2412@example.com', '$argon2id$v=19$m=65536,t=3,p=4$fQ7fF7Zl6j7Q7fF7Zl6j7A$fQ7fF7Zl6j7Q7fF7Zl6j7A', now(), now(), now()) ON CONFLICT (id) DO NOTHING;
INSERT INTO profiles (id, first_name, last_name, phone, role) VALUES ('e8b64601-207c-4d39-abcd-d7e3cdd07c76', 'TOCHUKWU', 'ANUKAM', '', 'guest') ON CONFLICT (id) DO NOTHING;
INSERT INTO auth.users (id, instance_id, aud, role, email, encrypted_password, email_confirmed_at, created_at, updated_at) VALUES ('4ed6521d-b2cd-41fc-900a-7b31a65f6e63', '00000000-0000-0000-0000-000000000000', 'authenticated', 'authenticated', 'no-email-2418@example.com', '$argon2id$v=19$m=65536,t=3,p=4$fQ7fF7Zl6j7Q7fF7Zl6j7A$fQ7fF7Zl6j7Q7fF7Zl6j7A', now(), now(), now()) ON CONFLICT (id) DO NOTHING;
INSERT INTO profiles (id, first_name, last_name, phone, role) VALUES ('4ed6521d-b2cd-41fc-900a-7b31a65f6e63', 'RANDY', 'NNELI', '08023371371', 'guest') ON CONFLICT (id) DO NOTHING;
INSERT INTO auth.users (id, instance_id, aud, role, email, encrypted_password, email_confirmed_at, created_at, updated_at) VALUES ('ca05f6e6-beb2-4d4e-b70b-d80cc52a39c5', '00000000-0000-0000-0000-000000000000', 'authenticated', 'authenticated', 'no-email-2420@example.com', '$argon2id$v=19$m=65536,t=3,p=4$fQ7fF7Zl6j7Q7fF7Zl6j7A$fQ7fF7Zl6j7Q7fF7Zl6j7A', now(), now(), now()) ON CONFLICT (id) DO NOTHING;
INSERT INTO profiles (id, first_name, last_name, phone, role) VALUES ('ca05f6e6-beb2-4d4e-b70b-d80cc52a39c5', 'MR BASHIR', 'Unknown', '', 'guest') ON CONFLICT (id) DO NOTHING;
INSERT INTO auth.users (id, instance_id, aud, role, email, encrypted_password, email_confirmed_at, created_at, updated_at) VALUES ('71731ee1-ff16-45fb-90d9-1f0fdc001833', '00000000-0000-0000-0000-000000000000', 'authenticated', 'authenticated', 'no-email-2423@example.com', '$argon2id$v=19$m=65536,t=3,p=4$fQ7fF7Zl6j7Q7fF7Zl6j7A$fQ7fF7Zl6j7Q7fF7Zl6j7A', now(), now(), now()) ON CONFLICT (id) DO NOTHING;
INSERT INTO profiles (id, first_name, last_name, phone, role) VALUES ('71731ee1-ff16-45fb-90d9-1f0fdc001833', 'ZUBBY', 'Unknown', '', 'guest') ON CONFLICT (id) DO NOTHING;
INSERT INTO auth.users (id, instance_id, aud, role, email, encrypted_password, email_confirmed_at, created_at, updated_at) VALUES ('07710a44-e54a-41b8-9a65-82a1c29989f5', '00000000-0000-0000-0000-000000000000', 'authenticated', 'authenticated', 'no-email-2435@example.com', '$argon2id$v=19$m=65536,t=3,p=4$fQ7fF7Zl6j7Q7fF7Zl6j7A$fQ7fF7Zl6j7Q7fF7Zl6j7A', now(), now(), now()) ON CONFLICT (id) DO NOTHING;
INSERT INTO profiles (id, first_name, last_name, phone, role) VALUES ('07710a44-e54a-41b8-9a65-82a1c29989f5', 'PRINCE BY MAYOR', 'Unknown', '', 'guest') ON CONFLICT (id) DO NOTHING;
INSERT INTO auth.users (id, instance_id, aud, role, email, encrypted_password, email_confirmed_at, created_at, updated_at) VALUES ('bb8a0734-d93e-4d0b-b29b-adf5bdfc2f3e', '00000000-0000-0000-0000-000000000000', 'authenticated', 'authenticated', 'no-email-2438@example.com', '$argon2id$v=19$m=65536,t=3,p=4$fQ7fF7Zl6j7Q7fF7Zl6j7A$fQ7fF7Zl6j7Q7fF7Zl6j7A', now(), now(), now()) ON CONFLICT (id) DO NOTHING;
INSERT INTO profiles (id, first_name, last_name, phone, role) VALUES ('bb8a0734-d93e-4d0b-b29b-adf5bdfc2f3e', 'VICTOR', 'ONUHA', '08061428797', 'guest') ON CONFLICT (id) DO NOTHING;
INSERT INTO auth.users (id, instance_id, aud, role, email, encrypted_password, email_confirmed_at, created_at, updated_at) VALUES ('654e77d5-73d5-44f4-b0aa-a3edb8f3f911', '00000000-0000-0000-0000-000000000000', 'authenticated', 'authenticated', 'no-email-2445@example.com', '$argon2id$v=19$m=65536,t=3,p=4$fQ7fF7Zl6j7Q7fF7Zl6j7A$fQ7fF7Zl6j7Q7fF7Zl6j7A', now(), now(), now()) ON CONFLICT (id) DO NOTHING;
INSERT INTO profiles (id, first_name, last_name, phone, role) VALUES ('654e77d5-73d5-44f4-b0aa-a3edb8f3f911', 'MR IK', 'Unknown', '', 'guest') ON CONFLICT (id) DO NOTHING;
INSERT INTO auth.users (id, instance_id, aud, role, email, encrypted_password, email_confirmed_at, created_at, updated_at) VALUES ('82dfd132-1056-4aaa-8066-54118eac6b93', '00000000-0000-0000-0000-000000000000', 'authenticated', 'authenticated', 'no-email-2456@example.com', '$argon2id$v=19$m=65536,t=3,p=4$fQ7fF7Zl6j7Q7fF7Zl6j7A$fQ7fF7Zl6j7Q7fF7Zl6j7A', now(), now(), now()) ON CONFLICT (id) DO NOTHING;
INSERT INTO profiles (id, first_name, last_name, phone, role) VALUES ('82dfd132-1056-4aaa-8066-54118eac6b93', 'ABDULMALIK', 'BULAKOS', '', 'guest') ON CONFLICT (id) DO NOTHING;
INSERT INTO auth.users (id, instance_id, aud, role, email, encrypted_password, email_confirmed_at, created_at, updated_at) VALUES ('660dcb36-324d-4477-a1a9-13a0f860d371', '00000000-0000-0000-0000-000000000000', 'authenticated', 'authenticated', 'no-email-2472@example.com', '$argon2id$v=19$m=65536,t=3,p=4$fQ7fF7Zl6j7Q7fF7Zl6j7A$fQ7fF7Zl6j7Q7fF7Zl6j7A', now(), now(), now()) ON CONFLICT (id) DO NOTHING;
INSERT INTO profiles (id, first_name, last_name, phone, role) VALUES ('660dcb36-324d-4477-a1a9-13a0f860d371', 'BOBBY GUEST', 'Unknown', '', 'guest') ON CONFLICT (id) DO NOTHING;
INSERT INTO auth.users (id, instance_id, aud, role, email, encrypted_password, email_confirmed_at, created_at, updated_at) VALUES ('00baacb2-48d2-400d-a9a8-0a7a9a6e7f6b', '00000000-0000-0000-0000-000000000000', 'authenticated', 'authenticated', 'no-email-2476@example.com', '$argon2id$v=19$m=65536,t=3,p=4$fQ7fF7Zl6j7Q7fF7Zl6j7A$fQ7fF7Zl6j7Q7fF7Zl6j7A', now(), now(), now()) ON CONFLICT (id) DO NOTHING;
INSERT INTO profiles (id, first_name, last_name, phone, role) VALUES ('00baacb2-48d2-400d-a9a8-0a7a9a6e7f6b', 'TOCHUKWU', 'OGBUKE', '', 'guest') ON CONFLICT (id) DO NOTHING;
INSERT INTO auth.users (id, instance_id, aud, role, email, encrypted_password, email_confirmed_at, created_at, updated_at) VALUES ('09166817-132f-4870-99c5-a075c0bca77a', '00000000-0000-0000-0000-000000000000', 'authenticated', 'authenticated', 'no-email-2487@example.com', '$argon2id$v=19$m=65536,t=3,p=4$fQ7fF7Zl6j7Q7fF7Zl6j7A$fQ7fF7Zl6j7Q7fF7Zl6j7A', now(), now(), now()) ON CONFLICT (id) DO NOTHING;
INSERT INTO profiles (id, first_name, last_name, phone, role) VALUES ('09166817-132f-4870-99c5-a075c0bca77a', 'DANIEL', 'Unknown', '', 'guest') ON CONFLICT (id) DO NOTHING;
INSERT INTO auth.users (id, instance_id, aud, role, email, encrypted_password, email_confirmed_at, created_at, updated_at) VALUES ('9a06bccf-4445-41e0-ae8d-522e4f8a45f3', '00000000-0000-0000-0000-000000000000', 'authenticated', 'authenticated', 'no-email-2489@example.com', '$argon2id$v=19$m=65536,t=3,p=4$fQ7fF7Zl6j7Q7fF7Zl6j7A$fQ7fF7Zl6j7Q7fF7Zl6j7A', now(), now(), now()) ON CONFLICT (id) DO NOTHING;
INSERT INTO profiles (id, first_name, last_name, phone, role) VALUES ('9a06bccf-4445-41e0-ae8d-522e4f8a45f3', 'BENKELLY KASARACHI', 'NWACHUKWU', '', 'guest') ON CONFLICT (id) DO NOTHING;
INSERT INTO auth.users (id, instance_id, aud, role, email, encrypted_password, email_confirmed_at, created_at, updated_at) VALUES ('ed95ca9e-38d4-473d-8d42-e2ed23eaa49e', '00000000-0000-0000-0000-000000000000', 'authenticated', 'authenticated', 'no-email-2493@example.com', '$argon2id$v=19$m=65536,t=3,p=4$fQ7fF7Zl6j7Q7fF7Zl6j7A$fQ7fF7Zl6j7Q7fF7Zl6j7A', now(), now(), now()) ON CONFLICT (id) DO NOTHING;
INSERT INTO profiles (id, first_name, last_name, phone, role) VALUES ('ed95ca9e-38d4-473d-8d42-e2ed23eaa49e', 'MR MAYOR', 'Unknown', '', 'guest') ON CONFLICT (id) DO NOTHING;
INSERT INTO auth.users (id, instance_id, aud, role, email, encrypted_password, email_confirmed_at, created_at, updated_at) VALUES ('790ee5b2-6eab-4831-9dea-a7e48ff78031', '00000000-0000-0000-0000-000000000000', 'authenticated', 'authenticated', 'no-email-2497@example.com', '$argon2id$v=19$m=65536,t=3,p=4$fQ7fF7Zl6j7Q7fF7Zl6j7A$fQ7fF7Zl6j7Q7fF7Zl6j7A', now(), now(), now()) ON CONFLICT (id) DO NOTHING;
INSERT INTO profiles (id, first_name, last_name, phone, role) VALUES ('790ee5b2-6eab-4831-9dea-a7e48ff78031', 'KINGSLEY', 'UMEH', '', 'guest') ON CONFLICT (id) DO NOTHING;
INSERT INTO auth.users (id, instance_id, aud, role, email, encrypted_password, email_confirmed_at, created_at, updated_at) VALUES ('6bb5eba0-01d4-4eaf-8605-d77ca170853a', '00000000-0000-0000-0000-000000000000', 'authenticated', 'authenticated', 'no-email-2502@example.com', '$argon2id$v=19$m=65536,t=3,p=4$fQ7fF7Zl6j7Q7fF7Zl6j7A$fQ7fF7Zl6j7Q7fF7Zl6j7A', now(), now(), now()) ON CONFLICT (id) DO NOTHING;
INSERT INTO profiles (id, first_name, last_name, phone, role) VALUES ('6bb5eba0-01d4-4eaf-8605-d77ca170853a', 'PRINCE BY MAYOR', 'Unknown', '', 'guest') ON CONFLICT (id) DO NOTHING;
INSERT INTO auth.users (id, instance_id, aud, role, email, encrypted_password, email_confirmed_at, created_at, updated_at) VALUES ('68aae9c5-9893-421a-a946-c56c7ed09476', '00000000-0000-0000-0000-000000000000', 'authenticated', 'authenticated', 'no-email-2504@example.com', '$argon2id$v=19$m=65536,t=3,p=4$fQ7fF7Zl6j7Q7fF7Zl6j7A$fQ7fF7Zl6j7Q7fF7Zl6j7A', now(), now(), now()) ON CONFLICT (id) DO NOTHING;
INSERT INTO profiles (id, first_name, last_name, phone, role) VALUES ('68aae9c5-9893-421a-a946-c56c7ed09476', 'NWANKWO', 'UZOMA', '', 'guest') ON CONFLICT (id) DO NOTHING;
INSERT INTO auth.users (id, instance_id, aud, role, email, encrypted_password, email_confirmed_at, created_at, updated_at) VALUES ('aaa66a99-9fb5-4a53-b7b5-3c0b3e413cfe', '00000000-0000-0000-0000-000000000000', 'authenticated', 'authenticated', 'no-email-2512@example.com', '$argon2id$v=19$m=65536,t=3,p=4$fQ7fF7Zl6j7Q7fF7Zl6j7A$fQ7fF7Zl6j7Q7fF7Zl6j7A', now(), now(), now()) ON CONFLICT (id) DO NOTHING;
INSERT INTO profiles (id, first_name, last_name, phone, role) VALUES ('aaa66a99-9fb5-4a53-b7b5-3c0b3e413cfe', 'MR ADEOYE', 'Unknown', '', 'guest') ON CONFLICT (id) DO NOTHING;
INSERT INTO auth.users (id, instance_id, aud, role, email, encrypted_password, email_confirmed_at, created_at, updated_at) VALUES ('ec7eace1-e247-4070-bce6-105b744eb322', '00000000-0000-0000-0000-000000000000', 'authenticated', 'authenticated', 'no-email-2514@example.com', '$argon2id$v=19$m=65536,t=3,p=4$fQ7fF7Zl6j7Q7fF7Zl6j7A$fQ7fF7Zl6j7Q7fF7Zl6j7A', now(), now(), now()) ON CONFLICT (id) DO NOTHING;
INSERT INTO profiles (id, first_name, last_name, phone, role) VALUES ('ec7eace1-e247-4070-bce6-105b744eb322', 'YUSUF', 'IMARN', '09110578286', 'guest') ON CONFLICT (id) DO NOTHING;
INSERT INTO auth.users (id, instance_id, aud, role, email, encrypted_password, email_confirmed_at, created_at, updated_at) VALUES ('5cd2a765-d978-422d-a63e-2250003dbe8a', '00000000-0000-0000-0000-000000000000', 'authenticated', 'authenticated', 'no-email-2520@example.com', '$argon2id$v=19$m=65536,t=3,p=4$fQ7fF7Zl6j7Q7fF7Zl6j7A$fQ7fF7Zl6j7Q7fF7Zl6j7A', now(), now(), now()) ON CONFLICT (id) DO NOTHING;
INSERT INTO profiles (id, first_name, last_name, phone, role) VALUES ('5cd2a765-d978-422d-a63e-2250003dbe8a', 'HANIF', 'MUSTAPHA', '', 'guest') ON CONFLICT (id) DO NOTHING;
INSERT INTO auth.users (id, instance_id, aud, role, email, encrypted_password, email_confirmed_at, created_at, updated_at) VALUES ('f204deb2-ff12-4a49-8b0e-98ae4eeb6133', '00000000-0000-0000-0000-000000000000', 'authenticated', 'authenticated', 'no-email-2523@example.com', '$argon2id$v=19$m=65536,t=3,p=4$fQ7fF7Zl6j7Q7fF7Zl6j7A$fQ7fF7Zl6j7Q7fF7Zl6j7A', now(), now(), now()) ON CONFLICT (id) DO NOTHING;
INSERT INTO profiles (id, first_name, last_name, phone, role) VALUES ('f204deb2-ff12-4a49-8b0e-98ae4eeb6133', 'AHMAD', 'IDRIS', '', 'guest') ON CONFLICT (id) DO NOTHING;
INSERT INTO auth.users (id, instance_id, aud, role, email, encrypted_password, email_confirmed_at, created_at, updated_at) VALUES ('af9b8339-6a79-4ff8-a4d4-476b619dfc6b', '00000000-0000-0000-0000-000000000000', 'authenticated', 'authenticated', 'no-email-2530@example.com', '$argon2id$v=19$m=65536,t=3,p=4$fQ7fF7Zl6j7Q7fF7Zl6j7A$fQ7fF7Zl6j7Q7fF7Zl6j7A', now(), now(), now()) ON CONFLICT (id) DO NOTHING;
INSERT INTO profiles (id, first_name, last_name, phone, role) VALUES ('af9b8339-6a79-4ff8-a4d4-476b619dfc6b', 'JAMAL', 'ABDULSALAM', '07067420444', 'guest') ON CONFLICT (id) DO NOTHING;
INSERT INTO auth.users (id, instance_id, aud, role, email, encrypted_password, email_confirmed_at, created_at, updated_at) VALUES ('60b4c8fe-4c61-4d95-ad21-fb1dafc39f43', '00000000-0000-0000-0000-000000000000', 'authenticated', 'authenticated', 'no-email-2534@example.com', '$argon2id$v=19$m=65536,t=3,p=4$fQ7fF7Zl6j7Q7fF7Zl6j7A$fQ7fF7Zl6j7Q7fF7Zl6j7A', now(), now(), now()) ON CONFLICT (id) DO NOTHING;
INSERT INTO profiles (id, first_name, last_name, phone, role) VALUES ('60b4c8fe-4c61-4d95-ad21-fb1dafc39f43', 'GODWIN', 'ROLAND', '09034734408', 'guest') ON CONFLICT (id) DO NOTHING;
INSERT INTO auth.users (id, instance_id, aud, role, email, encrypted_password, email_confirmed_at, created_at, updated_at) VALUES ('d8016ac0-26ff-4756-8599-288017174214', '00000000-0000-0000-0000-000000000000', 'authenticated', 'authenticated', 'no-email-2544@example.com', '$argon2id$v=19$m=65536,t=3,p=4$fQ7fF7Zl6j7Q7fF7Zl6j7A$fQ7fF7Zl6j7Q7fF7Zl6j7A', now(), now(), now()) ON CONFLICT (id) DO NOTHING;
INSERT INTO profiles (id, first_name, last_name, phone, role) VALUES ('d8016ac0-26ff-4756-8599-288017174214', 'ADEOYE', 'JOHN', '', 'guest') ON CONFLICT (id) DO NOTHING;
INSERT INTO auth.users (id, instance_id, aud, role, email, encrypted_password, email_confirmed_at, created_at, updated_at) VALUES ('367da1d0-43b0-446d-a85d-3b56e869f2a2', '00000000-0000-0000-0000-000000000000', 'authenticated', 'authenticated', 'no-email-2559@example.com', '$argon2id$v=19$m=65536,t=3,p=4$fQ7fF7Zl6j7Q7fF7Zl6j7A$fQ7fF7Zl6j7Q7fF7Zl6j7A', now(), now(), now()) ON CONFLICT (id) DO NOTHING;
INSERT INTO profiles (id, first_name, last_name, phone, role) VALUES ('367da1d0-43b0-446d-a85d-3b56e869f2a2', 'ANYIM', 'CHINAZA', '09061387897', 'guest') ON CONFLICT (id) DO NOTHING;
INSERT INTO auth.users (id, instance_id, aud, role, email, encrypted_password, email_confirmed_at, created_at, updated_at) VALUES ('ec6260f7-147e-4e1b-8ec2-e23172540508', '00000000-0000-0000-0000-000000000000', 'authenticated', 'authenticated', 'no-email-2569@example.com', '$argon2id$v=19$m=65536,t=3,p=4$fQ7fF7Zl6j7Q7fF7Zl6j7A$fQ7fF7Zl6j7Q7fF7Zl6j7A', now(), now(), now()) ON CONFLICT (id) DO NOTHING;
INSERT INTO profiles (id, first_name, last_name, phone, role) VALUES ('ec6260f7-147e-4e1b-8ec2-e23172540508', 'RACHEL', 'EYO', '', 'guest') ON CONFLICT (id) DO NOTHING;
INSERT INTO auth.users (id, instance_id, aud, role, email, encrypted_password, email_confirmed_at, created_at, updated_at) VALUES ('f7a40677-b849-4618-8681-38e65ab858ac', '00000000-0000-0000-0000-000000000000', 'authenticated', 'authenticated', 'no-email-2582@example.com', '$argon2id$v=19$m=65536,t=3,p=4$fQ7fF7Zl6j7Q7fF7Zl6j7A$fQ7fF7Zl6j7Q7fF7Zl6j7A', now(), now(), now()) ON CONFLICT (id) DO NOTHING;
INSERT INTO profiles (id, first_name, last_name, phone, role) VALUES ('f7a40677-b849-4618-8681-38e65ab858ac', 'LUGBE', 'HUSBANDS', '', 'guest') ON CONFLICT (id) DO NOTHING;
INSERT INTO auth.users (id, instance_id, aud, role, email, encrypted_password, email_confirmed_at, created_at, updated_at) VALUES ('3bfff291-5789-4012-bf7c-75cd0ad9f758', '00000000-0000-0000-0000-000000000000', 'authenticated', 'authenticated', 'no-email-2585@example.com', '$argon2id$v=19$m=65536,t=3,p=4$fQ7fF7Zl6j7Q7fF7Zl6j7A$fQ7fF7Zl6j7Q7fF7Zl6j7A', now(), now(), now()) ON CONFLICT (id) DO NOTHING;
INSERT INTO profiles (id, first_name, last_name, phone, role) VALUES ('3bfff291-5789-4012-bf7c-75cd0ad9f758', 'LUGBE', 'WIVES', '', 'guest') ON CONFLICT (id) DO NOTHING;
INSERT INTO auth.users (id, instance_id, aud, role, email, encrypted_password, email_confirmed_at, created_at, updated_at) VALUES ('84cd5670-3aa2-4a7a-87fd-e5367d401f07', '00000000-0000-0000-0000-000000000000', 'authenticated', 'authenticated', 'no-email-2587@example.com', '$argon2id$v=19$m=65536,t=3,p=4$fQ7fF7Zl6j7Q7fF7Zl6j7A$fQ7fF7Zl6j7Q7fF7Zl6j7A', now(), now(), now()) ON CONFLICT (id) DO NOTHING;
INSERT INTO profiles (id, first_name, last_name, phone, role) VALUES ('84cd5670-3aa2-4a7a-87fd-e5367d401f07', 'KASARACHI', 'Unknown', '', 'guest') ON CONFLICT (id) DO NOTHING;
INSERT INTO auth.users (id, instance_id, aud, role, email, encrypted_password, email_confirmed_at, created_at, updated_at) VALUES ('70bd8754-55b6-403d-a6e8-0ea325bcd557', '00000000-0000-0000-0000-000000000000', 'authenticated', 'authenticated', 'no-email-2592@example.com', '$argon2id$v=19$m=65536,t=3,p=4$fQ7fF7Zl6j7Q7fF7Zl6j7A$fQ7fF7Zl6j7Q7fF7Zl6j7A', now(), now(), now()) ON CONFLICT (id) DO NOTHING;
INSERT INTO profiles (id, first_name, last_name, phone, role) VALUES ('70bd8754-55b6-403d-a6e8-0ea325bcd557', 'ALEX', 'Unknown', '', 'guest') ON CONFLICT (id) DO NOTHING;
INSERT INTO auth.users (id, instance_id, aud, role, email, encrypted_password, email_confirmed_at, created_at, updated_at) VALUES ('e85de5ac-3acb-43bc-a2c7-1a960f03c1e6', '00000000-0000-0000-0000-000000000000', 'authenticated', 'authenticated', 'no-email-2596@example.com', '$argon2id$v=19$m=65536,t=3,p=4$fQ7fF7Zl6j7Q7fF7Zl6j7A$fQ7fF7Zl6j7Q7fF7Zl6j7A', now(), now(), now()) ON CONFLICT (id) DO NOTHING;
INSERT INTO profiles (id, first_name, last_name, phone, role) VALUES ('e85de5ac-3acb-43bc-a2c7-1a960f03c1e6', 'JULIET', 'ONOJA', '', 'guest') ON CONFLICT (id) DO NOTHING;
INSERT INTO auth.users (id, instance_id, aud, role, email, encrypted_password, email_confirmed_at, created_at, updated_at) VALUES ('4b1c2f68-b83a-4348-b571-13109456af3f', '00000000-0000-0000-0000-000000000000', 'authenticated', 'authenticated', 'no-email-2601@example.com', '$argon2id$v=19$m=65536,t=3,p=4$fQ7fF7Zl6j7Q7fF7Zl6j7A$fQ7fF7Zl6j7Q7fF7Zl6j7A', now(), now(), now()) ON CONFLICT (id) DO NOTHING;
INSERT INTO profiles (id, first_name, last_name, phone, role) VALUES ('4b1c2f68-b83a-4348-b571-13109456af3f', 'HELEN', 'Unknown', '', 'guest') ON CONFLICT (id) DO NOTHING;
INSERT INTO auth.users (id, instance_id, aud, role, email, encrypted_password, email_confirmed_at, created_at, updated_at) VALUES ('68c9f6ae-22fc-4902-a06c-67c0c94adf24', '00000000-0000-0000-0000-000000000000', 'authenticated', 'authenticated', 'no-email-2607@example.com', '$argon2id$v=19$m=65536,t=3,p=4$fQ7fF7Zl6j7Q7fF7Zl6j7A$fQ7fF7Zl6j7Q7fF7Zl6j7A', now(), now(), now()) ON CONFLICT (id) DO NOTHING;
INSERT INTO profiles (id, first_name, last_name, phone, role) VALUES ('68c9f6ae-22fc-4902-a06c-67c0c94adf24', 'INYANG', 'NNAREJI', '', 'guest') ON CONFLICT (id) DO NOTHING;
INSERT INTO auth.users (id, instance_id, aud, role, email, encrypted_password, email_confirmed_at, created_at, updated_at) VALUES ('e9e91f24-edc7-4d76-9cf6-7cada63fe2a8', '00000000-0000-0000-0000-000000000000', 'authenticated', 'authenticated', 'no-email-2612@example.com', '$argon2id$v=19$m=65536,t=3,p=4$fQ7fF7Zl6j7Q7fF7Zl6j7A$fQ7fF7Zl6j7Q7fF7Zl6j7A', now(), now(), now()) ON CONFLICT (id) DO NOTHING;
INSERT INTO profiles (id, first_name, last_name, phone, role) VALUES ('e9e91f24-edc7-4d76-9cf6-7cada63fe2a8', 'INNOCENT', 'Unknown', '', 'guest') ON CONFLICT (id) DO NOTHING;
INSERT INTO auth.users (id, instance_id, aud, role, email, encrypted_password, email_confirmed_at, created_at, updated_at) VALUES ('9f9377c1-f961-48ec-bcb7-88077a60caf2', '00000000-0000-0000-0000-000000000000', 'authenticated', 'authenticated', 'no-email-2621@example.com', '$argon2id$v=19$m=65536,t=3,p=4$fQ7fF7Zl6j7Q7fF7Zl6j7A$fQ7fF7Zl6j7Q7fF7Zl6j7A', now(), now(), now()) ON CONFLICT (id) DO NOTHING;
INSERT INTO profiles (id, first_name, last_name, phone, role) VALUES ('9f9377c1-f961-48ec-bcb7-88077a60caf2', 'ABUJA COMPLETE WOMEN', 'Unknown', '', 'guest') ON CONFLICT (id) DO NOTHING;
INSERT INTO auth.users (id, instance_id, aud, role, email, encrypted_password, email_confirmed_at, created_at, updated_at) VALUES ('8709c9a1-7a9c-4c02-81f2-8856fb8fc82e', '00000000-0000-0000-0000-000000000000', 'authenticated', 'authenticated', 'no-email-2624@example.com', '$argon2id$v=19$m=65536,t=3,p=4$fQ7fF7Zl6j7Q7fF7Zl6j7A$fQ7fF7Zl6j7Q7fF7Zl6j7A', now(), now(), now()) ON CONFLICT (id) DO NOTHING;
INSERT INTO profiles (id, first_name, last_name, phone, role) VALUES ('8709c9a1-7a9c-4c02-81f2-8856fb8fc82e', 'KASARACHI', 'Unknown', '', 'guest') ON CONFLICT (id) DO NOTHING;
INSERT INTO auth.users (id, instance_id, aud, role, email, encrypted_password, email_confirmed_at, created_at, updated_at) VALUES ('11ec47b2-0ce8-406c-8b6a-e30ba120f9d2', '00000000-0000-0000-0000-000000000000', 'authenticated', 'authenticated', 'no-email-2627@example.com', '$argon2id$v=19$m=65536,t=3,p=4$fQ7fF7Zl6j7Q7fF7Zl6j7A$fQ7fF7Zl6j7Q7fF7Zl6j7A', now(), now(), now()) ON CONFLICT (id) DO NOTHING;
INSERT INTO profiles (id, first_name, last_name, phone, role) VALUES ('11ec47b2-0ce8-406c-8b6a-e30ba120f9d2', 'INNOCENT', 'Unknown', '', 'guest') ON CONFLICT (id) DO NOTHING;
INSERT INTO auth.users (id, instance_id, aud, role, email, encrypted_password, email_confirmed_at, created_at, updated_at) VALUES ('952561c2-6c41-42da-a6c0-ce433ef0939d', '00000000-0000-0000-0000-000000000000', 'authenticated', 'authenticated', 'no-email-2630@example.com', '$argon2id$v=19$m=65536,t=3,p=4$fQ7fF7Zl6j7Q7fF7Zl6j7A$fQ7fF7Zl6j7Q7fF7Zl6j7A', now(), now(), now()) ON CONFLICT (id) DO NOTHING;
INSERT INTO profiles (id, first_name, last_name, phone, role) VALUES ('952561c2-6c41-42da-a6c0-ce433ef0939d', 'CHRISTOPHER', 'OSIGWE', '', 'guest') ON CONFLICT (id) DO NOTHING;
INSERT INTO auth.users (id, instance_id, aud, role, email, encrypted_password, email_confirmed_at, created_at, updated_at) VALUES ('c7cd3ba9-caf9-4e5b-9687-a4b24c9f9a4e', '00000000-0000-0000-0000-000000000000', 'authenticated', 'authenticated', 'no-email-2635@example.com', '$argon2id$v=19$m=65536,t=3,p=4$fQ7fF7Zl6j7Q7fF7Zl6j7A$fQ7fF7Zl6j7Q7fF7Zl6j7A', now(), now(), now()) ON CONFLICT (id) DO NOTHING;
INSERT INTO profiles (id, first_name, last_name, phone, role) VALUES ('c7cd3ba9-caf9-4e5b-9687-a4b24c9f9a4e', 'SMART OSINACHI', 'EZE', '09138709007', 'guest') ON CONFLICT (id) DO NOTHING;
INSERT INTO auth.users (id, instance_id, aud, role, email, encrypted_password, email_confirmed_at, created_at, updated_at) VALUES ('7f9e1e5f-34a5-4c51-9edb-e0e936738233', '00000000-0000-0000-0000-000000000000', 'authenticated', 'authenticated', 'eovwero1@gmail.com', '$argon2id$v=19$m=65536,t=3,p=4$fQ7fF7Zl6j7Q7fF7Zl6j7A$fQ7fF7Zl6j7Q7fF7Zl6j7A', now(), now(), now()) ON CONFLICT (id) DO NOTHING;
INSERT INTO profiles (id, first_name, last_name, phone, role) VALUES ('7f9e1e5f-34a5-4c51-9edb-e0e936738233', 'Eferoghene', 'Ovwero', '08153250265', 'guest') ON CONFLICT (id) DO NOTHING;
INSERT INTO auth.users (id, instance_id, aud, role, email, encrypted_password, email_confirmed_at, created_at, updated_at) VALUES ('899d198b-c61a-4951-9aa9-2e5f7f22a011', '00000000-0000-0000-0000-000000000000', 'authenticated', 'authenticated', 'no-email-2644@example.com', '$argon2id$v=19$m=65536,t=3,p=4$fQ7fF7Zl6j7Q7fF7Zl6j7A$fQ7fF7Zl6j7Q7fF7Zl6j7A', now(), now(), now()) ON CONFLICT (id) DO NOTHING;
INSERT INTO profiles (id, first_name, last_name, phone, role) VALUES ('899d198b-c61a-4951-9aa9-2e5f7f22a011', 'HELEN', 'OKEM', '', 'guest') ON CONFLICT (id) DO NOTHING;
INSERT INTO auth.users (id, instance_id, aud, role, email, encrypted_password, email_confirmed_at, created_at, updated_at) VALUES ('e100b1f1-3ff3-4d87-b6f4-c7ceb1a70752', '00000000-0000-0000-0000-000000000000', 'authenticated', 'authenticated', 'no-email-2646@example.com', '$argon2id$v=19$m=65536,t=3,p=4$fQ7fF7Zl6j7Q7fF7Zl6j7A$fQ7fF7Zl6j7Q7fF7Zl6j7A', now(), now(), now()) ON CONFLICT (id) DO NOTHING;
INSERT INTO profiles (id, first_name, last_name, phone, role) VALUES ('e100b1f1-3ff3-4d87-b6f4-c7ceb1a70752', 'ALEXIS', 'OTI', '', 'guest') ON CONFLICT (id) DO NOTHING;
INSERT INTO auth.users (id, instance_id, aud, role, email, encrypted_password, email_confirmed_at, created_at, updated_at) VALUES ('a1631c86-2f7e-41c8-b83a-fbab544a9a91', '00000000-0000-0000-0000-000000000000', 'authenticated', 'authenticated', 'no-email-2649@example.com', '$argon2id$v=19$m=65536,t=3,p=4$fQ7fF7Zl6j7Q7fF7Zl6j7A$fQ7fF7Zl6j7Q7fF7Zl6j7A', now(), now(), now()) ON CONFLICT (id) DO NOTHING;
INSERT INTO profiles (id, first_name, last_name, phone, role) VALUES ('a1631c86-2f7e-41c8-b83a-fbab544a9a91', 'VICTOR', 'THOMPSON', '', 'guest') ON CONFLICT (id) DO NOTHING;
INSERT INTO auth.users (id, instance_id, aud, role, email, encrypted_password, email_confirmed_at, created_at, updated_at) VALUES ('f86a169b-1918-4873-bbd7-d2f9cbeb1f95', '00000000-0000-0000-0000-000000000000', 'authenticated', 'authenticated', 'no-email-2653@example.com', '$argon2id$v=19$m=65536,t=3,p=4$fQ7fF7Zl6j7Q7fF7Zl6j7A$fQ7fF7Zl6j7Q7fF7Zl6j7A', now(), now(), now()) ON CONFLICT (id) DO NOTHING;
INSERT INTO profiles (id, first_name, last_name, phone, role) VALUES ('f86a169b-1918-4873-bbd7-d2f9cbeb1f95', 'OSAROBO', 'Unknown', '', 'guest') ON CONFLICT (id) DO NOTHING;
INSERT INTO auth.users (id, instance_id, aud, role, email, encrypted_password, email_confirmed_at, created_at, updated_at) VALUES ('67618678-ec61-4b88-93e0-b361f3601d49', '00000000-0000-0000-0000-000000000000', 'authenticated', 'authenticated', 'no-email-2665@example.com', '$argon2id$v=19$m=65536,t=3,p=4$fQ7fF7Zl6j7Q7fF7Zl6j7A$fQ7fF7Zl6j7Q7fF7Zl6j7A', now(), now(), now()) ON CONFLICT (id) DO NOTHING;
INSERT INTO profiles (id, first_name, last_name, phone, role) VALUES ('67618678-ec61-4b88-93e0-b361f3601d49', 'NNADI', 'TEDDY', '', 'guest') ON CONFLICT (id) DO NOTHING;
INSERT INTO auth.users (id, instance_id, aud, role, email, encrypted_password, email_confirmed_at, created_at, updated_at) VALUES ('c0573673-8aed-4460-90c4-34553ed2efb1', '00000000-0000-0000-0000-000000000000', 'authenticated', 'authenticated', 'no-email-2671@example.com', '$argon2id$v=19$m=65536,t=3,p=4$fQ7fF7Zl6j7Q7fF7Zl6j7A$fQ7fF7Zl6j7Q7fF7Zl6j7A', now(), now(), now()) ON CONFLICT (id) DO NOTHING;
INSERT INTO profiles (id, first_name, last_name, phone, role) VALUES ('c0573673-8aed-4460-90c4-34553ed2efb1', 'MR OKE', 'Unknown', '', 'guest') ON CONFLICT (id) DO NOTHING;
INSERT INTO auth.users (id, instance_id, aud, role, email, encrypted_password, email_confirmed_at, created_at, updated_at) VALUES ('84837360-e3c1-4c33-994e-047b72aac3c5', '00000000-0000-0000-0000-000000000000', 'authenticated', 'authenticated', 'no-email-2684@example.com', '$argon2id$v=19$m=65536,t=3,p=4$fQ7fF7Zl6j7Q7fF7Zl6j7A$fQ7fF7Zl6j7Q7fF7Zl6j7A', now(), now(), now()) ON CONFLICT (id) DO NOTHING;
INSERT INTO profiles (id, first_name, last_name, phone, role) VALUES ('84837360-e3c1-4c33-994e-047b72aac3c5', 'YASMINE', 'Unknown', '', 'guest') ON CONFLICT (id) DO NOTHING;
INSERT INTO auth.users (id, instance_id, aud, role, email, encrypted_password, email_confirmed_at, created_at, updated_at) VALUES ('170a31d9-4c2c-45a3-a70b-4595d2680f0f', '00000000-0000-0000-0000-000000000000', 'authenticated', 'authenticated', 'no-email-2691@example.com', '$argon2id$v=19$m=65536,t=3,p=4$fQ7fF7Zl6j7Q7fF7Zl6j7A$fQ7fF7Zl6j7Q7fF7Zl6j7A', now(), now(), now()) ON CONFLICT (id) DO NOTHING;
INSERT INTO profiles (id, first_name, last_name, phone, role) VALUES ('170a31d9-4c2c-45a3-a70b-4595d2680f0f', 'IZUNDU', 'JIBULU', '', 'guest') ON CONFLICT (id) DO NOTHING;
INSERT INTO auth.users (id, instance_id, aud, role, email, encrypted_password, email_confirmed_at, created_at, updated_at) VALUES ('6516620f-fc4e-4d89-887b-083e04bb716a', '00000000-0000-0000-0000-000000000000', 'authenticated', 'authenticated', 'no-email-2693@example.com', '$argon2id$v=19$m=65536,t=3,p=4$fQ7fF7Zl6j7Q7fF7Zl6j7A$fQ7fF7Zl6j7Q7fF7Zl6j7A', now(), now(), now()) ON CONFLICT (id) DO NOTHING;
INSERT INTO profiles (id, first_name, last_name, phone, role) VALUES ('6516620f-fc4e-4d89-887b-083e04bb716a', 'IZUNDU', 'JIBULU', '', 'guest') ON CONFLICT (id) DO NOTHING;
INSERT INTO auth.users (id, instance_id, aud, role, email, encrypted_password, email_confirmed_at, created_at, updated_at) VALUES ('e9e46186-9ad5-4e72-80f0-9ac9d2144bc4', '00000000-0000-0000-0000-000000000000', 'authenticated', 'authenticated', 'no-email-2697@example.com', '$argon2id$v=19$m=65536,t=3,p=4$fQ7fF7Zl6j7Q7fF7Zl6j7A$fQ7fF7Zl6j7Q7fF7Zl6j7A', now(), now(), now()) ON CONFLICT (id) DO NOTHING;
INSERT INTO profiles (id, first_name, last_name, phone, role) VALUES ('e9e46186-9ad5-4e72-80f0-9ac9d2144bc4', 'JEREMIAH', 'SHALLAHGWA', '09020620711', 'guest') ON CONFLICT (id) DO NOTHING;
INSERT INTO auth.users (id, instance_id, aud, role, email, encrypted_password, email_confirmed_at, created_at, updated_at) VALUES ('8610a842-8149-4b9a-a826-8c58d8c73e48', '00000000-0000-0000-0000-000000000000', 'authenticated', 'authenticated', 'no-email-2701@example.com', '$argon2id$v=19$m=65536,t=3,p=4$fQ7fF7Zl6j7Q7fF7Zl6j7A$fQ7fF7Zl6j7Q7fF7Zl6j7A', now(), now(), now()) ON CONFLICT (id) DO NOTHING;
INSERT INTO profiles (id, first_name, last_name, phone, role) VALUES ('8610a842-8149-4b9a-a826-8c58d8c73e48', 'MANASSEH', 'Unknown', '', 'guest') ON CONFLICT (id) DO NOTHING;
INSERT INTO auth.users (id, instance_id, aud, role, email, encrypted_password, email_confirmed_at, created_at, updated_at) VALUES ('86da1944-cf49-4d9b-843a-569cf9820e3e', '00000000-0000-0000-0000-000000000000', 'authenticated', 'authenticated', 'no-email-2704@example.com', '$argon2id$v=19$m=65536,t=3,p=4$fQ7fF7Zl6j7Q7fF7Zl6j7A$fQ7fF7Zl6j7Q7fF7Zl6j7A', now(), now(), now()) ON CONFLICT (id) DO NOTHING;
INSERT INTO profiles (id, first_name, last_name, phone, role) VALUES ('86da1944-cf49-4d9b-843a-569cf9820e3e', 'HELEN', 'OKEM', '', 'guest') ON CONFLICT (id) DO NOTHING;
INSERT INTO auth.users (id, instance_id, aud, role, email, encrypted_password, email_confirmed_at, created_at, updated_at) VALUES ('b4a83543-0e15-4a9e-9d13-c907593e199d', '00000000-0000-0000-0000-000000000000', 'authenticated', 'authenticated', 'no-email-2709@example.com', '$argon2id$v=19$m=65536,t=3,p=4$fQ7fF7Zl6j7Q7fF7Zl6j7A$fQ7fF7Zl6j7Q7fF7Zl6j7A', now(), now(), now()) ON CONFLICT (id) DO NOTHING;
INSERT INTO profiles (id, first_name, last_name, phone, role) VALUES ('b4a83543-0e15-4a9e-9d13-c907593e199d', 'NKECHI', 'Unknown', '', 'guest') ON CONFLICT (id) DO NOTHING;
INSERT INTO auth.users (id, instance_id, aud, role, email, encrypted_password, email_confirmed_at, created_at, updated_at) VALUES ('c1c29f8c-cceb-4985-8236-252519a2ed31', '00000000-0000-0000-0000-000000000000', 'authenticated', 'authenticated', 'no-email-2711@example.com', '$argon2id$v=19$m=65536,t=3,p=4$fQ7fF7Zl6j7Q7fF7Zl6j7A$fQ7fF7Zl6j7Q7fF7Zl6j7A', now(), now(), now()) ON CONFLICT (id) DO NOTHING;
INSERT INTO profiles (id, first_name, last_name, phone, role) VALUES ('c1c29f8c-cceb-4985-8236-252519a2ed31', 'AHMADU', 'Unknown', '', 'guest') ON CONFLICT (id) DO NOTHING;
INSERT INTO auth.users (id, instance_id, aud, role, email, encrypted_password, email_confirmed_at, created_at, updated_at) VALUES ('9a87e861-9af7-4421-93b0-6c72fe5984d3', '00000000-0000-0000-0000-000000000000', 'authenticated', 'authenticated', 'no-email-2714@example.com', '$argon2id$v=19$m=65536,t=3,p=4$fQ7fF7Zl6j7Q7fF7Zl6j7A$fQ7fF7Zl6j7Q7fF7Zl6j7A', now(), now(), now()) ON CONFLICT (id) DO NOTHING;
INSERT INTO profiles (id, first_name, last_name, phone, role) VALUES ('9a87e861-9af7-4421-93b0-6c72fe5984d3', 'DORATHY', 'Unknown', '', 'guest') ON CONFLICT (id) DO NOTHING;
INSERT INTO auth.users (id, instance_id, aud, role, email, encrypted_password, email_confirmed_at, created_at, updated_at) VALUES ('40cb9244-5946-4b04-b7a7-ae6ab107ae3b', '00000000-0000-0000-0000-000000000000', 'authenticated', 'authenticated', 'no-email-2726@example.com', '$argon2id$v=19$m=65536,t=3,p=4$fQ7fF7Zl6j7Q7fF7Zl6j7A$fQ7fF7Zl6j7Q7fF7Zl6j7A', now(), now(), now()) ON CONFLICT (id) DO NOTHING;
INSERT INTO profiles (id, first_name, last_name, phone, role) VALUES ('40cb9244-5946-4b04-b7a7-ae6ab107ae3b', 'OSAHON PEACE OJO', 'Unknown', '', 'guest') ON CONFLICT (id) DO NOTHING;
INSERT INTO auth.users (id, instance_id, aud, role, email, encrypted_password, email_confirmed_at, created_at, updated_at) VALUES ('330a3594-424c-456a-a8e7-f8653d1a4d57', '00000000-0000-0000-0000-000000000000', 'authenticated', 'authenticated', 'no-email-2730@example.com', '$argon2id$v=19$m=65536,t=3,p=4$fQ7fF7Zl6j7Q7fF7Zl6j7A$fQ7fF7Zl6j7Q7fF7Zl6j7A', now(), now(), now()) ON CONFLICT (id) DO NOTHING;
INSERT INTO profiles (id, first_name, last_name, phone, role) VALUES ('330a3594-424c-456a-a8e7-f8653d1a4d57', 'ROLAND', 'Unknown', '', 'guest') ON CONFLICT (id) DO NOTHING;
INSERT INTO auth.users (id, instance_id, aud, role, email, encrypted_password, email_confirmed_at, created_at, updated_at) VALUES ('c53abb3f-77c7-477f-92ad-31024d47a17c', '00000000-0000-0000-0000-000000000000', 'authenticated', 'authenticated', 'no-email-2732@example.com', '$argon2id$v=19$m=65536,t=3,p=4$fQ7fF7Zl6j7Q7fF7Zl6j7A$fQ7fF7Zl6j7Q7fF7Zl6j7A', now(), now(), now()) ON CONFLICT (id) DO NOTHING;
INSERT INTO profiles (id, first_name, last_name, phone, role) VALUES ('c53abb3f-77c7-477f-92ad-31024d47a17c', 'MANASSEH', 'Unknown', '', 'guest') ON CONFLICT (id) DO NOTHING;
INSERT INTO auth.users (id, instance_id, aud, role, email, encrypted_password, email_confirmed_at, created_at, updated_at) VALUES ('0f8e91a1-1461-400c-8733-f5a562f8732c', '00000000-0000-0000-0000-000000000000', 'authenticated', 'authenticated', 'no-email-2744@example.com', '$argon2id$v=19$m=65536,t=3,p=4$fQ7fF7Zl6j7Q7fF7Zl6j7A$fQ7fF7Zl6j7Q7fF7Zl6j7A', now(), now(), now()) ON CONFLICT (id) DO NOTHING;
INSERT INTO profiles (id, first_name, last_name, phone, role) VALUES ('0f8e91a1-1461-400c-8733-f5a562f8732c', 'MANASSEH', 'Unknown', '', 'guest') ON CONFLICT (id) DO NOTHING;
INSERT INTO auth.users (id, instance_id, aud, role, email, encrypted_password, email_confirmed_at, created_at, updated_at) VALUES ('6c5570b8-c059-411a-b59a-f325672c0bd4', '00000000-0000-0000-0000-000000000000', 'authenticated', 'authenticated', 'no-email-2750@example.com', '$argon2id$v=19$m=65536,t=3,p=4$fQ7fF7Zl6j7Q7fF7Zl6j7A$fQ7fF7Zl6j7Q7fF7Zl6j7A', now(), now(), now()) ON CONFLICT (id) DO NOTHING;
INSERT INTO profiles (id, first_name, last_name, phone, role) VALUES ('6c5570b8-c059-411a-b59a-f325672c0bd4', 'YUSUF', 'IMARN', '09110578286', 'guest') ON CONFLICT (id) DO NOTHING;
INSERT INTO auth.users (id, instance_id, aud, role, email, encrypted_password, email_confirmed_at, created_at, updated_at) VALUES ('c65d5e8e-b03f-4d74-b103-0132bf7060a7', '00000000-0000-0000-0000-000000000000', 'authenticated', 'authenticated', 'no-email-2754@example.com', '$argon2id$v=19$m=65536,t=3,p=4$fQ7fF7Zl6j7Q7fF7Zl6j7A$fQ7fF7Zl6j7Q7fF7Zl6j7A', now(), now(), now()) ON CONFLICT (id) DO NOTHING;
INSERT INTO profiles (id, first_name, last_name, phone, role) VALUES ('c65d5e8e-b03f-4d74-b103-0132bf7060a7', 'VICTOR', 'THOMPSON', '', 'guest') ON CONFLICT (id) DO NOTHING;
INSERT INTO auth.users (id, instance_id, aud, role, email, encrypted_password, email_confirmed_at, created_at, updated_at) VALUES ('848ad62d-b733-4546-8328-b7fd4cb9c523', '00000000-0000-0000-0000-000000000000', 'authenticated', 'authenticated', 'no-email-2762@example.com', '$argon2id$v=19$m=65536,t=3,p=4$fQ7fF7Zl6j7Q7fF7Zl6j7A$fQ7fF7Zl6j7Q7fF7Zl6j7A', now(), now(), now()) ON CONFLICT (id) DO NOTHING;
INSERT INTO profiles (id, first_name, last_name, phone, role) VALUES ('848ad62d-b733-4546-8328-b7fd4cb9c523', 'HELEN', 'ATTAH', '', 'guest') ON CONFLICT (id) DO NOTHING;
INSERT INTO auth.users (id, instance_id, aud, role, email, encrypted_password, email_confirmed_at, created_at, updated_at) VALUES ('668e6187-6cb6-421f-a656-0c8b332ed3c8', '00000000-0000-0000-0000-000000000000', 'authenticated', 'authenticated', 'no-email-2765@example.com', '$argon2id$v=19$m=65536,t=3,p=4$fQ7fF7Zl6j7Q7fF7Zl6j7A$fQ7fF7Zl6j7Q7fF7Zl6j7A', now(), now(), now()) ON CONFLICT (id) DO NOTHING;
INSERT INTO profiles (id, first_name, last_name, phone, role) VALUES ('668e6187-6cb6-421f-a656-0c8b332ed3c8', 'HELEN', 'ATTAH', '', 'guest') ON CONFLICT (id) DO NOTHING;
INSERT INTO auth.users (id, instance_id, aud, role, email, encrypted_password, email_confirmed_at, created_at, updated_at) VALUES ('c0b77a71-51bc-4ffe-84be-2f10f3b677a7', '00000000-0000-0000-0000-000000000000', 'authenticated', 'authenticated', 'no-email-2772@example.com', '$argon2id$v=19$m=65536,t=3,p=4$fQ7fF7Zl6j7Q7fF7Zl6j7A$fQ7fF7Zl6j7Q7fF7Zl6j7A', now(), now(), now()) ON CONFLICT (id) DO NOTHING;
INSERT INTO profiles (id, first_name, last_name, phone, role) VALUES ('c0b77a71-51bc-4ffe-84be-2f10f3b677a7', 'OSARABO', 'Unknown', '', 'guest') ON CONFLICT (id) DO NOTHING;
INSERT INTO auth.users (id, instance_id, aud, role, email, encrypted_password, email_confirmed_at, created_at, updated_at) VALUES ('bb9b23df-e8f3-49db-a5c6-9feb89905474', '00000000-0000-0000-0000-000000000000', 'authenticated', 'authenticated', 'no-email-2777@example.com', '$argon2id$v=19$m=65536,t=3,p=4$fQ7fF7Zl6j7Q7fF7Zl6j7A$fQ7fF7Zl6j7Q7fF7Zl6j7A', now(), now(), now()) ON CONFLICT (id) DO NOTHING;
INSERT INTO profiles (id, first_name, last_name, phone, role) VALUES ('bb9b23df-e8f3-49db-a5c6-9feb89905474', 'AHMADU', 'Unknown', '', 'guest') ON CONFLICT (id) DO NOTHING;
INSERT INTO auth.users (id, instance_id, aud, role, email, encrypted_password, email_confirmed_at, created_at, updated_at) VALUES ('1a3c751d-b064-4da0-883f-2adb4a59f247', '00000000-0000-0000-0000-000000000000', 'authenticated', 'authenticated', 'no-email-2779@example.com', '$argon2id$v=19$m=65536,t=3,p=4$fQ7fF7Zl6j7Q7fF7Zl6j7A$fQ7fF7Zl6j7Q7fF7Zl6j7A', now(), now(), now()) ON CONFLICT (id) DO NOTHING;
INSERT INTO profiles (id, first_name, last_name, phone, role) VALUES ('1a3c751d-b064-4da0-883f-2adb4a59f247', 'INNOCENT', 'Unknown', '', 'guest') ON CONFLICT (id) DO NOTHING;
INSERT INTO auth.users (id, instance_id, aud, role, email, encrypted_password, email_confirmed_at, created_at, updated_at) VALUES ('c0d1f643-9554-454c-b1ce-73e3e1b95471', '00000000-0000-0000-0000-000000000000', 'authenticated', 'authenticated', 'no-email-2787@example.com', '$argon2id$v=19$m=65536,t=3,p=4$fQ7fF7Zl6j7Q7fF7Zl6j7A$fQ7fF7Zl6j7Q7fF7Zl6j7A', now(), now(), now()) ON CONFLICT (id) DO NOTHING;
INSERT INTO profiles (id, first_name, last_name, phone, role) VALUES ('c0d1f643-9554-454c-b1ce-73e3e1b95471', 'VOLKS', 'Unknown', '', 'guest') ON CONFLICT (id) DO NOTHING;
INSERT INTO auth.users (id, instance_id, aud, role, email, encrypted_password, email_confirmed_at, created_at, updated_at) VALUES ('07970af9-4b24-424b-8af1-4bad6f1b0463', '00000000-0000-0000-0000-000000000000', 'authenticated', 'authenticated', 'no-email-2789@example.com', '$argon2id$v=19$m=65536,t=3,p=4$fQ7fF7Zl6j7Q7fF7Zl6j7A$fQ7fF7Zl6j7Q7fF7Zl6j7A', now(), now(), now()) ON CONFLICT (id) DO NOTHING;
INSERT INTO profiles (id, first_name, last_name, phone, role) VALUES ('07970af9-4b24-424b-8af1-4bad6f1b0463', 'VOLKS', 'Unknown', '', 'guest') ON CONFLICT (id) DO NOTHING;
INSERT INTO auth.users (id, instance_id, aud, role, email, encrypted_password, email_confirmed_at, created_at, updated_at) VALUES ('af0e4ae0-45cd-48d3-9cda-59e4b1230dec', '00000000-0000-0000-0000-000000000000', 'authenticated', 'authenticated', 'no-email-2794@example.com', '$argon2id$v=19$m=65536,t=3,p=4$fQ7fF7Zl6j7Q7fF7Zl6j7A$fQ7fF7Zl6j7Q7fF7Zl6j7A', now(), now(), now()) ON CONFLICT (id) DO NOTHING;
INSERT INTO profiles (id, first_name, last_name, phone, role) VALUES ('af0e4ae0-45cd-48d3-9cda-59e4b1230dec', 'OLATUNJI', 'Unknown', '', 'guest') ON CONFLICT (id) DO NOTHING;
INSERT INTO auth.users (id, instance_id, aud, role, email, encrypted_password, email_confirmed_at, created_at, updated_at) VALUES ('bfee5421-1b43-4ae1-b17c-c0c6ab6eaf98', '00000000-0000-0000-0000-000000000000', 'authenticated', 'authenticated', 'no-email-2798@example.com', '$argon2id$v=19$m=65536,t=3,p=4$fQ7fF7Zl6j7Q7fF7Zl6j7A$fQ7fF7Zl6j7Q7fF7Zl6j7A', now(), now(), now()) ON CONFLICT (id) DO NOTHING;
INSERT INTO profiles (id, first_name, last_name, phone, role) VALUES ('bfee5421-1b43-4ae1-b17c-c0c6ab6eaf98', 'ADEOYE', 'JOHN', '', 'guest') ON CONFLICT (id) DO NOTHING;
INSERT INTO auth.users (id, instance_id, aud, role, email, encrypted_password, email_confirmed_at, created_at, updated_at) VALUES ('a14dd563-0baf-413b-a71e-03bc9b683f15', '00000000-0000-0000-0000-000000000000', 'authenticated', 'authenticated', 'no-email-2802@example.com', '$argon2id$v=19$m=65536,t=3,p=4$fQ7fF7Zl6j7Q7fF7Zl6j7A$fQ7fF7Zl6j7Q7fF7Zl6j7A', now(), now(), now()) ON CONFLICT (id) DO NOTHING;
INSERT INTO profiles (id, first_name, last_name, phone, role) VALUES ('a14dd563-0baf-413b-a71e-03bc9b683f15', 'DANIEL', 'Unknown', '', 'guest') ON CONFLICT (id) DO NOTHING;
INSERT INTO auth.users (id, instance_id, aud, role, email, encrypted_password, email_confirmed_at, created_at, updated_at) VALUES ('4f3a75c2-d22c-4e9c-99af-7a0339bead86', '00000000-0000-0000-0000-000000000000', 'authenticated', 'authenticated', 'no-email-2807@example.com', '$argon2id$v=19$m=65536,t=3,p=4$fQ7fF7Zl6j7Q7fF7Zl6j7A$fQ7fF7Zl6j7Q7fF7Zl6j7A', now(), now(), now()) ON CONFLICT (id) DO NOTHING;
INSERT INTO profiles (id, first_name, last_name, phone, role) VALUES ('4f3a75c2-d22c-4e9c-99af-7a0339bead86', 'FELIX', 'Unknown', '', 'guest') ON CONFLICT (id) DO NOTHING;
INSERT INTO auth.users (id, instance_id, aud, role, email, encrypted_password, email_confirmed_at, created_at, updated_at) VALUES ('581f3eea-f53d-4404-a77b-eb56c5a04a18', '00000000-0000-0000-0000-000000000000', 'authenticated', 'authenticated', 'no-email-2810@example.com', '$argon2id$v=19$m=65536,t=3,p=4$fQ7fF7Zl6j7Q7fF7Zl6j7A$fQ7fF7Zl6j7Q7fF7Zl6j7A', now(), now(), now()) ON CONFLICT (id) DO NOTHING;
INSERT INTO profiles (id, first_name, last_name, phone, role) VALUES ('581f3eea-f53d-4404-a77b-eb56c5a04a18', 'AHEMED', 'Unknown', '', 'guest') ON CONFLICT (id) DO NOTHING;
INSERT INTO auth.users (id, instance_id, aud, role, email, encrypted_password, email_confirmed_at, created_at, updated_at) VALUES ('e3f58513-17ac-4b0a-a71b-dc151ad22fc3', '00000000-0000-0000-0000-000000000000', 'authenticated', 'authenticated', 'no-email-2813@example.com', '$argon2id$v=19$m=65536,t=3,p=4$fQ7fF7Zl6j7Q7fF7Zl6j7A$fQ7fF7Zl6j7Q7fF7Zl6j7A', now(), now(), now()) ON CONFLICT (id) DO NOTHING;
INSERT INTO profiles (id, first_name, last_name, phone, role) VALUES ('e3f58513-17ac-4b0a-a71b-dc151ad22fc3', 'FELIX', 'Unknown', '', 'guest') ON CONFLICT (id) DO NOTHING;
INSERT INTO auth.users (id, instance_id, aud, role, email, encrypted_password, email_confirmed_at, created_at, updated_at) VALUES ('46796107-63e3-4e5b-a549-641df2fe4394', '00000000-0000-0000-0000-000000000000', 'authenticated', 'authenticated', 'no-email-2817@example.com', '$argon2id$v=19$m=65536,t=3,p=4$fQ7fF7Zl6j7Q7fF7Zl6j7A$fQ7fF7Zl6j7Q7fF7Zl6j7A', now(), now(), now()) ON CONFLICT (id) DO NOTHING;
INSERT INTO profiles (id, first_name, last_name, phone, role) VALUES ('46796107-63e3-4e5b-a549-641df2fe4394', 'MR MAYOR', 'Unknown', '', 'guest') ON CONFLICT (id) DO NOTHING;
INSERT INTO auth.users (id, instance_id, aud, role, email, encrypted_password, email_confirmed_at, created_at, updated_at) VALUES ('f2426502-e559-494d-8ed4-14c0345433f1', '00000000-0000-0000-0000-000000000000', 'authenticated', 'authenticated', 'no-email-2823@example.com', '$argon2id$v=19$m=65536,t=3,p=4$fQ7fF7Zl6j7Q7fF7Zl6j7A$fQ7fF7Zl6j7Q7fF7Zl6j7A', now(), now(), now()) ON CONFLICT (id) DO NOTHING;
INSERT INTO profiles (id, first_name, last_name, phone, role) VALUES ('f2426502-e559-494d-8ed4-14c0345433f1', 'JEREMIAH', 'SHALLAHGWA', '09020620711', 'guest') ON CONFLICT (id) DO NOTHING;
INSERT INTO auth.users (id, instance_id, aud, role, email, encrypted_password, email_confirmed_at, created_at, updated_at) VALUES ('9a26fb73-41ae-45dd-8203-042ac0ae5681', '00000000-0000-0000-0000-000000000000', 'authenticated', 'authenticated', 'no-email-2828@example.com', '$argon2id$v=19$m=65536,t=3,p=4$fQ7fF7Zl6j7Q7fF7Zl6j7A$fQ7fF7Zl6j7Q7fF7Zl6j7A', now(), now(), now()) ON CONFLICT (id) DO NOTHING;
INSERT INTO profiles (id, first_name, last_name, phone, role) VALUES ('9a26fb73-41ae-45dd-8203-042ac0ae5681', 'UGOCHI JENNIFER', 'NWAKPUO', '', 'guest') ON CONFLICT (id) DO NOTHING;
INSERT INTO auth.users (id, instance_id, aud, role, email, encrypted_password, email_confirmed_at, created_at, updated_at) VALUES ('6e7dfa89-cc56-4b64-aaab-c4bef83a3f4b', '00000000-0000-0000-0000-000000000000', 'authenticated', 'authenticated', 'no-email-2836@example.com', '$argon2id$v=19$m=65536,t=3,p=4$fQ7fF7Zl6j7Q7fF7Zl6j7A$fQ7fF7Zl6j7Q7fF7Zl6j7A', now(), now(), now()) ON CONFLICT (id) DO NOTHING;
INSERT INTO profiles (id, first_name, last_name, phone, role) VALUES ('6e7dfa89-cc56-4b64-aaab-c4bef83a3f4b', 'VOLKS', 'Unknown', '', 'guest') ON CONFLICT (id) DO NOTHING;
INSERT INTO auth.users (id, instance_id, aud, role, email, encrypted_password, email_confirmed_at, created_at, updated_at) VALUES ('eb344f29-fb3c-4d8c-934a-c598738d3a5d', '00000000-0000-0000-0000-000000000000', 'authenticated', 'authenticated', 'no-email-2839@example.com', '$argon2id$v=19$m=65536,t=3,p=4$fQ7fF7Zl6j7Q7fF7Zl6j7A$fQ7fF7Zl6j7Q7fF7Zl6j7A', now(), now(), now()) ON CONFLICT (id) DO NOTHING;
INSERT INTO profiles (id, first_name, last_name, phone, role) VALUES ('eb344f29-fb3c-4d8c-934a-c598738d3a5d', 'SAMUEL', 'OMALE', '', 'guest') ON CONFLICT (id) DO NOTHING;
INSERT INTO auth.users (id, instance_id, aud, role, email, encrypted_password, email_confirmed_at, created_at, updated_at) VALUES ('98c87545-e0f3-497f-9c44-230734ec499a', '00000000-0000-0000-0000-000000000000', 'authenticated', 'authenticated', 'no-email-2843@example.com', '$argon2id$v=19$m=65536,t=3,p=4$fQ7fF7Zl6j7Q7fF7Zl6j7A$fQ7fF7Zl6j7Q7fF7Zl6j7A', now(), now(), now()) ON CONFLICT (id) DO NOTHING;
INSERT INTO profiles (id, first_name, last_name, phone, role) VALUES ('98c87545-e0f3-497f-9c44-230734ec499a', 'DUMEBI', 'ODITAH', '', 'guest') ON CONFLICT (id) DO NOTHING;
INSERT INTO auth.users (id, instance_id, aud, role, email, encrypted_password, email_confirmed_at, created_at, updated_at) VALUES ('4d7c4232-4d1a-4dfb-a3fd-8f38ebaee5dd', '00000000-0000-0000-0000-000000000000', 'authenticated', 'authenticated', 'areyoufreefromsinn@gmail.com', '$argon2id$v=19$m=65536,t=3,p=4$fQ7fF7Zl6j7Q7fF7Zl6j7A$fQ7fF7Zl6j7Q7fF7Zl6j7A', now(), now(), now()) ON CONFLICT (id) DO NOTHING;
INSERT INTO profiles (id, first_name, last_name, phone, role) VALUES ('4d7c4232-4d1a-4dfb-a3fd-8f38ebaee5dd', 'SAMUEL', 'OCHAI', '09029513092', 'guest') ON CONFLICT (id) DO NOTHING;
INSERT INTO auth.users (id, instance_id, aud, role, email, encrypted_password, email_confirmed_at, created_at, updated_at) VALUES ('11a96183-1336-491a-be11-6339adcbbe46', '00000000-0000-0000-0000-000000000000', 'authenticated', 'authenticated', 'no-email-2849@example.com', '$argon2id$v=19$m=65536,t=3,p=4$fQ7fF7Zl6j7Q7fF7Zl6j7A$fQ7fF7Zl6j7Q7fF7Zl6j7A', now(), now(), now()) ON CONFLICT (id) DO NOTHING;
INSERT INTO profiles (id, first_name, last_name, phone, role) VALUES ('11a96183-1336-491a-be11-6339adcbbe46', 'DONALD', 'PETER', '08063511784', 'guest') ON CONFLICT (id) DO NOTHING;
INSERT INTO auth.users (id, instance_id, aud, role, email, encrypted_password, email_confirmed_at, created_at, updated_at) VALUES ('b4db3ce7-8353-4b5e-a43e-737445185aa2', '00000000-0000-0000-0000-000000000000', 'authenticated', 'authenticated', 'no-email-2856@example.com', '$argon2id$v=19$m=65536,t=3,p=4$fQ7fF7Zl6j7Q7fF7Zl6j7A$fQ7fF7Zl6j7Q7fF7Zl6j7A', now(), now(), now()) ON CONFLICT (id) DO NOTHING;
INSERT INTO profiles (id, first_name, last_name, phone, role) VALUES ('b4db3ce7-8353-4b5e-a43e-737445185aa2', 'JOHN', 'CHIAZOR', '', 'guest') ON CONFLICT (id) DO NOTHING;
INSERT INTO auth.users (id, instance_id, aud, role, email, encrypted_password, email_confirmed_at, created_at, updated_at) VALUES ('399b205c-a642-4d78-988a-a9f969a60757', '00000000-0000-0000-0000-000000000000', 'authenticated', 'authenticated', 'no-email-2864@example.com', '$argon2id$v=19$m=65536,t=3,p=4$fQ7fF7Zl6j7Q7fF7Zl6j7A$fQ7fF7Zl6j7Q7fF7Zl6j7A', now(), now(), now()) ON CONFLICT (id) DO NOTHING;
INSERT INTO profiles (id, first_name, last_name, phone, role) VALUES ('399b205c-a642-4d78-988a-a9f969a60757', 'MR', 'MAYOR', '', 'guest') ON CONFLICT (id) DO NOTHING;
INSERT INTO auth.users (id, instance_id, aud, role, email, encrypted_password, email_confirmed_at, created_at, updated_at) VALUES ('6bab5842-0c2d-4951-a092-fe2f5bdc9bf2', '00000000-0000-0000-0000-000000000000', 'authenticated', 'authenticated', 'patrickxnikki@gmail.com', '$argon2id$v=19$m=65536,t=3,p=4$fQ7fF7Zl6j7Q7fF7Zl6j7A$fQ7fF7Zl6j7Q7fF7Zl6j7A', now(), now(), now()) ON CONFLICT (id) DO NOTHING;
INSERT INTO profiles (id, first_name, last_name, phone, role) VALUES ('6bab5842-0c2d-4951-a092-fe2f5bdc9bf2', 'KUDATHELGE JAGATH', 'PEIRIS', '', 'guest') ON CONFLICT (id) DO NOTHING;
INSERT INTO auth.users (id, instance_id, aud, role, email, encrypted_password, email_confirmed_at, created_at, updated_at) VALUES ('e32d7b30-45b1-4dc0-bb45-b3e4222d358f', '00000000-0000-0000-0000-000000000000', 'authenticated', 'authenticated', 'no-email-2875@example.com', '$argon2id$v=19$m=65536,t=3,p=4$fQ7fF7Zl6j7Q7fF7Zl6j7A$fQ7fF7Zl6j7Q7fF7Zl6j7A', now(), now(), now()) ON CONFLICT (id) DO NOTHING;
INSERT INTO profiles (id, first_name, last_name, phone, role) VALUES ('e32d7b30-45b1-4dc0-bb45-b3e4222d358f', 'DAVID', 'OLADIMEJI', '', 'guest') ON CONFLICT (id) DO NOTHING;
INSERT INTO auth.users (id, instance_id, aud, role, email, encrypted_password, email_confirmed_at, created_at, updated_at) VALUES ('e9f655e1-36fd-4267-974e-cafaef47c6a2', '00000000-0000-0000-0000-000000000000', 'authenticated', 'authenticated', 'no-email-2882@example.com', '$argon2id$v=19$m=65536,t=3,p=4$fQ7fF7Zl6j7Q7fF7Zl6j7A$fQ7fF7Zl6j7Q7fF7Zl6j7A', now(), now(), now()) ON CONFLICT (id) DO NOTHING;
INSERT INTO profiles (id, first_name, last_name, phone, role) VALUES ('e9f655e1-36fd-4267-974e-cafaef47c6a2', 'DAVID', 'OLADIMEJI', '', 'guest') ON CONFLICT (id) DO NOTHING;
INSERT INTO auth.users (id, instance_id, aud, role, email, encrypted_password, email_confirmed_at, created_at, updated_at) VALUES ('827c8ec8-1599-4de3-85e5-c3b0807abc40', '00000000-0000-0000-0000-000000000000', 'authenticated', 'authenticated', 'no-email-2886@example.com', '$argon2id$v=19$m=65536,t=3,p=4$fQ7fF7Zl6j7Q7fF7Zl6j7A$fQ7fF7Zl6j7Q7fF7Zl6j7A', now(), now(), now()) ON CONFLICT (id) DO NOTHING;
INSERT INTO profiles (id, first_name, last_name, phone, role) VALUES ('827c8ec8-1599-4de3-85e5-c3b0807abc40', 'MR CHRIS', 'Unknown', '', 'guest') ON CONFLICT (id) DO NOTHING;
INSERT INTO auth.users (id, instance_id, aud, role, email, encrypted_password, email_confirmed_at, created_at, updated_at) VALUES ('433668b7-c5ee-46aa-a167-8afa37e08b1d', '00000000-0000-0000-0000-000000000000', 'authenticated', 'authenticated', 'no-email-2893@example.com', '$argon2id$v=19$m=65536,t=3,p=4$fQ7fF7Zl6j7Q7fF7Zl6j7A$fQ7fF7Zl6j7Q7fF7Zl6j7A', now(), now(), now()) ON CONFLICT (id) DO NOTHING;
INSERT INTO profiles (id, first_name, last_name, phone, role) VALUES ('433668b7-c5ee-46aa-a167-8afa37e08b1d', 'STEVE', 'Unknown', '', 'guest') ON CONFLICT (id) DO NOTHING;
INSERT INTO auth.users (id, instance_id, aud, role, email, encrypted_password, email_confirmed_at, created_at, updated_at) VALUES ('e648958d-b9fb-4a2b-93a6-55bd481c4a3a', '00000000-0000-0000-0000-000000000000', 'authenticated', 'authenticated', 'no-email-2896@example.com', '$argon2id$v=19$m=65536,t=3,p=4$fQ7fF7Zl6j7Q7fF7Zl6j7A$fQ7fF7Zl6j7Q7fF7Zl6j7A', now(), now(), now()) ON CONFLICT (id) DO NOTHING;
INSERT INTO profiles (id, first_name, last_name, phone, role) VALUES ('e648958d-b9fb-4a2b-93a6-55bd481c4a3a', 'TOSIN', 'Unknown', '', 'guest') ON CONFLICT (id) DO NOTHING;
INSERT INTO auth.users (id, instance_id, aud, role, email, encrypted_password, email_confirmed_at, created_at, updated_at) VALUES ('c54dc255-637c-46cf-a673-93619aa32dd7', '00000000-0000-0000-0000-000000000000', 'authenticated', 'authenticated', 'no-email-2902@example.com', '$argon2id$v=19$m=65536,t=3,p=4$fQ7fF7Zl6j7Q7fF7Zl6j7A$fQ7fF7Zl6j7Q7fF7Zl6j7A', now(), now(), now()) ON CONFLICT (id) DO NOTHING;
INSERT INTO profiles (id, first_name, last_name, phone, role) VALUES ('c54dc255-637c-46cf-a673-93619aa32dd7', 'VICTOR', 'EFE', '', 'guest') ON CONFLICT (id) DO NOTHING;
INSERT INTO auth.users (id, instance_id, aud, role, email, encrypted_password, email_confirmed_at, created_at, updated_at) VALUES ('62289790-5c0f-4f7f-8688-c3a6c8d86c64', '00000000-0000-0000-0000-000000000000', 'authenticated', 'authenticated', 'no-email-2906@example.com', '$argon2id$v=19$m=65536,t=3,p=4$fQ7fF7Zl6j7Q7fF7Zl6j7A$fQ7fF7Zl6j7Q7fF7Zl6j7A', now(), now(), now()) ON CONFLICT (id) DO NOTHING;
INSERT INTO profiles (id, first_name, last_name, phone, role) VALUES ('62289790-5c0f-4f7f-8688-c3a6c8d86c64', 'BOBBY GUEST', 'Unknown', '', 'guest') ON CONFLICT (id) DO NOTHING;
INSERT INTO auth.users (id, instance_id, aud, role, email, encrypted_password, email_confirmed_at, created_at, updated_at) VALUES ('5d4147ea-46c5-4e3c-aac1-2b6ac85e4a29', '00000000-0000-0000-0000-000000000000', 'authenticated', 'authenticated', 'no-email-2913@example.com', '$argon2id$v=19$m=65536,t=3,p=4$fQ7fF7Zl6j7Q7fF7Zl6j7A$fQ7fF7Zl6j7Q7fF7Zl6j7A', now(), now(), now()) ON CONFLICT (id) DO NOTHING;
INSERT INTO profiles (id, first_name, last_name, phone, role) VALUES ('5d4147ea-46c5-4e3c-aac1-2b6ac85e4a29', 'ALHASSAN', 'HAMZA', '', 'guest') ON CONFLICT (id) DO NOTHING;
INSERT INTO auth.users (id, instance_id, aud, role, email, encrypted_password, email_confirmed_at, created_at, updated_at) VALUES ('7bff287a-eb6c-44f6-94c6-ee0505dbe839', '00000000-0000-0000-0000-000000000000', 'authenticated', 'authenticated', 'no-email-2915@example.com', '$argon2id$v=19$m=65536,t=3,p=4$fQ7fF7Zl6j7Q7fF7Zl6j7A$fQ7fF7Zl6j7Q7fF7Zl6j7A', now(), now(), now()) ON CONFLICT (id) DO NOTHING;
INSERT INTO profiles (id, first_name, last_name, phone, role) VALUES ('7bff287a-eb6c-44f6-94c6-ee0505dbe839', 'JOAN', 'Unknown', '', 'guest') ON CONFLICT (id) DO NOTHING;
INSERT INTO auth.users (id, instance_id, aud, role, email, encrypted_password, email_confirmed_at, created_at, updated_at) VALUES ('2a24f6ed-987e-4fb0-87e7-53093731690d', '00000000-0000-0000-0000-000000000000', 'authenticated', 'authenticated', 'no-email-2917@example.com', '$argon2id$v=19$m=65536,t=3,p=4$fQ7fF7Zl6j7Q7fF7Zl6j7A$fQ7fF7Zl6j7Q7fF7Zl6j7A', now(), now(), now()) ON CONFLICT (id) DO NOTHING;
INSERT INTO profiles (id, first_name, last_name, phone, role) VALUES ('2a24f6ed-987e-4fb0-87e7-53093731690d', 'ALIYU', 'BELLO', '07018701707', 'guest') ON CONFLICT (id) DO NOTHING;
INSERT INTO auth.users (id, instance_id, aud, role, email, encrypted_password, email_confirmed_at, created_at, updated_at) VALUES ('0a60f2e3-81f8-4b0c-a453-26d45481d310', '00000000-0000-0000-0000-000000000000', 'authenticated', 'authenticated', 'adaji.obaje@gmail.com', '$argon2id$v=19$m=65536,t=3,p=4$fQ7fF7Zl6j7Q7fF7Zl6j7A$fQ7fF7Zl6j7Q7fF7Zl6j7A', now(), now(), now()) ON CONFLICT (id) DO NOTHING;
INSERT INTO profiles (id, first_name, last_name, phone, role) VALUES ('0a60f2e3-81f8-4b0c-a453-26d45481d310', 'Adaji', 'Obaje', '8039739667', 'guest') ON CONFLICT (id) DO NOTHING;
INSERT INTO auth.users (id, instance_id, aud, role, email, encrypted_password, email_confirmed_at, created_at, updated_at) VALUES ('5da116db-788a-4dd8-8f57-3260906824ff', '00000000-0000-0000-0000-000000000000', 'authenticated', 'authenticated', 'komolafeabraham@gmail.com', '$argon2id$v=19$m=65536,t=3,p=4$fQ7fF7Zl6j7Q7fF7Zl6j7A$fQ7fF7Zl6j7Q7fF7Zl6j7A', now(), now(), now()) ON CONFLICT (id) DO NOTHING;
INSERT INTO profiles (id, first_name, last_name, phone, role) VALUES ('5da116db-788a-4dd8-8f57-3260906824ff', 'ABRAHAM OLUMIDE', 'KOMOLAFE', '08063267821', 'guest') ON CONFLICT (id) DO NOTHING;
INSERT INTO auth.users (id, instance_id, aud, role, email, encrypted_password, email_confirmed_at, created_at, updated_at) VALUES ('eccfdd23-de0f-4d21-8f71-d788601f20cb', '00000000-0000-0000-0000-000000000000', 'authenticated', 'authenticated', 'no-email-2939@example.com', '$argon2id$v=19$m=65536,t=3,p=4$fQ7fF7Zl6j7Q7fF7Zl6j7A$fQ7fF7Zl6j7Q7fF7Zl6j7A', now(), now(), now()) ON CONFLICT (id) DO NOTHING;
INSERT INTO profiles (id, first_name, last_name, phone, role) VALUES ('eccfdd23-de0f-4d21-8f71-d788601f20cb', 'JAGATH', 'PEIRIS', '', 'guest') ON CONFLICT (id) DO NOTHING;
INSERT INTO auth.users (id, instance_id, aud, role, email, encrypted_password, email_confirmed_at, created_at, updated_at) VALUES ('f1aa12d6-a423-4c92-8d99-8425f4644e1c', '00000000-0000-0000-0000-000000000000', 'authenticated', 'authenticated', 'aahmadoumohammed59@yahoo.com', '$argon2id$v=19$m=65536,t=3,p=4$fQ7fF7Zl6j7Q7fF7Zl6j7A$fQ7fF7Zl6j7Q7fF7Zl6j7A', now(), now(), now()) ON CONFLICT (id) DO NOTHING;
INSERT INTO profiles (id, first_name, last_name, phone, role) VALUES ('f1aa12d6-a423-4c92-8d99-8425f4644e1c', 'AHMED ADAMMU', 'MUHAMMED', '08039690733', 'guest') ON CONFLICT (id) DO NOTHING;
INSERT INTO auth.users (id, instance_id, aud, role, email, encrypted_password, email_confirmed_at, created_at, updated_at) VALUES ('1ca6c6ad-eda2-4bda-9d5d-3dfa744d861c', '00000000-0000-0000-0000-000000000000', 'authenticated', 'authenticated', 'emmanuelaugwu1@gmail.com', '$argon2id$v=19$m=65536,t=3,p=4$fQ7fF7Zl6j7Q7fF7Zl6j7A$fQ7fF7Zl6j7Q7fF7Zl6j7A', now(), now(), now()) ON CONFLICT (id) DO NOTHING;
INSERT INTO profiles (id, first_name, last_name, phone, role) VALUES ('1ca6c6ad-eda2-4bda-9d5d-3dfa744d861c', 'EMMANUELA', 'UGWU', '08106708971', 'guest') ON CONFLICT (id) DO NOTHING;
INSERT INTO auth.users (id, instance_id, aud, role, email, encrypted_password, email_confirmed_at, created_at, updated_at) VALUES ('95598c0e-ac0e-4c7f-86e4-16ababd33fa6', '00000000-0000-0000-0000-000000000000', 'authenticated', 'authenticated', 'no-email-2948@example.com', '$argon2id$v=19$m=65536,t=3,p=4$fQ7fF7Zl6j7Q7fF7Zl6j7A$fQ7fF7Zl6j7Q7fF7Zl6j7A', now(), now(), now()) ON CONFLICT (id) DO NOTHING;
INSERT INTO profiles (id, first_name, last_name, phone, role) VALUES ('95598c0e-ac0e-4c7f-86e4-16ababd33fa6', 'MUBARAK ISAH', 'MUSA', '08103312921', 'guest') ON CONFLICT (id) DO NOTHING;
INSERT INTO auth.users (id, instance_id, aud, role, email, encrypted_password, email_confirmed_at, created_at, updated_at) VALUES ('5ad605e9-a405-4ce7-8ac6-3e0d40e42881', '00000000-0000-0000-0000-000000000000', 'authenticated', 'authenticated', 'no-email-2952@example.com', '$argon2id$v=19$m=65536,t=3,p=4$fQ7fF7Zl6j7Q7fF7Zl6j7A$fQ7fF7Zl6j7Q7fF7Zl6j7A', now(), now(), now()) ON CONFLICT (id) DO NOTHING;
INSERT INTO profiles (id, first_name, last_name, phone, role) VALUES ('5ad605e9-a405-4ce7-8ac6-3e0d40e42881', 'UGOCHI JENNIFER', 'NWAKPUO', '', 'guest') ON CONFLICT (id) DO NOTHING;
INSERT INTO auth.users (id, instance_id, aud, role, email, encrypted_password, email_confirmed_at, created_at, updated_at) VALUES ('850fc6e2-ed54-4413-a504-c62cc6edc566', '00000000-0000-0000-0000-000000000000', 'authenticated', 'authenticated', 'no-email-2955@example.com', '$argon2id$v=19$m=65536,t=3,p=4$fQ7fF7Zl6j7Q7fF7Zl6j7A$fQ7fF7Zl6j7Q7fF7Zl6j7A', now(), now(), now()) ON CONFLICT (id) DO NOTHING;
INSERT INTO profiles (id, first_name, last_name, phone, role) VALUES ('850fc6e2-ed54-4413-a504-c62cc6edc566', 'KELVIN', 'WILLIAM', '', 'guest') ON CONFLICT (id) DO NOTHING;
INSERT INTO auth.users (id, instance_id, aud, role, email, encrypted_password, email_confirmed_at, created_at, updated_at) VALUES ('20579bb3-931f-4282-9db3-28cd63a5ab50', '00000000-0000-0000-0000-000000000000', 'authenticated', 'authenticated', 'no-email-2958@example.com', '$argon2id$v=19$m=65536,t=3,p=4$fQ7fF7Zl6j7Q7fF7Zl6j7A$fQ7fF7Zl6j7Q7fF7Zl6j7A', now(), now(), now()) ON CONFLICT (id) DO NOTHING;
INSERT INTO profiles (id, first_name, last_name, phone, role) VALUES ('20579bb3-931f-4282-9db3-28cd63a5ab50', 'KELVIN', 'WILLIAM', '', 'guest') ON CONFLICT (id) DO NOTHING;
INSERT INTO auth.users (id, instance_id, aud, role, email, encrypted_password, email_confirmed_at, created_at, updated_at) VALUES ('40530bc3-7f6d-4e4d-acd4-35f5875324a0', '00000000-0000-0000-0000-000000000000', 'authenticated', 'authenticated', 'no-email-2961@example.com', '$argon2id$v=19$m=65536,t=3,p=4$fQ7fF7Zl6j7Q7fF7Zl6j7A$fQ7fF7Zl6j7Q7fF7Zl6j7A', now(), now(), now()) ON CONFLICT (id) DO NOTHING;
INSERT INTO profiles (id, first_name, last_name, phone, role) VALUES ('40530bc3-7f6d-4e4d-acd4-35f5875324a0', 'OLUWATOBI', 'Unknown', '', 'guest') ON CONFLICT (id) DO NOTHING;
INSERT INTO auth.users (id, instance_id, aud, role, email, encrypted_password, email_confirmed_at, created_at, updated_at) VALUES ('5ff39899-9d5b-4b76-a33b-ded97d600519', '00000000-0000-0000-0000-000000000000', 'authenticated', 'authenticated', 'no-email-2966@example.com', '$argon2id$v=19$m=65536,t=3,p=4$fQ7fF7Zl6j7Q7fF7Zl6j7A$fQ7fF7Zl6j7Q7fF7Zl6j7A', now(), now(), now()) ON CONFLICT (id) DO NOTHING;
INSERT INTO profiles (id, first_name, last_name, phone, role) VALUES ('5ff39899-9d5b-4b76-a33b-ded97d600519', 'CHARSLE', 'Unknown', '', 'guest') ON CONFLICT (id) DO NOTHING;
INSERT INTO auth.users (id, instance_id, aud, role, email, encrypted_password, email_confirmed_at, created_at, updated_at) VALUES ('ec3da837-a81a-41bd-8f87-300b5e1b6501', '00000000-0000-0000-0000-000000000000', 'authenticated', 'authenticated', 'no-email-2969@example.com', '$argon2id$v=19$m=65536,t=3,p=4$fQ7fF7Zl6j7Q7fF7Zl6j7A$fQ7fF7Zl6j7Q7fF7Zl6j7A', now(), now(), now()) ON CONFLICT (id) DO NOTHING;
INSERT INTO profiles (id, first_name, last_name, phone, role) VALUES ('ec3da837-a81a-41bd-8f87-300b5e1b6501', 'MUMMY CHIOMA', 'Unknown', '', 'guest') ON CONFLICT (id) DO NOTHING;
INSERT INTO auth.users (id, instance_id, aud, role, email, encrypted_password, email_confirmed_at, created_at, updated_at) VALUES ('b9087a76-0b13-4a38-b041-3d309bf8b7ad', '00000000-0000-0000-0000-000000000000', 'authenticated', 'authenticated', 'no-email-2973@example.com', '$argon2id$v=19$m=65536,t=3,p=4$fQ7fF7Zl6j7Q7fF7Zl6j7A$fQ7fF7Zl6j7Q7fF7Zl6j7A', now(), now(), now()) ON CONFLICT (id) DO NOTHING;
INSERT INTO profiles (id, first_name, last_name, phone, role) VALUES ('b9087a76-0b13-4a38-b041-3d309bf8b7ad', 'SONIA', 'DOMINIC', '', 'guest') ON CONFLICT (id) DO NOTHING;
INSERT INTO auth.users (id, instance_id, aud, role, email, encrypted_password, email_confirmed_at, created_at, updated_at) VALUES ('0e13b9aa-9972-4210-9f11-fb948ae94a31', '00000000-0000-0000-0000-000000000000', 'authenticated', 'authenticated', 'no-email-2976@example.com', '$argon2id$v=19$m=65536,t=3,p=4$fQ7fF7Zl6j7Q7fF7Zl6j7A$fQ7fF7Zl6j7Q7fF7Zl6j7A', now(), now(), now()) ON CONFLICT (id) DO NOTHING;
INSERT INTO profiles (id, first_name, last_name, phone, role) VALUES ('0e13b9aa-9972-4210-9f11-fb948ae94a31', 'NNAJI', 'Unknown', '', 'guest') ON CONFLICT (id) DO NOTHING;
INSERT INTO auth.users (id, instance_id, aud, role, email, encrypted_password, email_confirmed_at, created_at, updated_at) VALUES ('90872356-69e6-4d5e-ae34-3af5c037dc07', '00000000-0000-0000-0000-000000000000', 'authenticated', 'authenticated', 'no-email-2982@example.com', '$argon2id$v=19$m=65536,t=3,p=4$fQ7fF7Zl6j7Q7fF7Zl6j7A$fQ7fF7Zl6j7Q7fF7Zl6j7A', now(), now(), now()) ON CONFLICT (id) DO NOTHING;
INSERT INTO profiles (id, first_name, last_name, phone, role) VALUES ('90872356-69e6-4d5e-ae34-3af5c037dc07', 'IJIKOR JENNIFER', 'Unknown', '', 'guest') ON CONFLICT (id) DO NOTHING;
INSERT INTO auth.users (id, instance_id, aud, role, email, encrypted_password, email_confirmed_at, created_at, updated_at) VALUES ('627eb92d-7574-4281-947c-99297093384b', '00000000-0000-0000-0000-000000000000', 'authenticated', 'authenticated', 'no-email-2985@example.com', '$argon2id$v=19$m=65536,t=3,p=4$fQ7fF7Zl6j7Q7fF7Zl6j7A$fQ7fF7Zl6j7Q7fF7Zl6j7A', now(), now(), now()) ON CONFLICT (id) DO NOTHING;
INSERT INTO profiles (id, first_name, last_name, phone, role) VALUES ('627eb92d-7574-4281-947c-99297093384b', 'VICTOR', 'EMNIKE', '', 'guest') ON CONFLICT (id) DO NOTHING;
INSERT INTO auth.users (id, instance_id, aud, role, email, encrypted_password, email_confirmed_at, created_at, updated_at) VALUES ('fe6f23b6-345c-460f-9dac-3cd5625b581b', '00000000-0000-0000-0000-000000000000', 'authenticated', 'authenticated', 'no-email-2988@example.com', '$argon2id$v=19$m=65536,t=3,p=4$fQ7fF7Zl6j7Q7fF7Zl6j7A$fQ7fF7Zl6j7Q7fF7Zl6j7A', now(), now(), now()) ON CONFLICT (id) DO NOTHING;
INSERT INTO profiles (id, first_name, last_name, phone, role) VALUES ('fe6f23b6-345c-460f-9dac-3cd5625b581b', 'FELIX', 'Unknown', '', 'guest') ON CONFLICT (id) DO NOTHING;
INSERT INTO auth.users (id, instance_id, aud, role, email, encrypted_password, email_confirmed_at, created_at, updated_at) VALUES ('3222aae6-f153-4c29-8695-372931a3597e', '00000000-0000-0000-0000-000000000000', 'authenticated', 'authenticated', 'no-email-2994@example.com', '$argon2id$v=19$m=65536,t=3,p=4$fQ7fF7Zl6j7Q7fF7Zl6j7A$fQ7fF7Zl6j7Q7fF7Zl6j7A', now(), now(), now()) ON CONFLICT (id) DO NOTHING;
INSERT INTO profiles (id, first_name, last_name, phone, role) VALUES ('3222aae6-f153-4c29-8695-372931a3597e', 'CYNTHIA ADAKU', 'Unknown', '', 'guest') ON CONFLICT (id) DO NOTHING;
INSERT INTO auth.users (id, instance_id, aud, role, email, encrypted_password, email_confirmed_at, created_at, updated_at) VALUES ('627cbdeb-5501-42dd-b6bf-05122522c350', '00000000-0000-0000-0000-000000000000', 'authenticated', 'authenticated', 'miebiutulu@gmail.com', '$argon2id$v=19$m=65536,t=3,p=4$fQ7fF7Zl6j7Q7fF7Zl6j7A$fQ7fF7Zl6j7Q7fF7Zl6j7A', now(), now(), now()) ON CONFLICT (id) DO NOTHING;
INSERT INTO profiles (id, first_name, last_name, phone, role) VALUES ('627cbdeb-5501-42dd-b6bf-05122522c350', 'MIEBI', 'UTULU', '07039660569', 'guest') ON CONFLICT (id) DO NOTHING;
INSERT INTO auth.users (id, instance_id, aud, role, email, encrypted_password, email_confirmed_at, created_at, updated_at) VALUES ('1b37d5a0-118c-4422-8f4b-983047bd6c8c', '00000000-0000-0000-0000-000000000000', 'authenticated', 'authenticated', 'ifeanyiukwa89@gmail.com', '$argon2id$v=19$m=65536,t=3,p=4$fQ7fF7Zl6j7Q7fF7Zl6j7A$fQ7fF7Zl6j7Q7fF7Zl6j7A', now(), now(), now()) ON CONFLICT (id) DO NOTHING;
INSERT INTO profiles (id, first_name, last_name, phone, role) VALUES ('1b37d5a0-118c-4422-8f4b-983047bd6c8c', 'IFEANYICHUKWU', 'OBASI', '08162373205', 'guest') ON CONFLICT (id) DO NOTHING;
INSERT INTO auth.users (id, instance_id, aud, role, email, encrypted_password, email_confirmed_at, created_at, updated_at) VALUES ('6c2550ab-84c3-4397-86cf-81a1a2289e7e', '00000000-0000-0000-0000-000000000000', 'authenticated', 'authenticated', 'no-email-3003@example.com', '$argon2id$v=19$m=65536,t=3,p=4$fQ7fF7Zl6j7Q7fF7Zl6j7A$fQ7fF7Zl6j7Q7fF7Zl6j7A', now(), now(), now()) ON CONFLICT (id) DO NOTHING;
INSERT INTO profiles (id, first_name, last_name, phone, role) VALUES ('6c2550ab-84c3-4397-86cf-81a1a2289e7e', 'SAMSON', 'AJIBOLA', '08147112589', 'guest') ON CONFLICT (id) DO NOTHING;
INSERT INTO auth.users (id, instance_id, aud, role, email, encrypted_password, email_confirmed_at, created_at, updated_at) VALUES ('d0ec3fad-926c-4dc9-8bf1-8100cdecfb1a', '00000000-0000-0000-0000-000000000000', 'authenticated', 'authenticated', 'no-email-3007@example.com', '$argon2id$v=19$m=65536,t=3,p=4$fQ7fF7Zl6j7Q7fF7Zl6j7A$fQ7fF7Zl6j7Q7fF7Zl6j7A', now(), now(), now()) ON CONFLICT (id) DO NOTHING;
INSERT INTO profiles (id, first_name, last_name, phone, role) VALUES ('d0ec3fad-926c-4dc9-8bf1-8100cdecfb1a', 'FAVOUR', 'EZEANI', '09135598816', 'guest') ON CONFLICT (id) DO NOTHING;
INSERT INTO auth.users (id, instance_id, aud, role, email, encrypted_password, email_confirmed_at, created_at, updated_at) VALUES ('3f8df2d7-8bb9-4aef-96df-1ad8f38da336', '00000000-0000-0000-0000-000000000000', 'authenticated', 'authenticated', 'no-email-3018@example.com', '$argon2id$v=19$m=65536,t=3,p=4$fQ7fF7Zl6j7Q7fF7Zl6j7A$fQ7fF7Zl6j7Q7fF7Zl6j7A', now(), now(), now()) ON CONFLICT (id) DO NOTHING;
INSERT INTO profiles (id, first_name, last_name, phone, role) VALUES ('3f8df2d7-8bb9-4aef-96df-1ad8f38da336', 'ALENOGHENA', 'MARY', '', 'guest') ON CONFLICT (id) DO NOTHING;
INSERT INTO auth.users (id, instance_id, aud, role, email, encrypted_password, email_confirmed_at, created_at, updated_at) VALUES ('a8aea89e-3f29-4f5e-8310-1032a5d447e1', '00000000-0000-0000-0000-000000000000', 'authenticated', 'authenticated', 'no-email-3026@example.com', '$argon2id$v=19$m=65536,t=3,p=4$fQ7fF7Zl6j7Q7fF7Zl6j7A$fQ7fF7Zl6j7Q7fF7Zl6j7A', now(), now(), now()) ON CONFLICT (id) DO NOTHING;
INSERT INTO profiles (id, first_name, last_name, phone, role) VALUES ('a8aea89e-3f29-4f5e-8310-1032a5d447e1', 'OLANIYO', 'Unknown', '', 'guest') ON CONFLICT (id) DO NOTHING;
INSERT INTO auth.users (id, instance_id, aud, role, email, encrypted_password, email_confirmed_at, created_at, updated_at) VALUES ('84f51b38-e55e-4333-8adc-bc956f137166', '00000000-0000-0000-0000-000000000000', 'authenticated', 'authenticated', 'no-email-3033@example.com', '$argon2id$v=19$m=65536,t=3,p=4$fQ7fF7Zl6j7Q7fF7Zl6j7A$fQ7fF7Zl6j7Q7fF7Zl6j7A', now(), now(), now()) ON CONFLICT (id) DO NOTHING;
INSERT INTO profiles (id, first_name, last_name, phone, role) VALUES ('84f51b38-e55e-4333-8adc-bc956f137166', 'LAWAL AZEEZ', 'AKIN', '', 'guest') ON CONFLICT (id) DO NOTHING;
INSERT INTO auth.users (id, instance_id, aud, role, email, encrypted_password, email_confirmed_at, created_at, updated_at) VALUES ('5d7c0e1d-f6be-49ac-9159-0e075866ce10', '00000000-0000-0000-0000-000000000000', 'authenticated', 'authenticated', 'no-email-3047@example.com', '$argon2id$v=19$m=65536,t=3,p=4$fQ7fF7Zl6j7Q7fF7Zl6j7A$fQ7fF7Zl6j7Q7fF7Zl6j7A', now(), now(), now()) ON CONFLICT (id) DO NOTHING;
INSERT INTO profiles (id, first_name, last_name, phone, role) VALUES ('5d7c0e1d-f6be-49ac-9159-0e075866ce10', 'SAMUEL', 'Unknown', '', 'guest') ON CONFLICT (id) DO NOTHING;
INSERT INTO auth.users (id, instance_id, aud, role, email, encrypted_password, email_confirmed_at, created_at, updated_at) VALUES ('36c55fdd-021b-4eba-9aaf-619e6d084528', '00000000-0000-0000-0000-000000000000', 'authenticated', 'authenticated', 'no-email-3049@example.com', '$argon2id$v=19$m=65536,t=3,p=4$fQ7fF7Zl6j7Q7fF7Zl6j7A$fQ7fF7Zl6j7Q7fF7Zl6j7A', now(), now(), now()) ON CONFLICT (id) DO NOTHING;
INSERT INTO profiles (id, first_name, last_name, phone, role) VALUES ('36c55fdd-021b-4eba-9aaf-619e6d084528', 'SAMUEL', 'Unknown', '', 'guest') ON CONFLICT (id) DO NOTHING;
INSERT INTO auth.users (id, instance_id, aud, role, email, encrypted_password, email_confirmed_at, created_at, updated_at) VALUES ('80c394c8-93ca-412b-8727-093b8139bd59', '00000000-0000-0000-0000-000000000000', 'authenticated', 'authenticated', 'no-email-3052@example.com', '$argon2id$v=19$m=65536,t=3,p=4$fQ7fF7Zl6j7Q7fF7Zl6j7A$fQ7fF7Zl6j7Q7fF7Zl6j7A', now(), now(), now()) ON CONFLICT (id) DO NOTHING;
INSERT INTO profiles (id, first_name, last_name, phone, role) VALUES ('80c394c8-93ca-412b-8727-093b8139bd59', 'AUGUSTINE', 'Unknown', '', 'guest') ON CONFLICT (id) DO NOTHING;
INSERT INTO auth.users (id, instance_id, aud, role, email, encrypted_password, email_confirmed_at, created_at, updated_at) VALUES ('6950c14d-0047-4157-90c8-866ebc7bbe5d', '00000000-0000-0000-0000-000000000000', 'authenticated', 'authenticated', 'no-email-3056@example.com', '$argon2id$v=19$m=65536,t=3,p=4$fQ7fF7Zl6j7Q7fF7Zl6j7A$fQ7fF7Zl6j7Q7fF7Zl6j7A', now(), now(), now()) ON CONFLICT (id) DO NOTHING;
INSERT INTO profiles (id, first_name, last_name, phone, role) VALUES ('6950c14d-0047-4157-90c8-866ebc7bbe5d', 'Unknown', 'Unknown', '', 'guest') ON CONFLICT (id) DO NOTHING;
INSERT INTO auth.users (id, instance_id, aud, role, email, encrypted_password, email_confirmed_at, created_at, updated_at) VALUES ('6b516809-3ef3-44c7-807e-f33edd72a78c', '00000000-0000-0000-0000-000000000000', 'authenticated', 'authenticated', 'no-email-3059@example.com', '$argon2id$v=19$m=65536,t=3,p=4$fQ7fF7Zl6j7Q7fF7Zl6j7A$fQ7fF7Zl6j7Q7fF7Zl6j7A', now(), now(), now()) ON CONFLICT (id) DO NOTHING;
INSERT INTO profiles (id, first_name, last_name, phone, role) VALUES ('6b516809-3ef3-44c7-807e-f33edd72a78c', 'IDAJILI JOHN', 'Unknown', '', 'guest') ON CONFLICT (id) DO NOTHING;
INSERT INTO auth.users (id, instance_id, aud, role, email, encrypted_password, email_confirmed_at, created_at, updated_at) VALUES ('0ca4339e-058e-4ed6-9d2f-19f294bc1f07', '00000000-0000-0000-0000-000000000000', 'authenticated', 'authenticated', 'no-email-3063@example.com', '$argon2id$v=19$m=65536,t=3,p=4$fQ7fF7Zl6j7Q7fF7Zl6j7A$fQ7fF7Zl6j7Q7fF7Zl6j7A', now(), now(), now()) ON CONFLICT (id) DO NOTHING;
INSERT INTO profiles (id, first_name, last_name, phone, role) VALUES ('0ca4339e-058e-4ed6-9d2f-19f294bc1f07', 'MR IK', 'Unknown', '', 'guest') ON CONFLICT (id) DO NOTHING;
INSERT INTO auth.users (id, instance_id, aud, role, email, encrypted_password, email_confirmed_at, created_at, updated_at) VALUES ('b5e8c6e1-0633-420c-99a8-5f3f28af2827', '00000000-0000-0000-0000-000000000000', 'authenticated', 'authenticated', 'no-email-3066@example.com', '$argon2id$v=19$m=65536,t=3,p=4$fQ7fF7Zl6j7Q7fF7Zl6j7A$fQ7fF7Zl6j7Q7fF7Zl6j7A', now(), now(), now()) ON CONFLICT (id) DO NOTHING;
INSERT INTO profiles (id, first_name, last_name, phone, role) VALUES ('b5e8c6e1-0633-420c-99a8-5f3f28af2827', 'MR IK', 'Unknown', '', 'guest') ON CONFLICT (id) DO NOTHING;
INSERT INTO auth.users (id, instance_id, aud, role, email, encrypted_password, email_confirmed_at, created_at, updated_at) VALUES ('cd99ff8a-3812-4c25-ac21-c405c42be8b9', '00000000-0000-0000-0000-000000000000', 'authenticated', 'authenticated', 'no-email-3068@example.com', '$argon2id$v=19$m=65536,t=3,p=4$fQ7fF7Zl6j7Q7fF7Zl6j7A$fQ7fF7Zl6j7Q7fF7Zl6j7A', now(), now(), now()) ON CONFLICT (id) DO NOTHING;
INSERT INTO profiles (id, first_name, last_name, phone, role) VALUES ('cd99ff8a-3812-4c25-ac21-c405c42be8b9', 'TERRY', 'Unknown', '', 'guest') ON CONFLICT (id) DO NOTHING;
INSERT INTO auth.users (id, instance_id, aud, role, email, encrypted_password, email_confirmed_at, created_at, updated_at) VALUES ('e54c0640-6a2c-4832-bf15-a0206bccd6b0', '00000000-0000-0000-0000-000000000000', 'authenticated', 'authenticated', 'no-email-3071@example.com', '$argon2id$v=19$m=65536,t=3,p=4$fQ7fF7Zl6j7Q7fF7Zl6j7A$fQ7fF7Zl6j7Q7fF7Zl6j7A', now(), now(), now()) ON CONFLICT (id) DO NOTHING;
INSERT INTO profiles (id, first_name, last_name, phone, role) VALUES ('e54c0640-6a2c-4832-bf15-a0206bccd6b0', 'AUGUSTINE', 'Unknown', '', 'guest') ON CONFLICT (id) DO NOTHING;
INSERT INTO auth.users (id, instance_id, aud, role, email, encrypted_password, email_confirmed_at, created_at, updated_at) VALUES ('350a9a61-344d-4a3f-83e2-91a67999c30d', '00000000-0000-0000-0000-000000000000', 'authenticated', 'authenticated', 'ezehogochukwu83@gmail.com', '$argon2id$v=19$m=65536,t=3,p=4$fQ7fF7Zl6j7Q7fF7Zl6j7A$fQ7fF7Zl6j7Q7fF7Zl6j7A', now(), now(), now()) ON CONFLICT (id) DO NOTHING;
INSERT INTO profiles (id, first_name, last_name, phone, role) VALUES ('350a9a61-344d-4a3f-83e2-91a67999c30d', 'Ogochukwu', 'Ezeh', '+2349030120062', 'guest') ON CONFLICT (id) DO NOTHING;
INSERT INTO auth.users (id, instance_id, aud, role, email, encrypted_password, email_confirmed_at, created_at, updated_at) VALUES ('7a0ce97b-5457-4d98-97c3-ea9bdd4868a6', '00000000-0000-0000-0000-000000000000', 'authenticated', 'authenticated', 'no-email-3080@example.com', '$argon2id$v=19$m=65536,t=3,p=4$fQ7fF7Zl6j7Q7fF7Zl6j7A$fQ7fF7Zl6j7Q7fF7Zl6j7A', now(), now(), now()) ON CONFLICT (id) DO NOTHING;
INSERT INTO profiles (id, first_name, last_name, phone, role) VALUES ('7a0ce97b-5457-4d98-97c3-ea9bdd4868a6', 'AZEEZ LAWAL', 'Unknown', '', 'guest') ON CONFLICT (id) DO NOTHING;
INSERT INTO auth.users (id, instance_id, aud, role, email, encrypted_password, email_confirmed_at, created_at, updated_at) VALUES ('be381ba4-7c00-4f7a-a6ef-b9fc38a6ac35', '00000000-0000-0000-0000-000000000000', 'authenticated', 'authenticated', 'no-email-3092@example.com', '$argon2id$v=19$m=65536,t=3,p=4$fQ7fF7Zl6j7Q7fF7Zl6j7A$fQ7fF7Zl6j7Q7fF7Zl6j7A', now(), now(), now()) ON CONFLICT (id) DO NOTHING;
INSERT INTO profiles (id, first_name, last_name, phone, role) VALUES ('be381ba4-7c00-4f7a-a6ef-b9fc38a6ac35', 'AUGUSTINE', 'Unknown', '', 'guest') ON CONFLICT (id) DO NOTHING;
INSERT INTO auth.users (id, instance_id, aud, role, email, encrypted_password, email_confirmed_at, created_at, updated_at) VALUES ('4384f9cc-0354-4e1f-a193-8c6c2e82a179', '00000000-0000-0000-0000-000000000000', 'authenticated', 'authenticated', 'no-email-3097@example.com', '$argon2id$v=19$m=65536,t=3,p=4$fQ7fF7Zl6j7Q7fF7Zl6j7A$fQ7fF7Zl6j7Q7fF7Zl6j7A', now(), now(), now()) ON CONFLICT (id) DO NOTHING;
INSERT INTO profiles (id, first_name, last_name, phone, role) VALUES ('4384f9cc-0354-4e1f-a193-8c6c2e82a179', 'HOPE', 'Unknown', '', 'guest') ON CONFLICT (id) DO NOTHING;
INSERT INTO auth.users (id, instance_id, aud, role, email, encrypted_password, email_confirmed_at, created_at, updated_at) VALUES ('bafc4e16-1ad6-4abd-9f0c-75536f30fd83', '00000000-0000-0000-0000-000000000000', 'authenticated', 'authenticated', 'no-email-3100@example.com', '$argon2id$v=19$m=65536,t=3,p=4$fQ7fF7Zl6j7Q7fF7Zl6j7A$fQ7fF7Zl6j7Q7fF7Zl6j7A', now(), now(), now()) ON CONFLICT (id) DO NOTHING;
INSERT INTO profiles (id, first_name, last_name, phone, role) VALUES ('bafc4e16-1ad6-4abd-9f0c-75536f30fd83', 'MOSES', 'Unknown', '', 'guest') ON CONFLICT (id) DO NOTHING;
INSERT INTO auth.users (id, instance_id, aud, role, email, encrypted_password, email_confirmed_at, created_at, updated_at) VALUES ('09b1edea-0a91-4c4f-bfad-d6c23af392ba', '00000000-0000-0000-0000-000000000000', 'authenticated', 'authenticated', 'no-email-3111@example.com', '$argon2id$v=19$m=65536,t=3,p=4$fQ7fF7Zl6j7Q7fF7Zl6j7A$fQ7fF7Zl6j7Q7fF7Zl6j7A', now(), now(), now()) ON CONFLICT (id) DO NOTHING;
INSERT INTO profiles (id, first_name, last_name, phone, role) VALUES ('09b1edea-0a91-4c4f-bfad-d6c23af392ba', 'MIEBI', 'UTULU', '07039660569', 'guest') ON CONFLICT (id) DO NOTHING;
INSERT INTO auth.users (id, instance_id, aud, role, email, encrypted_password, email_confirmed_at, created_at, updated_at) VALUES ('351d9b40-08fc-46ef-b029-da1062a76029', '00000000-0000-0000-0000-000000000000', 'authenticated', 'authenticated', 'no-email-3118@example.com', '$argon2id$v=19$m=65536,t=3,p=4$fQ7fF7Zl6j7Q7fF7Zl6j7A$fQ7fF7Zl6j7Q7fF7Zl6j7A', now(), now(), now()) ON CONFLICT (id) DO NOTHING;
INSERT INTO profiles (id, first_name, last_name, phone, role) VALUES ('351d9b40-08fc-46ef-b029-da1062a76029', 'DAMMY', 'Unknown', '', 'guest') ON CONFLICT (id) DO NOTHING;
INSERT INTO auth.users (id, instance_id, aud, role, email, encrypted_password, email_confirmed_at, created_at, updated_at) VALUES ('ed40af09-ec34-4459-8609-4100da51a1c4', '00000000-0000-0000-0000-000000000000', 'authenticated', 'authenticated', 'no-email-3126@example.com', '$argon2id$v=19$m=65536,t=3,p=4$fQ7fF7Zl6j7Q7fF7Zl6j7A$fQ7fF7Zl6j7Q7fF7Zl6j7A', now(), now(), now()) ON CONFLICT (id) DO NOTHING;
INSERT INTO profiles (id, first_name, last_name, phone, role) VALUES ('ed40af09-ec34-4459-8609-4100da51a1c4', 'MR EMMANUEL', 'Unknown', '', 'guest') ON CONFLICT (id) DO NOTHING;
INSERT INTO auth.users (id, instance_id, aud, role, email, encrypted_password, email_confirmed_at, created_at, updated_at) VALUES ('d72746f9-dd6d-4415-bea7-79e0764e39e3', '00000000-0000-0000-0000-000000000000', 'authenticated', 'authenticated', 'no-email-3129@example.com', '$argon2id$v=19$m=65536,t=3,p=4$fQ7fF7Zl6j7Q7fF7Zl6j7A$fQ7fF7Zl6j7Q7fF7Zl6j7A', now(), now(), now()) ON CONFLICT (id) DO NOTHING;
INSERT INTO profiles (id, first_name, last_name, phone, role) VALUES ('d72746f9-dd6d-4415-bea7-79e0764e39e3', 'ALIYU', 'BELLO', '07018701707', 'guest') ON CONFLICT (id) DO NOTHING;
INSERT INTO auth.users (id, instance_id, aud, role, email, encrypted_password, email_confirmed_at, created_at, updated_at) VALUES ('d36348cf-f489-4230-a96e-d530f93ec46b', '00000000-0000-0000-0000-000000000000', 'authenticated', 'authenticated', 'no-email-3133@example.com', '$argon2id$v=19$m=65536,t=3,p=4$fQ7fF7Zl6j7Q7fF7Zl6j7A$fQ7fF7Zl6j7Q7fF7Zl6j7A', now(), now(), now()) ON CONFLICT (id) DO NOTHING;
INSERT INTO profiles (id, first_name, last_name, phone, role) VALUES ('d36348cf-f489-4230-a96e-d530f93ec46b', 'OGOCHUKWU', 'EZEH', '09030720062', 'guest') ON CONFLICT (id) DO NOTHING;
INSERT INTO auth.users (id, instance_id, aud, role, email, encrypted_password, email_confirmed_at, created_at, updated_at) VALUES ('0bc7ebba-5360-43d1-9d8a-09c3dd83e678', '00000000-0000-0000-0000-000000000000', 'authenticated', 'authenticated', 'no-email-3139@example.com', '$argon2id$v=19$m=65536,t=3,p=4$fQ7fF7Zl6j7Q7fF7Zl6j7A$fQ7fF7Zl6j7Q7fF7Zl6j7A', now(), now(), now()) ON CONFLICT (id) DO NOTHING;
INSERT INTO profiles (id, first_name, last_name, phone, role) VALUES ('0bc7ebba-5360-43d1-9d8a-09c3dd83e678', 'PRECIOUS', 'GABRIEL', '', 'guest') ON CONFLICT (id) DO NOTHING;
INSERT INTO auth.users (id, instance_id, aud, role, email, encrypted_password, email_confirmed_at, created_at, updated_at) VALUES ('78d6c800-af31-4e1c-92b6-dce423b2e8fc', '00000000-0000-0000-0000-000000000000', 'authenticated', 'authenticated', 'no-email-3145@example.com', '$argon2id$v=19$m=65536,t=3,p=4$fQ7fF7Zl6j7Q7fF7Zl6j7A$fQ7fF7Zl6j7Q7fF7Zl6j7A', now(), now(), now()) ON CONFLICT (id) DO NOTHING;
INSERT INTO profiles (id, first_name, last_name, phone, role) VALUES ('78d6c800-af31-4e1c-92b6-dce423b2e8fc', 'BANKY', 'Unknown', '', 'guest') ON CONFLICT (id) DO NOTHING;
INSERT INTO auth.users (id, instance_id, aud, role, email, encrypted_password, email_confirmed_at, created_at, updated_at) VALUES ('8094c8b8-53b0-4d0b-8494-0efd69e44860', '00000000-0000-0000-0000-000000000000', 'authenticated', 'authenticated', 'no-email-3147@example.com', '$argon2id$v=19$m=65536,t=3,p=4$fQ7fF7Zl6j7Q7fF7Zl6j7A$fQ7fF7Zl6j7Q7fF7Zl6j7A', now(), now(), now()) ON CONFLICT (id) DO NOTHING;
INSERT INTO profiles (id, first_name, last_name, phone, role) VALUES ('8094c8b8-53b0-4d0b-8494-0efd69e44860', 'BANKY', 'Unknown', '', 'guest') ON CONFLICT (id) DO NOTHING;
INSERT INTO auth.users (id, instance_id, aud, role, email, encrypted_password, email_confirmed_at, created_at, updated_at) VALUES ('2339a394-6323-4ec5-a888-db052f2775a9', '00000000-0000-0000-0000-000000000000', 'authenticated', 'authenticated', 'no-email-3150@example.com', '$argon2id$v=19$m=65536,t=3,p=4$fQ7fF7Zl6j7Q7fF7Zl6j7A$fQ7fF7Zl6j7Q7fF7Zl6j7A', now(), now(), now()) ON CONFLICT (id) DO NOTHING;
INSERT INTO profiles (id, first_name, last_name, phone, role) VALUES ('2339a394-6323-4ec5-a888-db052f2775a9', 'MR MAYOR', 'Unknown', '', 'guest') ON CONFLICT (id) DO NOTHING;
INSERT INTO auth.users (id, instance_id, aud, role, email, encrypted_password, email_confirmed_at, created_at, updated_at) VALUES ('51ebf0fa-c8ab-4423-80dc-cde670574348', '00000000-0000-0000-0000-000000000000', 'authenticated', 'authenticated', 'no-email-3156@example.com', '$argon2id$v=19$m=65536,t=3,p=4$fQ7fF7Zl6j7Q7fF7Zl6j7A$fQ7fF7Zl6j7Q7fF7Zl6j7A', now(), now(), now()) ON CONFLICT (id) DO NOTHING;
INSERT INTO profiles (id, first_name, last_name, phone, role) VALUES ('51ebf0fa-c8ab-4423-80dc-cde670574348', 'BARR. SHEDRACK', 'Unknown', '', 'guest') ON CONFLICT (id) DO NOTHING;
INSERT INTO auth.users (id, instance_id, aud, role, email, encrypted_password, email_confirmed_at, created_at, updated_at) VALUES ('7edb06aa-f710-4134-85b0-c3ee82289904', '00000000-0000-0000-0000-000000000000', 'authenticated', 'authenticated', 'no-email-3158@example.com', '$argon2id$v=19$m=65536,t=3,p=4$fQ7fF7Zl6j7Q7fF7Zl6j7A$fQ7fF7Zl6j7Q7fF7Zl6j7A', now(), now(), now()) ON CONFLICT (id) DO NOTHING;
INSERT INTO profiles (id, first_name, last_name, phone, role) VALUES ('7edb06aa-f710-4134-85b0-c3ee82289904', 'USMAN', 'BASHIR', '09095635769', 'guest') ON CONFLICT (id) DO NOTHING;
INSERT INTO auth.users (id, instance_id, aud, role, email, encrypted_password, email_confirmed_at, created_at, updated_at) VALUES ('6e25cd41-702e-4dbe-9501-0ee63496989d', '00000000-0000-0000-0000-000000000000', 'authenticated', 'authenticated', 'no-email-3160@example.com', '$argon2id$v=19$m=65536,t=3,p=4$fQ7fF7Zl6j7Q7fF7Zl6j7A$fQ7fF7Zl6j7Q7fF7Zl6j7A', now(), now(), now()) ON CONFLICT (id) DO NOTHING;
INSERT INTO profiles (id, first_name, last_name, phone, role) VALUES ('6e25cd41-702e-4dbe-9501-0ee63496989d', 'UKACHUKWU', 'UDOCHUKWU', '08185868895', 'guest') ON CONFLICT (id) DO NOTHING;
INSERT INTO auth.users (id, instance_id, aud, role, email, encrypted_password, email_confirmed_at, created_at, updated_at) VALUES ('62785cb5-83cc-4f47-986e-c1f20e0b1772', '00000000-0000-0000-0000-000000000000', 'authenticated', 'authenticated', 'no-email-3163@example.com', '$argon2id$v=19$m=65536,t=3,p=4$fQ7fF7Zl6j7Q7fF7Zl6j7A$fQ7fF7Zl6j7Q7fF7Zl6j7A', now(), now(), now()) ON CONFLICT (id) DO NOTHING;
INSERT INTO profiles (id, first_name, last_name, phone, role) VALUES ('62785cb5-83cc-4f47-986e-c1f20e0b1772', 'NANCY', 'Unknown', '', 'guest') ON CONFLICT (id) DO NOTHING;
INSERT INTO auth.users (id, instance_id, aud, role, email, encrypted_password, email_confirmed_at, created_at, updated_at) VALUES ('575fd954-9377-4f4e-a902-53fe23cb452c', '00000000-0000-0000-0000-000000000000', 'authenticated', 'authenticated', 'no-email-3166@example.com', '$argon2id$v=19$m=65536,t=3,p=4$fQ7fF7Zl6j7Q7fF7Zl6j7A$fQ7fF7Zl6j7Q7fF7Zl6j7A', now(), now(), now()) ON CONFLICT (id) DO NOTHING;
INSERT INTO profiles (id, first_name, last_name, phone, role) VALUES ('575fd954-9377-4f4e-a902-53fe23cb452c', 'VICTOR', 'THOMPSON', '', 'guest') ON CONFLICT (id) DO NOTHING;
INSERT INTO auth.users (id, instance_id, aud, role, email, encrypted_password, email_confirmed_at, created_at, updated_at) VALUES ('d9301955-2b7f-4c85-be14-30ade9a0c11e', '00000000-0000-0000-0000-000000000000', 'authenticated', 'authenticated', 'no-email-3171@example.com', '$argon2id$v=19$m=65536,t=3,p=4$fQ7fF7Zl6j7Q7fF7Zl6j7A$fQ7fF7Zl6j7Q7fF7Zl6j7A', now(), now(), now()) ON CONFLICT (id) DO NOTHING;
INSERT INTO profiles (id, first_name, last_name, phone, role) VALUES ('d9301955-2b7f-4c85-be14-30ade9a0c11e', 'AGISHI', 'AIPE', '08034090065', 'guest') ON CONFLICT (id) DO NOTHING;
INSERT INTO auth.users (id, instance_id, aud, role, email, encrypted_password, email_confirmed_at, created_at, updated_at) VALUES ('b74218ba-e052-4f00-8aaf-04e8a291e1c7', '00000000-0000-0000-0000-000000000000', 'authenticated', 'authenticated', 'edwinaanaele@gmail.com', '$argon2id$v=19$m=65536,t=3,p=4$fQ7fF7Zl6j7Q7fF7Zl6j7A$fQ7fF7Zl6j7Q7fF7Zl6j7A', now(), now(), now()) ON CONFLICT (id) DO NOTHING;
INSERT INTO profiles (id, first_name, last_name, phone, role) VALUES ('b74218ba-e052-4f00-8aaf-04e8a291e1c7', 'EDWINA', 'ANAELE', '08033148725', 'guest') ON CONFLICT (id) DO NOTHING;
INSERT INTO auth.users (id, instance_id, aud, role, email, encrypted_password, email_confirmed_at, created_at, updated_at) VALUES ('358b8e3b-a45f-4cfd-b2e3-dd336554d1fa', '00000000-0000-0000-0000-000000000000', 'authenticated', 'authenticated', 'no-email-3188@example.com', '$argon2id$v=19$m=65536,t=3,p=4$fQ7fF7Zl6j7Q7fF7Zl6j7A$fQ7fF7Zl6j7Q7fF7Zl6j7A', now(), now(), now()) ON CONFLICT (id) DO NOTHING;
INSERT INTO profiles (id, first_name, last_name, phone, role) VALUES ('358b8e3b-a45f-4cfd-b2e3-dd336554d1fa', 'UKACHUKWU', 'UDOCHUKWU', '08185868895', 'guest') ON CONFLICT (id) DO NOTHING;
INSERT INTO auth.users (id, instance_id, aud, role, email, encrypted_password, email_confirmed_at, created_at, updated_at) VALUES ('38ba3660-a6d8-4403-bbf1-9a8c959aee32', '00000000-0000-0000-0000-000000000000', 'authenticated', 'authenticated', 'no-email-3195@example.com', '$argon2id$v=19$m=65536,t=3,p=4$fQ7fF7Zl6j7Q7fF7Zl6j7A$fQ7fF7Zl6j7Q7fF7Zl6j7A', now(), now(), now()) ON CONFLICT (id) DO NOTHING;
INSERT INTO profiles (id, first_name, last_name, phone, role) VALUES ('38ba3660-a6d8-4403-bbf1-9a8c959aee32', 'FELIX', 'IDUGBE', '', 'guest') ON CONFLICT (id) DO NOTHING;
INSERT INTO auth.users (id, instance_id, aud, role, email, encrypted_password, email_confirmed_at, created_at, updated_at) VALUES ('83cf985f-9996-4a76-a1b6-29d44e8555bb', '00000000-0000-0000-0000-000000000000', 'authenticated', 'authenticated', 'no-email-3200@example.com', '$argon2id$v=19$m=65536,t=3,p=4$fQ7fF7Zl6j7Q7fF7Zl6j7A$fQ7fF7Zl6j7Q7fF7Zl6j7A', now(), now(), now()) ON CONFLICT (id) DO NOTHING;
INSERT INTO profiles (id, first_name, last_name, phone, role) VALUES ('83cf985f-9996-4a76-a1b6-29d44e8555bb', 'KABIRU', 'HASSAN', '09023472024', 'guest') ON CONFLICT (id) DO NOTHING;
INSERT INTO auth.users (id, instance_id, aud, role, email, encrypted_password, email_confirmed_at, created_at, updated_at) VALUES ('988a062e-c39c-4e1f-947d-c6872da83e5b', '00000000-0000-0000-0000-000000000000', 'authenticated', 'authenticated', 'no-email-3204@example.com', '$argon2id$v=19$m=65536,t=3,p=4$fQ7fF7Zl6j7Q7fF7Zl6j7A$fQ7fF7Zl6j7Q7fF7Zl6j7A', now(), now(), now()) ON CONFLICT (id) DO NOTHING;
INSERT INTO profiles (id, first_name, last_name, phone, role) VALUES ('988a062e-c39c-4e1f-947d-c6872da83e5b', 'EMMANUEL', 'ONAKPOMA', '', 'guest') ON CONFLICT (id) DO NOTHING;
INSERT INTO auth.users (id, instance_id, aud, role, email, encrypted_password, email_confirmed_at, created_at, updated_at) VALUES ('b3c74cfe-beae-4a3b-9742-acdc0451ef5d', '00000000-0000-0000-0000-000000000000', 'authenticated', 'authenticated', 'no-email-3213@example.com', '$argon2id$v=19$m=65536,t=3,p=4$fQ7fF7Zl6j7Q7fF7Zl6j7A$fQ7fF7Zl6j7Q7fF7Zl6j7A', now(), now(), now()) ON CONFLICT (id) DO NOTHING;
INSERT INTO profiles (id, first_name, last_name, phone, role) VALUES ('b3c74cfe-beae-4a3b-9742-acdc0451ef5d', 'AUDU', 'SUMAILA', '', 'guest') ON CONFLICT (id) DO NOTHING;
INSERT INTO auth.users (id, instance_id, aud, role, email, encrypted_password, email_confirmed_at, created_at, updated_at) VALUES ('8ac06683-cb3d-41fd-ad22-01f65afb7924', '00000000-0000-0000-0000-000000000000', 'authenticated', 'authenticated', 'no-email-3217@example.com', '$argon2id$v=19$m=65536,t=3,p=4$fQ7fF7Zl6j7Q7fF7Zl6j7A$fQ7fF7Zl6j7Q7fF7Zl6j7A', now(), now(), now()) ON CONFLICT (id) DO NOTHING;
INSERT INTO profiles (id, first_name, last_name, phone, role) VALUES ('8ac06683-cb3d-41fd-ad22-01f65afb7924', 'AUDU', 'SUMAILA', '', 'guest') ON CONFLICT (id) DO NOTHING;
INSERT INTO auth.users (id, instance_id, aud, role, email, encrypted_password, email_confirmed_at, created_at, updated_at) VALUES ('81104783-86b0-418b-ab81-84898aaa4893', '00000000-0000-0000-0000-000000000000', 'authenticated', 'authenticated', 'no-email-3219@example.com', '$argon2id$v=19$m=65536,t=3,p=4$fQ7fF7Zl6j7Q7fF7Zl6j7A$fQ7fF7Zl6j7Q7fF7Zl6j7A', now(), now(), now()) ON CONFLICT (id) DO NOTHING;
INSERT INTO profiles (id, first_name, last_name, phone, role) VALUES ('81104783-86b0-418b-ab81-84898aaa4893', 'AUDU', 'SUMAILA', '', 'guest') ON CONFLICT (id) DO NOTHING;
INSERT INTO auth.users (id, instance_id, aud, role, email, encrypted_password, email_confirmed_at, created_at, updated_at) VALUES ('ce9db5a4-3fb2-402f-bb14-28ed6ac199c8', '00000000-0000-0000-0000-000000000000', 'authenticated', 'authenticated', 'no-email-3223@example.com', '$argon2id$v=19$m=65536,t=3,p=4$fQ7fF7Zl6j7Q7fF7Zl6j7A$fQ7fF7Zl6j7Q7fF7Zl6j7A', now(), now(), now()) ON CONFLICT (id) DO NOTHING;
INSERT INTO profiles (id, first_name, last_name, phone, role) VALUES ('ce9db5a4-3fb2-402f-bb14-28ed6ac199c8', 'USMAN', 'BASHIR', '09095635769', 'guest') ON CONFLICT (id) DO NOTHING;
INSERT INTO auth.users (id, instance_id, aud, role, email, encrypted_password, email_confirmed_at, created_at, updated_at) VALUES ('a6720096-956d-402b-bc3d-a730abd9edd7', '00000000-0000-0000-0000-000000000000', 'authenticated', 'authenticated', 'emekaatu@yahoo.com', '$argon2id$v=19$m=65536,t=3,p=4$fQ7fF7Zl6j7Q7fF7Zl6j7A$fQ7fF7Zl6j7Q7fF7Zl6j7A', now(), now(), now()) ON CONFLICT (id) DO NOTHING;
INSERT INTO profiles (id, first_name, last_name, phone, role) VALUES ('a6720096-956d-402b-bc3d-a730abd9edd7', 'EMEKA', 'ONYEKA', '08033617734', 'guest') ON CONFLICT (id) DO NOTHING;
INSERT INTO auth.users (id, instance_id, aud, role, email, encrypted_password, email_confirmed_at, created_at, updated_at) VALUES ('ea1ab71a-4237-49c7-84e5-4b73145c2868', '00000000-0000-0000-0000-000000000000', 'authenticated', 'authenticated', 'no-email-3238@example.com', '$argon2id$v=19$m=65536,t=3,p=4$fQ7fF7Zl6j7Q7fF7Zl6j7A$fQ7fF7Zl6j7Q7fF7Zl6j7A', now(), now(), now()) ON CONFLICT (id) DO NOTHING;
INSERT INTO profiles (id, first_name, last_name, phone, role) VALUES ('ea1ab71a-4237-49c7-84e5-4b73145c2868', 'CHIEF', 'THOMPSON', '', 'guest') ON CONFLICT (id) DO NOTHING;
INSERT INTO auth.users (id, instance_id, aud, role, email, encrypted_password, email_confirmed_at, created_at, updated_at) VALUES ('23ec2712-1701-49a4-8115-9e7ecdc2b9d4', '00000000-0000-0000-0000-000000000000', 'authenticated', 'authenticated', 'no-email-3242@example.com', '$argon2id$v=19$m=65536,t=3,p=4$fQ7fF7Zl6j7Q7fF7Zl6j7A$fQ7fF7Zl6j7Q7fF7Zl6j7A', now(), now(), now()) ON CONFLICT (id) DO NOTHING;
INSERT INTO profiles (id, first_name, last_name, phone, role) VALUES ('23ec2712-1701-49a4-8115-9e7ecdc2b9d4', 'OGUNDU GODWIN', 'Unknown', '', 'guest') ON CONFLICT (id) DO NOTHING;
INSERT INTO auth.users (id, instance_id, aud, role, email, encrypted_password, email_confirmed_at, created_at, updated_at) VALUES ('e5eb4b72-7d96-4edc-8193-fa6ebce308dd', '00000000-0000-0000-0000-000000000000', 'authenticated', 'authenticated', 'no-email-3249@example.com', '$argon2id$v=19$m=65536,t=3,p=4$fQ7fF7Zl6j7Q7fF7Zl6j7A$fQ7fF7Zl6j7Q7fF7Zl6j7A', now(), now(), now()) ON CONFLICT (id) DO NOTHING;
INSERT INTO profiles (id, first_name, last_name, phone, role) VALUES ('e5eb4b72-7d96-4edc-8193-fa6ebce308dd', 'BABATUNDE', 'Unknown', '', 'guest') ON CONFLICT (id) DO NOTHING;
INSERT INTO auth.users (id, instance_id, aud, role, email, encrypted_password, email_confirmed_at, created_at, updated_at) VALUES ('709b3f2e-14df-402c-bfcc-10406a6ed1ee', '00000000-0000-0000-0000-000000000000', 'authenticated', 'authenticated', 'no-email-3252@example.com', '$argon2id$v=19$m=65536,t=3,p=4$fQ7fF7Zl6j7Q7fF7Zl6j7A$fQ7fF7Zl6j7Q7fF7Zl6j7A', now(), now(), now()) ON CONFLICT (id) DO NOTHING;
INSERT INTO profiles (id, first_name, last_name, phone, role) VALUES ('709b3f2e-14df-402c-bfcc-10406a6ed1ee', 'SULEIMAN', 'YUSUF', '', 'guest') ON CONFLICT (id) DO NOTHING;
INSERT INTO auth.users (id, instance_id, aud, role, email, encrypted_password, email_confirmed_at, created_at, updated_at) VALUES ('9b9a8043-8d5d-4944-811c-7b40b2acc232', '00000000-0000-0000-0000-000000000000', 'authenticated', 'authenticated', 'no-email-3258@example.com', '$argon2id$v=19$m=65536,t=3,p=4$fQ7fF7Zl6j7Q7fF7Zl6j7A$fQ7fF7Zl6j7Q7fF7Zl6j7A', now(), now(), now()) ON CONFLICT (id) DO NOTHING;
INSERT INTO profiles (id, first_name, last_name, phone, role) VALUES ('9b9a8043-8d5d-4944-811c-7b40b2acc232', 'CHIDERA', 'AKUDIKE', '', 'guest') ON CONFLICT (id) DO NOTHING;
INSERT INTO auth.users (id, instance_id, aud, role, email, encrypted_password, email_confirmed_at, created_at, updated_at) VALUES ('59e2af28-5e54-4e45-a9bb-f7d03a3facac', '00000000-0000-0000-0000-000000000000', 'authenticated', 'authenticated', 'no-email-3261@example.com', '$argon2id$v=19$m=65536,t=3,p=4$fQ7fF7Zl6j7Q7fF7Zl6j7A$fQ7fF7Zl6j7Q7fF7Zl6j7A', now(), now(), now()) ON CONFLICT (id) DO NOTHING;
INSERT INTO profiles (id, first_name, last_name, phone, role) VALUES ('59e2af28-5e54-4e45-a9bb-f7d03a3facac', 'HANIF', 'MUSTAPHA', '', 'guest') ON CONFLICT (id) DO NOTHING;
INSERT INTO auth.users (id, instance_id, aud, role, email, encrypted_password, email_confirmed_at, created_at, updated_at) VALUES ('3db22071-0246-47e5-9edd-1ff7cdf1b0d6', '00000000-0000-0000-0000-000000000000', 'authenticated', 'authenticated', 'no-email-3268@example.com', '$argon2id$v=19$m=65536,t=3,p=4$fQ7fF7Zl6j7Q7fF7Zl6j7A$fQ7fF7Zl6j7Q7fF7Zl6j7A', now(), now(), now()) ON CONFLICT (id) DO NOTHING;
INSERT INTO profiles (id, first_name, last_name, phone, role) VALUES ('3db22071-0246-47e5-9edd-1ff7cdf1b0d6', 'MR. TAIWO', 'Unknown', '', 'guest') ON CONFLICT (id) DO NOTHING;
INSERT INTO auth.users (id, instance_id, aud, role, email, encrypted_password, email_confirmed_at, created_at, updated_at) VALUES ('b70f63f4-d81f-42f5-91db-e1a0b63e9bf5', '00000000-0000-0000-0000-000000000000', 'authenticated', 'authenticated', 'no-email-3273@example.com', '$argon2id$v=19$m=65536,t=3,p=4$fQ7fF7Zl6j7Q7fF7Zl6j7A$fQ7fF7Zl6j7Q7fF7Zl6j7A', now(), now(), now()) ON CONFLICT (id) DO NOTHING;
INSERT INTO profiles (id, first_name, last_name, phone, role) VALUES ('b70f63f4-d81f-42f5-91db-e1a0b63e9bf5', 'FELIX', 'IDUGBE', '', 'guest') ON CONFLICT (id) DO NOTHING;
INSERT INTO auth.users (id, instance_id, aud, role, email, encrypted_password, email_confirmed_at, created_at, updated_at) VALUES ('4f67cdbc-8e69-4886-a457-4523c8ccec16', '00000000-0000-0000-0000-000000000000', 'authenticated', 'authenticated', 'no-email-3276@example.com', '$argon2id$v=19$m=65536,t=3,p=4$fQ7fF7Zl6j7Q7fF7Zl6j7A$fQ7fF7Zl6j7Q7fF7Zl6j7A', now(), now(), now()) ON CONFLICT (id) DO NOTHING;
INSERT INTO profiles (id, first_name, last_name, phone, role) VALUES ('4f67cdbc-8e69-4886-a457-4523c8ccec16', 'CHUKWUMA', 'Unknown', '', 'guest') ON CONFLICT (id) DO NOTHING;
INSERT INTO auth.users (id, instance_id, aud, role, email, encrypted_password, email_confirmed_at, created_at, updated_at) VALUES ('ecc509b2-9d3e-4c68-b9d8-ec88bce3ac49', '00000000-0000-0000-0000-000000000000', 'authenticated', 'authenticated', 'no-email-3279@example.com', '$argon2id$v=19$m=65536,t=3,p=4$fQ7fF7Zl6j7Q7fF7Zl6j7A$fQ7fF7Zl6j7Q7fF7Zl6j7A', now(), now(), now()) ON CONFLICT (id) DO NOTHING;
INSERT INTO profiles (id, first_name, last_name, phone, role) VALUES ('ecc509b2-9d3e-4c68-b9d8-ec88bce3ac49', 'MR IK', 'Unknown', '', 'guest') ON CONFLICT (id) DO NOTHING;
INSERT INTO auth.users (id, instance_id, aud, role, email, encrypted_password, email_confirmed_at, created_at, updated_at) VALUES ('dc843023-41bd-42d1-b913-212e9ab3fd18', '00000000-0000-0000-0000-000000000000', 'authenticated', 'authenticated', 'no-email-3294@example.com', '$argon2id$v=19$m=65536,t=3,p=4$fQ7fF7Zl6j7Q7fF7Zl6j7A$fQ7fF7Zl6j7Q7fF7Zl6j7A', now(), now(), now()) ON CONFLICT (id) DO NOTHING;
INSERT INTO profiles (id, first_name, last_name, phone, role) VALUES ('dc843023-41bd-42d1-b913-212e9ab3fd18', 'MR SHEDRACH', 'Unknown', '', 'guest') ON CONFLICT (id) DO NOTHING;
INSERT INTO auth.users (id, instance_id, aud, role, email, encrypted_password, email_confirmed_at, created_at, updated_at) VALUES ('233a4fac-6cd4-4f33-9766-dfd5bd901035', '00000000-0000-0000-0000-000000000000', 'authenticated', 'authenticated', 'no-email-3299@example.com', '$argon2id$v=19$m=65536,t=3,p=4$fQ7fF7Zl6j7Q7fF7Zl6j7A$fQ7fF7Zl6j7Q7fF7Zl6j7A', now(), now(), now()) ON CONFLICT (id) DO NOTHING;
INSERT INTO profiles (id, first_name, last_name, phone, role) VALUES ('233a4fac-6cd4-4f33-9766-dfd5bd901035', 'Mr Taiwo', 'Unknown', '', 'guest') ON CONFLICT (id) DO NOTHING;
INSERT INTO auth.users (id, instance_id, aud, role, email, encrypted_password, email_confirmed_at, created_at, updated_at) VALUES ('e73a9361-7069-44ec-b40d-0a6ec6f4c4b6', '00000000-0000-0000-0000-000000000000', 'authenticated', 'authenticated', 'no-email-3303@example.com', '$argon2id$v=19$m=65536,t=3,p=4$fQ7fF7Zl6j7Q7fF7Zl6j7A$fQ7fF7Zl6j7Q7fF7Zl6j7A', now(), now(), now()) ON CONFLICT (id) DO NOTHING;
INSERT INTO profiles (id, first_name, last_name, phone, role) VALUES ('e73a9361-7069-44ec-b40d-0a6ec6f4c4b6', 'THR MEDIA', 'Unknown', '', 'guest') ON CONFLICT (id) DO NOTHING;
INSERT INTO auth.users (id, instance_id, aud, role, email, encrypted_password, email_confirmed_at, created_at, updated_at) VALUES ('d6d0026f-2930-43cb-b41d-b300a3a73a8f', '00000000-0000-0000-0000-000000000000', 'authenticated', 'authenticated', 'no-email-3310@example.com', '$argon2id$v=19$m=65536,t=3,p=4$fQ7fF7Zl6j7Q7fF7Zl6j7A$fQ7fF7Zl6j7Q7fF7Zl6j7A', now(), now(), now()) ON CONFLICT (id) DO NOTHING;
INSERT INTO profiles (id, first_name, last_name, phone, role) VALUES ('d6d0026f-2930-43cb-b41d-b300a3a73a8f', 'MR SHEDRACK', 'Unknown', '', 'guest') ON CONFLICT (id) DO NOTHING;
INSERT INTO auth.users (id, instance_id, aud, role, email, encrypted_password, email_confirmed_at, created_at, updated_at) VALUES ('13c4e048-2895-4f0e-b580-85cfd6cf8a7a', '00000000-0000-0000-0000-000000000000', 'authenticated', 'authenticated', 'no-email-3322@example.com', '$argon2id$v=19$m=65536,t=3,p=4$fQ7fF7Zl6j7Q7fF7Zl6j7A$fQ7fF7Zl6j7Q7fF7Zl6j7A', now(), now(), now()) ON CONFLICT (id) DO NOTHING;
INSERT INTO profiles (id, first_name, last_name, phone, role) VALUES ('13c4e048-2895-4f0e-b580-85cfd6cf8a7a', 'MR IK', 'Unknown', '', 'guest') ON CONFLICT (id) DO NOTHING;
INSERT INTO auth.users (id, instance_id, aud, role, email, encrypted_password, email_confirmed_at, created_at, updated_at) VALUES ('30d60e3d-0572-4fb4-b715-77edbb8f6aad', '00000000-0000-0000-0000-000000000000', 'authenticated', 'authenticated', 'no-email-3324@example.com', '$argon2id$v=19$m=65536,t=3,p=4$fQ7fF7Zl6j7Q7fF7Zl6j7A$fQ7fF7Zl6j7Q7fF7Zl6j7A', now(), now(), now()) ON CONFLICT (id) DO NOTHING;
INSERT INTO profiles (id, first_name, last_name, phone, role) VALUES ('30d60e3d-0572-4fb4-b715-77edbb8f6aad', 'FELIX', 'IDUGBE', '', 'guest') ON CONFLICT (id) DO NOTHING;
INSERT INTO auth.users (id, instance_id, aud, role, email, encrypted_password, email_confirmed_at, created_at, updated_at) VALUES ('4cc7bdfa-5a64-4f73-818a-2557407a5818', '00000000-0000-0000-0000-000000000000', 'authenticated', 'authenticated', 'no-email-3326@example.com', '$argon2id$v=19$m=65536,t=3,p=4$fQ7fF7Zl6j7Q7fF7Zl6j7A$fQ7fF7Zl6j7Q7fF7Zl6j7A', now(), now(), now()) ON CONFLICT (id) DO NOTHING;
INSERT INTO profiles (id, first_name, last_name, phone, role) VALUES ('4cc7bdfa-5a64-4f73-818a-2557407a5818', 'USMAN', 'BASHIR', '09095635769', 'guest') ON CONFLICT (id) DO NOTHING;
INSERT INTO auth.users (id, instance_id, aud, role, email, encrypted_password, email_confirmed_at, created_at, updated_at) VALUES ('26f51932-33a3-4326-a5b0-6ca3c84c1d9d', '00000000-0000-0000-0000-000000000000', 'authenticated', 'authenticated', 'no-email-3333@example.com', '$argon2id$v=19$m=65536,t=3,p=4$fQ7fF7Zl6j7Q7fF7Zl6j7A$fQ7fF7Zl6j7Q7fF7Zl6j7A', now(), now(), now()) ON CONFLICT (id) DO NOTHING;
INSERT INTO profiles (id, first_name, last_name, phone, role) VALUES ('26f51932-33a3-4326-a5b0-6ca3c84c1d9d', 'MR SHEDRACK', 'Unknown', '', 'guest') ON CONFLICT (id) DO NOTHING;
INSERT INTO auth.users (id, instance_id, aud, role, email, encrypted_password, email_confirmed_at, created_at, updated_at) VALUES ('9878486a-1aef-4189-9820-def136568afd', '00000000-0000-0000-0000-000000000000', 'authenticated', 'authenticated', 'no-email-3336@example.com', '$argon2id$v=19$m=65536,t=3,p=4$fQ7fF7Zl6j7Q7fF7Zl6j7A$fQ7fF7Zl6j7Q7fF7Zl6j7A', now(), now(), now()) ON CONFLICT (id) DO NOTHING;
INSERT INTO profiles (id, first_name, last_name, phone, role) VALUES ('9878486a-1aef-4189-9820-def136568afd', 'SLUIEMAN', 'Unknown', '', 'guest') ON CONFLICT (id) DO NOTHING;
INSERT INTO auth.users (id, instance_id, aud, role, email, encrypted_password, email_confirmed_at, created_at, updated_at) VALUES ('1c29d983-9a89-4e9a-bfae-5ec68a944e86', '00000000-0000-0000-0000-000000000000', 'authenticated', 'authenticated', 'no-email-3338@example.com', '$argon2id$v=19$m=65536,t=3,p=4$fQ7fF7Zl6j7Q7fF7Zl6j7A$fQ7fF7Zl6j7Q7fF7Zl6j7A', now(), now(), now()) ON CONFLICT (id) DO NOTHING;
INSERT INTO profiles (id, first_name, last_name, phone, role) VALUES ('1c29d983-9a89-4e9a-bfae-5ec68a944e86', 'ALIYU', 'BELLO', '07018701707', 'guest') ON CONFLICT (id) DO NOTHING;
INSERT INTO auth.users (id, instance_id, aud, role, email, encrypted_password, email_confirmed_at, created_at, updated_at) VALUES ('6807ddce-0f1b-4c0c-9fb9-e22469eda79d', '00000000-0000-0000-0000-000000000000', 'authenticated', 'authenticated', 'no-email-3341@example.com', '$argon2id$v=19$m=65536,t=3,p=4$fQ7fF7Zl6j7Q7fF7Zl6j7A$fQ7fF7Zl6j7Q7fF7Zl6j7A', now(), now(), now()) ON CONFLICT (id) DO NOTHING;
INSERT INTO profiles (id, first_name, last_name, phone, role) VALUES ('6807ddce-0f1b-4c0c-9fb9-e22469eda79d', 'MERCILINA', 'ADEJO', '', 'guest') ON CONFLICT (id) DO NOTHING;
INSERT INTO auth.users (id, instance_id, aud, role, email, encrypted_password, email_confirmed_at, created_at, updated_at) VALUES ('01cae54f-4360-4b7e-9c28-68f59754b7c9', '00000000-0000-0000-0000-000000000000', 'authenticated', 'authenticated', 'no-email-3349@example.com', '$argon2id$v=19$m=65536,t=3,p=4$fQ7fF7Zl6j7Q7fF7Zl6j7A$fQ7fF7Zl6j7Q7fF7Zl6j7A', now(), now(), now()) ON CONFLICT (id) DO NOTHING;
INSERT INTO profiles (id, first_name, last_name, phone, role) VALUES ('01cae54f-4360-4b7e-9c28-68f59754b7c9', 'Eferoghene', 'Ovwero', '', 'guest') ON CONFLICT (id) DO NOTHING;
INSERT INTO auth.users (id, instance_id, aud, role, email, encrypted_password, email_confirmed_at, created_at, updated_at) VALUES ('b93e3a57-5b28-4e3a-b4e7-ea7ed8dd5cce', '00000000-0000-0000-0000-000000000000', 'authenticated', 'authenticated', 'no-email-3354@example.com', '$argon2id$v=19$m=65536,t=3,p=4$fQ7fF7Zl6j7Q7fF7Zl6j7A$fQ7fF7Zl6j7Q7fF7Zl6j7A', now(), now(), now()) ON CONFLICT (id) DO NOTHING;
INSERT INTO profiles (id, first_name, last_name, phone, role) VALUES ('b93e3a57-5b28-4e3a-b4e7-ea7ed8dd5cce', 'JENNIEE_PHA', 'Unknown', '', 'guest') ON CONFLICT (id) DO NOTHING;
INSERT INTO auth.users (id, instance_id, aud, role, email, encrypted_password, email_confirmed_at, created_at, updated_at) VALUES ('0a0d34ce-15c4-4a82-a51c-51d757df9df0', '00000000-0000-0000-0000-000000000000', 'authenticated', 'authenticated', 'no-email-3365@example.com', '$argon2id$v=19$m=65536,t=3,p=4$fQ7fF7Zl6j7Q7fF7Zl6j7A$fQ7fF7Zl6j7Q7fF7Zl6j7A', now(), now(), now()) ON CONFLICT (id) DO NOTHING;
INSERT INTO profiles (id, first_name, last_name, phone, role) VALUES ('0a0d34ce-15c4-4a82-a51c-51d757df9df0', 'GABRIEL', 'FUNOM', '', 'guest') ON CONFLICT (id) DO NOTHING;
INSERT INTO auth.users (id, instance_id, aud, role, email, encrypted_password, email_confirmed_at, created_at, updated_at) VALUES ('d56a9537-f2d2-434f-96fc-5e945d0ba2b1', '00000000-0000-0000-0000-000000000000', 'authenticated', 'authenticated', 'no-email-3372@example.com', '$argon2id$v=19$m=65536,t=3,p=4$fQ7fF7Zl6j7Q7fF7Zl6j7A$fQ7fF7Zl6j7Q7fF7Zl6j7A', now(), now(), now()) ON CONFLICT (id) DO NOTHING;
INSERT INTO profiles (id, first_name, last_name, phone, role) VALUES ('d56a9537-f2d2-434f-96fc-5e945d0ba2b1', 'ALIYU', 'BELLO', '07018701707', 'guest') ON CONFLICT (id) DO NOTHING;
INSERT INTO auth.users (id, instance_id, aud, role, email, encrypted_password, email_confirmed_at, created_at, updated_at) VALUES ('f2be8635-091b-4f68-a505-6999235cb0a6', '00000000-0000-0000-0000-000000000000', 'authenticated', 'authenticated', 'no-email-3374@example.com', '$argon2id$v=19$m=65536,t=3,p=4$fQ7fF7Zl6j7Q7fF7Zl6j7A$fQ7fF7Zl6j7Q7fF7Zl6j7A', now(), now(), now()) ON CONFLICT (id) DO NOTHING;
INSERT INTO profiles (id, first_name, last_name, phone, role) VALUES ('f2be8635-091b-4f68-a505-6999235cb0a6', 'MICHAEL', 'FRANCIS', '07039959327', 'guest') ON CONFLICT (id) DO NOTHING;
INSERT INTO auth.users (id, instance_id, aud, role, email, encrypted_password, email_confirmed_at, created_at, updated_at) VALUES ('64056fcb-f99c-4921-a3bc-1794b4c7a83e', '00000000-0000-0000-0000-000000000000', 'authenticated', 'authenticated', 'no-email-3382@example.com', '$argon2id$v=19$m=65536,t=3,p=4$fQ7fF7Zl6j7Q7fF7Zl6j7A$fQ7fF7Zl6j7Q7fF7Zl6j7A', now(), now(), now()) ON CONFLICT (id) DO NOTHING;
INSERT INTO profiles (id, first_name, last_name, phone, role) VALUES ('64056fcb-f99c-4921-a3bc-1794b4c7a83e', 'MR CHRIS', 'Unknown', '', 'guest') ON CONFLICT (id) DO NOTHING;
INSERT INTO auth.users (id, instance_id, aud, role, email, encrypted_password, email_confirmed_at, created_at, updated_at) VALUES ('31637054-159b-4a76-a14f-5fb5932cce80', '00000000-0000-0000-0000-000000000000', 'authenticated', 'authenticated', 'no-email-3392@example.com', '$argon2id$v=19$m=65536,t=3,p=4$fQ7fF7Zl6j7Q7fF7Zl6j7A$fQ7fF7Zl6j7Q7fF7Zl6j7A', now(), now(), now()) ON CONFLICT (id) DO NOTHING;
INSERT INTO profiles (id, first_name, last_name, phone, role) VALUES ('31637054-159b-4a76-a14f-5fb5932cce80', 'MR SHEDRACK', 'Unknown', '', 'guest') ON CONFLICT (id) DO NOTHING;
INSERT INTO auth.users (id, instance_id, aud, role, email, encrypted_password, email_confirmed_at, created_at, updated_at) VALUES ('70bce6b1-319f-4cae-8ed9-2f2fa4081fdd', '00000000-0000-0000-0000-000000000000', 'authenticated', 'authenticated', 'no-email-3394@example.com', '$argon2id$v=19$m=65536,t=3,p=4$fQ7fF7Zl6j7Q7fF7Zl6j7A$fQ7fF7Zl6j7Q7fF7Zl6j7A', now(), now(), now()) ON CONFLICT (id) DO NOTHING;
INSERT INTO profiles (id, first_name, last_name, phone, role) VALUES ('70bce6b1-319f-4cae-8ed9-2f2fa4081fdd', 'MR SHEDRACK', 'Unknown', '', 'guest') ON CONFLICT (id) DO NOTHING;
INSERT INTO auth.users (id, instance_id, aud, role, email, encrypted_password, email_confirmed_at, created_at, updated_at) VALUES ('043acf23-0d5e-48bd-9225-80fbd211a729', '00000000-0000-0000-0000-000000000000', 'authenticated', 'authenticated', 'no-email-3399@example.com', '$argon2id$v=19$m=65536,t=3,p=4$fQ7fF7Zl6j7Q7fF7Zl6j7A$fQ7fF7Zl6j7Q7fF7Zl6j7A', now(), now(), now()) ON CONFLICT (id) DO NOTHING;
INSERT INTO profiles (id, first_name, last_name, phone, role) VALUES ('043acf23-0d5e-48bd-9225-80fbd211a729', 'MR IK', 'Unknown', '', 'guest') ON CONFLICT (id) DO NOTHING;
INSERT INTO auth.users (id, instance_id, aud, role, email, encrypted_password, email_confirmed_at, created_at, updated_at) VALUES ('4e1ee342-3c43-4595-afa6-519f0e650e7a', '00000000-0000-0000-0000-000000000000', 'authenticated', 'authenticated', 'no-email-3404@example.com', '$argon2id$v=19$m=65536,t=3,p=4$fQ7fF7Zl6j7Q7fF7Zl6j7A$fQ7fF7Zl6j7Q7fF7Zl6j7A', now(), now(), now()) ON CONFLICT (id) DO NOTHING;
INSERT INTO profiles (id, first_name, last_name, phone, role) VALUES ('4e1ee342-3c43-4595-afa6-519f0e650e7a', 'IJIKOR JENNIFER', 'Unknown', '08131392588', 'guest') ON CONFLICT (id) DO NOTHING;
INSERT INTO auth.users (id, instance_id, aud, role, email, encrypted_password, email_confirmed_at, created_at, updated_at) VALUES ('503796ac-d94e-4756-897a-f4ef5fff5e29', '00000000-0000-0000-0000-000000000000', 'authenticated', 'authenticated', 'no-email-3414@example.com', '$argon2id$v=19$m=65536,t=3,p=4$fQ7fF7Zl6j7Q7fF7Zl6j7A$fQ7fF7Zl6j7Q7fF7Zl6j7A', now(), now(), now()) ON CONFLICT (id) DO NOTHING;
INSERT INTO profiles (id, first_name, last_name, phone, role) VALUES ('503796ac-d94e-4756-897a-f4ef5fff5e29', 'OBINNA', 'UZOR', '', 'guest') ON CONFLICT (id) DO NOTHING;
INSERT INTO auth.users (id, instance_id, aud, role, email, encrypted_password, email_confirmed_at, created_at, updated_at) VALUES ('d50f8004-d5b6-4165-bf94-423684f571c8', '00000000-0000-0000-0000-000000000000', 'authenticated', 'authenticated', 'no-email-3419@example.com', '$argon2id$v=19$m=65536,t=3,p=4$fQ7fF7Zl6j7Q7fF7Zl6j7A$fQ7fF7Zl6j7Q7fF7Zl6j7A', now(), now(), now()) ON CONFLICT (id) DO NOTHING;
INSERT INTO profiles (id, first_name, last_name, phone, role) VALUES ('d50f8004-d5b6-4165-bf94-423684f571c8', 'Eferoghene', 'Ovwero', '', 'guest') ON CONFLICT (id) DO NOTHING;
INSERT INTO auth.users (id, instance_id, aud, role, email, encrypted_password, email_confirmed_at, created_at, updated_at) VALUES ('1d0f5fd2-f4a0-459b-9e82-93ce8b9dc78e', '00000000-0000-0000-0000-000000000000', 'authenticated', 'authenticated', 'no-email-3422@example.com', '$argon2id$v=19$m=65536,t=3,p=4$fQ7fF7Zl6j7Q7fF7Zl6j7A$fQ7fF7Zl6j7Q7fF7Zl6j7A', now(), now(), now()) ON CONFLICT (id) DO NOTHING;
INSERT INTO profiles (id, first_name, last_name, phone, role) VALUES ('1d0f5fd2-f4a0-459b-9e82-93ce8b9dc78e', 'JEFFREY', 'SOLOMON', '', 'guest') ON CONFLICT (id) DO NOTHING;
INSERT INTO auth.users (id, instance_id, aud, role, email, encrypted_password, email_confirmed_at, created_at, updated_at) VALUES ('01cf4408-132b-47bc-b8ba-afa26b4b8340', '00000000-0000-0000-0000-000000000000', 'authenticated', 'authenticated', 'no-email-3430@example.com', '$argon2id$v=19$m=65536,t=3,p=4$fQ7fF7Zl6j7Q7fF7Zl6j7A$fQ7fF7Zl6j7Q7fF7Zl6j7A', now(), now(), now()) ON CONFLICT (id) DO NOTHING;
INSERT INTO profiles (id, first_name, last_name, phone, role) VALUES ('01cf4408-132b-47bc-b8ba-afa26b4b8340', 'SHEDRACK', 'DEMAKI', '', 'guest') ON CONFLICT (id) DO NOTHING;
INSERT INTO auth.users (id, instance_id, aud, role, email, encrypted_password, email_confirmed_at, created_at, updated_at) VALUES ('1b12a501-1aef-43e1-b5b0-a67a00661f78', '00000000-0000-0000-0000-000000000000', 'authenticated', 'authenticated', 'no-email-3442@example.com', '$argon2id$v=19$m=65536,t=3,p=4$fQ7fF7Zl6j7Q7fF7Zl6j7A$fQ7fF7Zl6j7Q7fF7Zl6j7A', now(), now(), now()) ON CONFLICT (id) DO NOTHING;
INSERT INTO profiles (id, first_name, last_name, phone, role) VALUES ('1b12a501-1aef-43e1-b5b0-a67a00661f78', 'PATIENCE', 'Unknown', '08138565625', 'guest') ON CONFLICT (id) DO NOTHING;
INSERT INTO auth.users (id, instance_id, aud, role, email, encrypted_password, email_confirmed_at, created_at, updated_at) VALUES ('d7d183d9-3c23-48a3-9b45-7795918a7eef', '00000000-0000-0000-0000-000000000000', 'authenticated', 'authenticated', 'no-email-3447@example.com', '$argon2id$v=19$m=65536,t=3,p=4$fQ7fF7Zl6j7Q7fF7Zl6j7A$fQ7fF7Zl6j7Q7fF7Zl6j7A', now(), now(), now()) ON CONFLICT (id) DO NOTHING;
INSERT INTO profiles (id, first_name, last_name, phone, role) VALUES ('d7d183d9-3c23-48a3-9b45-7795918a7eef', 'Eferoghene', 'Ovwero', '', 'guest') ON CONFLICT (id) DO NOTHING;
INSERT INTO auth.users (id, instance_id, aud, role, email, encrypted_password, email_confirmed_at, created_at, updated_at) VALUES ('b0183329-f5f0-4598-911e-6e13bb180fec', '00000000-0000-0000-0000-000000000000', 'authenticated', 'authenticated', 'no-email-3451@example.com', '$argon2id$v=19$m=65536,t=3,p=4$fQ7fF7Zl6j7Q7fF7Zl6j7A$fQ7fF7Zl6j7Q7fF7Zl6j7A', now(), now(), now()) ON CONFLICT (id) DO NOTHING;
INSERT INTO profiles (id, first_name, last_name, phone, role) VALUES ('b0183329-f5f0-4598-911e-6e13bb180fec', 'USMAN', 'BASHIR', '09095635769', 'guest') ON CONFLICT (id) DO NOTHING;
INSERT INTO auth.users (id, instance_id, aud, role, email, encrypted_password, email_confirmed_at, created_at, updated_at) VALUES ('abb49050-e451-4e87-bf83-83b2be4a25f8', '00000000-0000-0000-0000-000000000000', 'authenticated', 'authenticated', 'no-email-3453@example.com', '$argon2id$v=19$m=65536,t=3,p=4$fQ7fF7Zl6j7Q7fF7Zl6j7A$fQ7fF7Zl6j7Q7fF7Zl6j7A', now(), now(), now()) ON CONFLICT (id) DO NOTHING;
INSERT INTO profiles (id, first_name, last_name, phone, role) VALUES ('abb49050-e451-4e87-bf83-83b2be4a25f8', 'USMAN', 'BASHIR', '09095635769', 'guest') ON CONFLICT (id) DO NOTHING;
INSERT INTO auth.users (id, instance_id, aud, role, email, encrypted_password, email_confirmed_at, created_at, updated_at) VALUES ('16009fcc-d13e-434b-be4f-6ce29a9a3eb4', '00000000-0000-0000-0000-000000000000', 'authenticated', 'authenticated', 'no-email-3459@example.com', '$argon2id$v=19$m=65536,t=3,p=4$fQ7fF7Zl6j7Q7fF7Zl6j7A$fQ7fF7Zl6j7Q7fF7Zl6j7A', now(), now(), now()) ON CONFLICT (id) DO NOTHING;
INSERT INTO profiles (id, first_name, last_name, phone, role) VALUES ('16009fcc-d13e-434b-be4f-6ce29a9a3eb4', 'FELIX', 'IDUGBE', '', 'guest') ON CONFLICT (id) DO NOTHING;
INSERT INTO auth.users (id, instance_id, aud, role, email, encrypted_password, email_confirmed_at, created_at, updated_at) VALUES ('249bc9d4-90aa-4f26-847d-bc21c700854f', '00000000-0000-0000-0000-000000000000', 'authenticated', 'authenticated', 'no-email-3464@example.com', '$argon2id$v=19$m=65536,t=3,p=4$fQ7fF7Zl6j7Q7fF7Zl6j7A$fQ7fF7Zl6j7Q7fF7Zl6j7A', now(), now(), now()) ON CONFLICT (id) DO NOTHING;
INSERT INTO profiles (id, first_name, last_name, phone, role) VALUES ('249bc9d4-90aa-4f26-847d-bc21c700854f', 'JEREMIAH', 'WILLIAMS', '07017219464', 'guest') ON CONFLICT (id) DO NOTHING;
INSERT INTO auth.users (id, instance_id, aud, role, email, encrypted_password, email_confirmed_at, created_at, updated_at) VALUES ('a51f4143-bb8f-4cba-a6a4-312eedf290c1', '00000000-0000-0000-0000-000000000000', 'authenticated', 'authenticated', 'no-email-3470@example.com', '$argon2id$v=19$m=65536,t=3,p=4$fQ7fF7Zl6j7Q7fF7Zl6j7A$fQ7fF7Zl6j7Q7fF7Zl6j7A', now(), now(), now()) ON CONFLICT (id) DO NOTHING;
INSERT INTO profiles (id, first_name, last_name, phone, role) VALUES ('a51f4143-bb8f-4cba-a6a4-312eedf290c1', 'JEREMIAH', 'WILLIAMS', '07017219464', 'guest') ON CONFLICT (id) DO NOTHING;
INSERT INTO auth.users (id, instance_id, aud, role, email, encrypted_password, email_confirmed_at, created_at, updated_at) VALUES ('2129afe7-5d65-4c21-91d6-a7ac9405b3b9', '00000000-0000-0000-0000-000000000000', 'authenticated', 'authenticated', 'no-email-3475@example.com', '$argon2id$v=19$m=65536,t=3,p=4$fQ7fF7Zl6j7Q7fF7Zl6j7A$fQ7fF7Zl6j7Q7fF7Zl6j7A', now(), now(), now()) ON CONFLICT (id) DO NOTHING;
INSERT INTO profiles (id, first_name, last_name, phone, role) VALUES ('2129afe7-5d65-4c21-91d6-a7ac9405b3b9', 'IMEH', 'AFANGIDEH', '08063983696', 'guest') ON CONFLICT (id) DO NOTHING;
INSERT INTO auth.users (id, instance_id, aud, role, email, encrypted_password, email_confirmed_at, created_at, updated_at) VALUES ('5fc93ea8-4178-4a56-8940-8debd1dbedeb', '00000000-0000-0000-0000-000000000000', 'authenticated', 'authenticated', 'no-email-3482@example.com', '$argon2id$v=19$m=65536,t=3,p=4$fQ7fF7Zl6j7Q7fF7Zl6j7A$fQ7fF7Zl6j7Q7fF7Zl6j7A', now(), now(), now()) ON CONFLICT (id) DO NOTHING;
INSERT INTO profiles (id, first_name, last_name, phone, role) VALUES ('5fc93ea8-4178-4a56-8940-8debd1dbedeb', 'MONA', 'Unknown', '', 'guest') ON CONFLICT (id) DO NOTHING;
INSERT INTO auth.users (id, instance_id, aud, role, email, encrypted_password, email_confirmed_at, created_at, updated_at) VALUES ('8710083b-c29a-4ea7-8eff-8610c60ecb60', '00000000-0000-0000-0000-000000000000', 'authenticated', 'authenticated', 'no-email-3494@example.com', '$argon2id$v=19$m=65536,t=3,p=4$fQ7fF7Zl6j7Q7fF7Zl6j7A$fQ7fF7Zl6j7Q7fF7Zl6j7A', now(), now(), now()) ON CONFLICT (id) DO NOTHING;
INSERT INTO profiles (id, first_name, last_name, phone, role) VALUES ('8710083b-c29a-4ea7-8eff-8610c60ecb60', 'SULEIMAN', 'ABDULHAKEEM', '', 'guest') ON CONFLICT (id) DO NOTHING;
INSERT INTO auth.users (id, instance_id, aud, role, email, encrypted_password, email_confirmed_at, created_at, updated_at) VALUES ('51b1f493-0d5e-4795-9051-f17abfd74794', '00000000-0000-0000-0000-000000000000', 'authenticated', 'authenticated', 'no-email-3507@example.com', '$argon2id$v=19$m=65536,t=3,p=4$fQ7fF7Zl6j7Q7fF7Zl6j7A$fQ7fF7Zl6j7Q7fF7Zl6j7A', now(), now(), now()) ON CONFLICT (id) DO NOTHING;
INSERT INTO profiles (id, first_name, last_name, phone, role) VALUES ('51b1f493-0d5e-4795-9051-f17abfd74794', 'EZEKIEL', 'ALABO', '', 'guest') ON CONFLICT (id) DO NOTHING;
INSERT INTO auth.users (id, instance_id, aud, role, email, encrypted_password, email_confirmed_at, created_at, updated_at) VALUES ('364061d4-812d-4cb8-92bc-28cdf6ed045b', '00000000-0000-0000-0000-000000000000', 'authenticated', 'authenticated', 'no-email-3527@example.com', '$argon2id$v=19$m=65536,t=3,p=4$fQ7fF7Zl6j7Q7fF7Zl6j7A$fQ7fF7Zl6j7Q7fF7Zl6j7A', now(), now(), now()) ON CONFLICT (id) DO NOTHING;
INSERT INTO profiles (id, first_name, last_name, phone, role) VALUES ('364061d4-812d-4cb8-92bc-28cdf6ed045b', 'DENYEFA', 'LEADER', '', 'guest') ON CONFLICT (id) DO NOTHING;
INSERT INTO auth.users (id, instance_id, aud, role, email, encrypted_password, email_confirmed_at, created_at, updated_at) VALUES ('51a471a0-d1d0-4089-9153-777c61c818c7', '00000000-0000-0000-0000-000000000000', 'authenticated', 'authenticated', 'no-email-3532@example.com', '$argon2id$v=19$m=65536,t=3,p=4$fQ7fF7Zl6j7Q7fF7Zl6j7A$fQ7fF7Zl6j7Q7fF7Zl6j7A', now(), now(), now()) ON CONFLICT (id) DO NOTHING;
INSERT INTO profiles (id, first_name, last_name, phone, role) VALUES ('51a471a0-d1d0-4089-9153-777c61c818c7', 'DENYEFA', 'LEADER', '', 'guest') ON CONFLICT (id) DO NOTHING;
INSERT INTO auth.users (id, instance_id, aud, role, email, encrypted_password, email_confirmed_at, created_at, updated_at) VALUES ('32d85f18-f42f-42d4-af2e-4971bb0d9595', '00000000-0000-0000-0000-000000000000', 'authenticated', 'authenticated', 'no-email-3541@example.com', '$argon2id$v=19$m=65536,t=3,p=4$fQ7fF7Zl6j7Q7fF7Zl6j7A$fQ7fF7Zl6j7Q7fF7Zl6j7A', now(), now(), now()) ON CONFLICT (id) DO NOTHING;
INSERT INTO profiles (id, first_name, last_name, phone, role) VALUES ('32d85f18-f42f-42d4-af2e-4971bb0d9595', 'MR SULEIMAN', 'Unknown', '', 'guest') ON CONFLICT (id) DO NOTHING;
INSERT INTO auth.users (id, instance_id, aud, role, email, encrypted_password, email_confirmed_at, created_at, updated_at) VALUES ('4ce146ab-8f2d-4471-bc0b-b0a3107b4f12', '00000000-0000-0000-0000-000000000000', 'authenticated', 'authenticated', 'no-email-3550@example.com', '$argon2id$v=19$m=65536,t=3,p=4$fQ7fF7Zl6j7Q7fF7Zl6j7A$fQ7fF7Zl6j7Q7fF7Zl6j7A', now(), now(), now()) ON CONFLICT (id) DO NOTHING;
INSERT INTO profiles (id, first_name, last_name, phone, role) VALUES ('4ce146ab-8f2d-4471-bc0b-b0a3107b4f12', 'INAM''S CLIENT', 'Unknown', '', 'guest') ON CONFLICT (id) DO NOTHING;
INSERT INTO auth.users (id, instance_id, aud, role, email, encrypted_password, email_confirmed_at, created_at, updated_at) VALUES ('c395b4ce-6f68-451d-8ee5-c2c734fddffd', '00000000-0000-0000-0000-000000000000', 'authenticated', 'authenticated', 'no-email-3555@example.com', '$argon2id$v=19$m=65536,t=3,p=4$fQ7fF7Zl6j7Q7fF7Zl6j7A$fQ7fF7Zl6j7Q7fF7Zl6j7A', now(), now(), now()) ON CONFLICT (id) DO NOTHING;
INSERT INTO profiles (id, first_name, last_name, phone, role) VALUES ('c395b4ce-6f68-451d-8ee5-c2c734fddffd', 'KASSIM', 'YUSUF', '', 'guest') ON CONFLICT (id) DO NOTHING;
INSERT INTO auth.users (id, instance_id, aud, role, email, encrypted_password, email_confirmed_at, created_at, updated_at) VALUES ('2b231776-e7e7-44e3-ac65-086c9447bd90', '00000000-0000-0000-0000-000000000000', 'authenticated', 'authenticated', 'no-email-3557@example.com', '$argon2id$v=19$m=65536,t=3,p=4$fQ7fF7Zl6j7Q7fF7Zl6j7A$fQ7fF7Zl6j7Q7fF7Zl6j7A', now(), now(), now()) ON CONFLICT (id) DO NOTHING;
INSERT INTO profiles (id, first_name, last_name, phone, role) VALUES ('2b231776-e7e7-44e3-ac65-086c9447bd90', 'ALABO', 'EZEKIEL', '07016137600', 'guest') ON CONFLICT (id) DO NOTHING;
INSERT INTO auth.users (id, instance_id, aud, role, email, encrypted_password, email_confirmed_at, created_at, updated_at) VALUES ('9f4c805a-2282-4b9a-892c-f4d33bceb2e4', '00000000-0000-0000-0000-000000000000', 'authenticated', 'authenticated', 'no-email-3565@example.com', '$argon2id$v=19$m=65536,t=3,p=4$fQ7fF7Zl6j7Q7fF7Zl6j7A$fQ7fF7Zl6j7Q7fF7Zl6j7A', now(), now(), now()) ON CONFLICT (id) DO NOTHING;
INSERT INTO profiles (id, first_name, last_name, phone, role) VALUES ('9f4c805a-2282-4b9a-892c-f4d33bceb2e4', 'ALIYU', 'BELLO', '07018701707', 'guest') ON CONFLICT (id) DO NOTHING;
INSERT INTO auth.users (id, instance_id, aud, role, email, encrypted_password, email_confirmed_at, created_at, updated_at) VALUES ('86fa747d-38f6-44fe-9bff-e7b42f65cf5c', '00000000-0000-0000-0000-000000000000', 'authenticated', 'authenticated', 'no-email-3572@example.com', '$argon2id$v=19$m=65536,t=3,p=4$fQ7fF7Zl6j7Q7fF7Zl6j7A$fQ7fF7Zl6j7Q7fF7Zl6j7A', now(), now(), now()) ON CONFLICT (id) DO NOTHING;
INSERT INTO profiles (id, first_name, last_name, phone, role) VALUES ('86fa747d-38f6-44fe-9bff-e7b42f65cf5c', 'EZEKIEL', 'Unknown', '', 'guest') ON CONFLICT (id) DO NOTHING;
INSERT INTO auth.users (id, instance_id, aud, role, email, encrypted_password, email_confirmed_at, created_at, updated_at) VALUES ('dc66bceb-9443-4aac-b032-56cd0f30abd7', '00000000-0000-0000-0000-000000000000', 'authenticated', 'authenticated', 'no-email-3580@example.com', '$argon2id$v=19$m=65536,t=3,p=4$fQ7fF7Zl6j7Q7fF7Zl6j7A$fQ7fF7Zl6j7Q7fF7Zl6j7A', now(), now(), now()) ON CONFLICT (id) DO NOTHING;
INSERT INTO profiles (id, first_name, last_name, phone, role) VALUES ('dc66bceb-9443-4aac-b032-56cd0f30abd7', 'MR CHARLES', 'Unknown', '08165241644', 'guest') ON CONFLICT (id) DO NOTHING;
INSERT INTO auth.users (id, instance_id, aud, role, email, encrypted_password, email_confirmed_at, created_at, updated_at) VALUES ('d14e5cb9-447f-4c7b-b188-f8bec497a307', '00000000-0000-0000-0000-000000000000', 'authenticated', 'authenticated', 'no-email-3583@example.com', '$argon2id$v=19$m=65536,t=3,p=4$fQ7fF7Zl6j7Q7fF7Zl6j7A$fQ7fF7Zl6j7Q7fF7Zl6j7A', now(), now(), now()) ON CONFLICT (id) DO NOTHING;
INSERT INTO profiles (id, first_name, last_name, phone, role) VALUES ('d14e5cb9-447f-4c7b-b188-f8bec497a307', 'YUSUF', 'IMARN', '09110578286', 'guest') ON CONFLICT (id) DO NOTHING;
INSERT INTO auth.users (id, instance_id, aud, role, email, encrypted_password, email_confirmed_at, created_at, updated_at) VALUES ('9367ee7d-702e-4c60-bfd9-68dc10a0afd1', '00000000-0000-0000-0000-000000000000', 'authenticated', 'authenticated', 'no-email-3587@example.com', '$argon2id$v=19$m=65536,t=3,p=4$fQ7fF7Zl6j7Q7fF7Zl6j7A$fQ7fF7Zl6j7Q7fF7Zl6j7A', now(), now(), now()) ON CONFLICT (id) DO NOTHING;
INSERT INTO profiles (id, first_name, last_name, phone, role) VALUES ('9367ee7d-702e-4c60-bfd9-68dc10a0afd1', 'NASSIR', 'KHALIED', '', 'guest') ON CONFLICT (id) DO NOTHING;
INSERT INTO auth.users (id, instance_id, aud, role, email, encrypted_password, email_confirmed_at, created_at, updated_at) VALUES ('3d8ff6b4-f736-4e6c-a88f-681f7ceef4c5', '00000000-0000-0000-0000-000000000000', 'authenticated', 'authenticated', 'no-email-3594@example.com', '$argon2id$v=19$m=65536,t=3,p=4$fQ7fF7Zl6j7Q7fF7Zl6j7A$fQ7fF7Zl6j7Q7fF7Zl6j7A', now(), now(), now()) ON CONFLICT (id) DO NOTHING;
INSERT INTO profiles (id, first_name, last_name, phone, role) VALUES ('3d8ff6b4-f736-4e6c-a88f-681f7ceef4c5', 'MR CHARLES', 'Unknown', '08165241644', 'guest') ON CONFLICT (id) DO NOTHING;
INSERT INTO auth.users (id, instance_id, aud, role, email, encrypted_password, email_confirmed_at, created_at, updated_at) VALUES ('a26da8fd-ec7f-49d7-bb36-4e514dae74d3', '00000000-0000-0000-0000-000000000000', 'authenticated', 'authenticated', 'no-email-3600@example.com', '$argon2id$v=19$m=65536,t=3,p=4$fQ7fF7Zl6j7Q7fF7Zl6j7A$fQ7fF7Zl6j7Q7fF7Zl6j7A', now(), now(), now()) ON CONFLICT (id) DO NOTHING;
INSERT INTO profiles (id, first_name, last_name, phone, role) VALUES ('a26da8fd-ec7f-49d7-bb36-4e514dae74d3', 'NHASSIR', 'Unknown', '', 'guest') ON CONFLICT (id) DO NOTHING;
INSERT INTO auth.users (id, instance_id, aud, role, email, encrypted_password, email_confirmed_at, created_at, updated_at) VALUES ('4461bbf9-3429-4c7b-a285-b80b33010a30', '00000000-0000-0000-0000-000000000000', 'authenticated', 'authenticated', 'no-email-3602@example.com', '$argon2id$v=19$m=65536,t=3,p=4$fQ7fF7Zl6j7Q7fF7Zl6j7A$fQ7fF7Zl6j7Q7fF7Zl6j7A', now(), now(), now()) ON CONFLICT (id) DO NOTHING;
INSERT INTO profiles (id, first_name, last_name, phone, role) VALUES ('4461bbf9-3429-4c7b-a285-b80b33010a30', 'JOAN DENYEFA', 'LEADER', '', 'guest') ON CONFLICT (id) DO NOTHING;
INSERT INTO auth.users (id, instance_id, aud, role, email, encrypted_password, email_confirmed_at, created_at, updated_at) VALUES ('fa176315-a653-4d95-ad40-e41ddb02cd26', '00000000-0000-0000-0000-000000000000', 'authenticated', 'authenticated', 'no-email-3610@example.com', '$argon2id$v=19$m=65536,t=3,p=4$fQ7fF7Zl6j7Q7fF7Zl6j7A$fQ7fF7Zl6j7Q7fF7Zl6j7A', now(), now(), now()) ON CONFLICT (id) DO NOTHING;
INSERT INTO profiles (id, first_name, last_name, phone, role) VALUES ('fa176315-a653-4d95-ad40-e41ddb02cd26', 'MONA', 'Unknown', '', 'guest') ON CONFLICT (id) DO NOTHING;
INSERT INTO auth.users (id, instance_id, aud, role, email, encrypted_password, email_confirmed_at, created_at, updated_at) VALUES ('0a5f2bcc-a170-4a22-94ee-19533a92c2b0', '00000000-0000-0000-0000-000000000000', 'authenticated', 'authenticated', 'no-email-3621@example.com', '$argon2id$v=19$m=65536,t=3,p=4$fQ7fF7Zl6j7Q7fF7Zl6j7A$fQ7fF7Zl6j7Q7fF7Zl6j7A', now(), now(), now()) ON CONFLICT (id) DO NOTHING;
INSERT INTO profiles (id, first_name, last_name, phone, role) VALUES ('0a5f2bcc-a170-4a22-94ee-19533a92c2b0', 'ELVIS', 'Unknown', '', 'guest') ON CONFLICT (id) DO NOTHING;
INSERT INTO auth.users (id, instance_id, aud, role, email, encrypted_password, email_confirmed_at, created_at, updated_at) VALUES ('0e1a127d-efd8-458f-a06f-ac35aad52d69', '00000000-0000-0000-0000-000000000000', 'authenticated', 'authenticated', 'no-email-3628@example.com', '$argon2id$v=19$m=65536,t=3,p=4$fQ7fF7Zl6j7Q7fF7Zl6j7A$fQ7fF7Zl6j7Q7fF7Zl6j7A', now(), now(), now()) ON CONFLICT (id) DO NOTHING;
INSERT INTO profiles (id, first_name, last_name, phone, role) VALUES ('0e1a127d-efd8-458f-a06f-ac35aad52d69', 'MR', 'CHARLES', '08165241644', 'guest') ON CONFLICT (id) DO NOTHING;
INSERT INTO auth.users (id, instance_id, aud, role, email, encrypted_password, email_confirmed_at, created_at, updated_at) VALUES ('9861fb6b-3fb2-4cb5-a907-60dc9b889c81', '00000000-0000-0000-0000-000000000000', 'authenticated', 'authenticated', 'no-email-3638@example.com', '$argon2id$v=19$m=65536,t=3,p=4$fQ7fF7Zl6j7Q7fF7Zl6j7A$fQ7fF7Zl6j7Q7fF7Zl6j7A', now(), now(), now()) ON CONFLICT (id) DO NOTHING;
INSERT INTO profiles (id, first_name, last_name, phone, role) VALUES ('9861fb6b-3fb2-4cb5-a907-60dc9b889c81', 'AKUNNA', 'Unknown', '', 'guest') ON CONFLICT (id) DO NOTHING;
INSERT INTO auth.users (id, instance_id, aud, role, email, encrypted_password, email_confirmed_at, created_at, updated_at) VALUES ('860ed74c-9fd9-4aee-b9a8-b982f1d26554', '00000000-0000-0000-0000-000000000000', 'authenticated', 'authenticated', 'no-email-3644@example.com', '$argon2id$v=19$m=65536,t=3,p=4$fQ7fF7Zl6j7Q7fF7Zl6j7A$fQ7fF7Zl6j7Q7fF7Zl6j7A', now(), now(), now()) ON CONFLICT (id) DO NOTHING;
INSERT INTO profiles (id, first_name, last_name, phone, role) VALUES ('860ed74c-9fd9-4aee-b9a8-b982f1d26554', 'OBINNA', 'Unknown', '', 'guest') ON CONFLICT (id) DO NOTHING;
INSERT INTO auth.users (id, instance_id, aud, role, email, encrypted_password, email_confirmed_at, created_at, updated_at) VALUES ('8a3fc5b8-d076-4c03-9c19-10a50c1c68a6', '00000000-0000-0000-0000-000000000000', 'authenticated', 'authenticated', 'no-email-3646@example.com', '$argon2id$v=19$m=65536,t=3,p=4$fQ7fF7Zl6j7Q7fF7Zl6j7A$fQ7fF7Zl6j7Q7fF7Zl6j7A', now(), now(), now()) ON CONFLICT (id) DO NOTHING;
INSERT INTO profiles (id, first_name, last_name, phone, role) VALUES ('8a3fc5b8-d076-4c03-9c19-10a50c1c68a6', 'DAKUBO', 'Unknown', '', 'guest') ON CONFLICT (id) DO NOTHING;
INSERT INTO auth.users (id, instance_id, aud, role, email, encrypted_password, email_confirmed_at, created_at, updated_at) VALUES ('09b7eca7-8afa-4eab-8c3c-43d5a5611be8', '00000000-0000-0000-0000-000000000000', 'authenticated', 'authenticated', 'no-email-3652@example.com', '$argon2id$v=19$m=65536,t=3,p=4$fQ7fF7Zl6j7Q7fF7Zl6j7A$fQ7fF7Zl6j7Q7fF7Zl6j7A', now(), now(), now()) ON CONFLICT (id) DO NOTHING;
INSERT INTO profiles (id, first_name, last_name, phone, role) VALUES ('09b7eca7-8afa-4eab-8c3c-43d5a5611be8', 'DAMI', 'Unknown', '', 'guest') ON CONFLICT (id) DO NOTHING;
INSERT INTO auth.users (id, instance_id, aud, role, email, encrypted_password, email_confirmed_at, created_at, updated_at) VALUES ('cb890d47-c49c-494d-aebb-0901f6ca64f3', '00000000-0000-0000-0000-000000000000', 'authenticated', 'authenticated', 'no-email-3658@example.com', '$argon2id$v=19$m=65536,t=3,p=4$fQ7fF7Zl6j7Q7fF7Zl6j7A$fQ7fF7Zl6j7Q7fF7Zl6j7A', now(), now(), now()) ON CONFLICT (id) DO NOTHING;
INSERT INTO profiles (id, first_name, last_name, phone, role) VALUES ('cb890d47-c49c-494d-aebb-0901f6ca64f3', 'IKECHUKWU', 'Unknown', '', 'guest') ON CONFLICT (id) DO NOTHING;
INSERT INTO auth.users (id, instance_id, aud, role, email, encrypted_password, email_confirmed_at, created_at, updated_at) VALUES ('8ccc43b4-b6f1-48e6-a421-0c20850d5269', '00000000-0000-0000-0000-000000000000', 'authenticated', 'authenticated', 'no-email-3664@example.com', '$argon2id$v=19$m=65536,t=3,p=4$fQ7fF7Zl6j7Q7fF7Zl6j7A$fQ7fF7Zl6j7Q7fF7Zl6j7A', now(), now(), now()) ON CONFLICT (id) DO NOTHING;
INSERT INTO profiles (id, first_name, last_name, phone, role) VALUES ('8ccc43b4-b6f1-48e6-a421-0c20850d5269', 'GAGA', 'Unknown', '', 'guest') ON CONFLICT (id) DO NOTHING;
INSERT INTO auth.users (id, instance_id, aud, role, email, encrypted_password, email_confirmed_at, created_at, updated_at) VALUES ('aeedde84-99c4-4958-afaf-3d24db152a70', '00000000-0000-0000-0000-000000000000', 'authenticated', 'authenticated', 'no-email-3667@example.com', '$argon2id$v=19$m=65536,t=3,p=4$fQ7fF7Zl6j7Q7fF7Zl6j7A$fQ7fF7Zl6j7Q7fF7Zl6j7A', now(), now(), now()) ON CONFLICT (id) DO NOTHING;
INSERT INTO profiles (id, first_name, last_name, phone, role) VALUES ('aeedde84-99c4-4958-afaf-3d24db152a70', 'JK MARKETING', 'Unknown', '', 'guest') ON CONFLICT (id) DO NOTHING;
INSERT INTO auth.users (id, instance_id, aud, role, email, encrypted_password, email_confirmed_at, created_at, updated_at) VALUES ('7145e45e-ae00-488f-8119-bcf2f6559c21', '00000000-0000-0000-0000-000000000000', 'authenticated', 'authenticated', 'no-email-3683@example.com', '$argon2id$v=19$m=65536,t=3,p=4$fQ7fF7Zl6j7Q7fF7Zl6j7A$fQ7fF7Zl6j7Q7fF7Zl6j7A', now(), now(), now()) ON CONFLICT (id) DO NOTHING;
INSERT INTO profiles (id, first_name, last_name, phone, role) VALUES ('7145e45e-ae00-488f-8119-bcf2f6559c21', 'JESSICA', 'DANLADI', '', 'guest') ON CONFLICT (id) DO NOTHING;
INSERT INTO auth.users (id, instance_id, aud, role, email, encrypted_password, email_confirmed_at, created_at, updated_at) VALUES ('fe4c9412-e4b0-4a6f-88b3-4c3aeda7c0a5', '00000000-0000-0000-0000-000000000000', 'authenticated', 'authenticated', 'no-email-3685@example.com', '$argon2id$v=19$m=65536,t=3,p=4$fQ7fF7Zl6j7Q7fF7Zl6j7A$fQ7fF7Zl6j7Q7fF7Zl6j7A', now(), now(), now()) ON CONFLICT (id) DO NOTHING;
INSERT INTO profiles (id, first_name, last_name, phone, role) VALUES ('fe4c9412-e4b0-4a6f-88b3-4c3aeda7c0a5', 'Eferoghene', 'Ovwero', '', 'guest') ON CONFLICT (id) DO NOTHING;
INSERT INTO auth.users (id, instance_id, aud, role, email, encrypted_password, email_confirmed_at, created_at, updated_at) VALUES ('79735f08-47c0-4d69-8490-3ec5a277286c', '00000000-0000-0000-0000-000000000000', 'authenticated', 'authenticated', 'no-email-3696@example.com', '$argon2id$v=19$m=65536,t=3,p=4$fQ7fF7Zl6j7Q7fF7Zl6j7A$fQ7fF7Zl6j7Q7fF7Zl6j7A', now(), now(), now()) ON CONFLICT (id) DO NOTHING;
INSERT INTO profiles (id, first_name, last_name, phone, role) VALUES ('79735f08-47c0-4d69-8490-3ec5a277286c', 'IKECHUKWU', 'Unknown', '', 'guest') ON CONFLICT (id) DO NOTHING;
INSERT INTO auth.users (id, instance_id, aud, role, email, encrypted_password, email_confirmed_at, created_at, updated_at) VALUES ('1489d31f-f495-4bb6-8b0f-e64567ba8b5b', '00000000-0000-0000-0000-000000000000', 'authenticated', 'authenticated', 'no-email-3700@example.com', '$argon2id$v=19$m=65536,t=3,p=4$fQ7fF7Zl6j7Q7fF7Zl6j7A$fQ7fF7Zl6j7Q7fF7Zl6j7A', now(), now(), now()) ON CONFLICT (id) DO NOTHING;
INSERT INTO profiles (id, first_name, last_name, phone, role) VALUES ('1489d31f-f495-4bb6-8b0f-e64567ba8b5b', 'BATUBO IBIBA', 'Unknown', '', 'guest') ON CONFLICT (id) DO NOTHING;
INSERT INTO auth.users (id, instance_id, aud, role, email, encrypted_password, email_confirmed_at, created_at, updated_at) VALUES ('53d34d13-9bbf-4098-b4d3-1170b103e20e', '00000000-0000-0000-0000-000000000000', 'authenticated', 'authenticated', 'no-email-3706@example.com', '$argon2id$v=19$m=65536,t=3,p=4$fQ7fF7Zl6j7Q7fF7Zl6j7A$fQ7fF7Zl6j7Q7fF7Zl6j7A', now(), now(), now()) ON CONFLICT (id) DO NOTHING;
INSERT INTO profiles (id, first_name, last_name, phone, role) VALUES ('53d34d13-9bbf-4098-b4d3-1170b103e20e', 'ERIC', 'Unknown', '', 'guest') ON CONFLICT (id) DO NOTHING;
INSERT INTO auth.users (id, instance_id, aud, role, email, encrypted_password, email_confirmed_at, created_at, updated_at) VALUES ('5af68b45-8a9d-4aa1-8522-4c2784de2a06', '00000000-0000-0000-0000-000000000000', 'authenticated', 'authenticated', 'no-email-3718@example.com', '$argon2id$v=19$m=65536,t=3,p=4$fQ7fF7Zl6j7Q7fF7Zl6j7A$fQ7fF7Zl6j7Q7fF7Zl6j7A', now(), now(), now()) ON CONFLICT (id) DO NOTHING;
INSERT INTO profiles (id, first_name, last_name, phone, role) VALUES ('5af68b45-8a9d-4aa1-8522-4c2784de2a06', 'MR GIDEON', 'Unknown', '', 'guest') ON CONFLICT (id) DO NOTHING;
INSERT INTO auth.users (id, instance_id, aud, role, email, encrypted_password, email_confirmed_at, created_at, updated_at) VALUES ('28a90cf1-d7e6-4761-a370-448af77221f0', '00000000-0000-0000-0000-000000000000', 'authenticated', 'authenticated', 'no-email-3723@example.com', '$argon2id$v=19$m=65536,t=3,p=4$fQ7fF7Zl6j7Q7fF7Zl6j7A$fQ7fF7Zl6j7Q7fF7Zl6j7A', now(), now(), now()) ON CONFLICT (id) DO NOTHING;
INSERT INTO profiles (id, first_name, last_name, phone, role) VALUES ('28a90cf1-d7e6-4761-a370-448af77221f0', 'INNOCENT', 'Unknown', '', 'guest') ON CONFLICT (id) DO NOTHING;
INSERT INTO auth.users (id, instance_id, aud, role, email, encrypted_password, email_confirmed_at, created_at, updated_at) VALUES ('e1d432b2-081c-4e2d-9611-051a3ec69a4e', '00000000-0000-0000-0000-000000000000', 'authenticated', 'authenticated', 'no-email-3730@example.com', '$argon2id$v=19$m=65536,t=3,p=4$fQ7fF7Zl6j7Q7fF7Zl6j7A$fQ7fF7Zl6j7Q7fF7Zl6j7A', now(), now(), now()) ON CONFLICT (id) DO NOTHING;
INSERT INTO profiles (id, first_name, last_name, phone, role) VALUES ('e1d432b2-081c-4e2d-9611-051a3ec69a4e', 'MR SHEDRACK', 'Unknown', '', 'guest') ON CONFLICT (id) DO NOTHING;
INSERT INTO auth.users (id, instance_id, aud, role, email, encrypted_password, email_confirmed_at, created_at, updated_at) VALUES ('71bd13df-5028-4474-a696-1db0b272646a', '00000000-0000-0000-0000-000000000000', 'authenticated', 'authenticated', 'no-email-3734@example.com', '$argon2id$v=19$m=65536,t=3,p=4$fQ7fF7Zl6j7Q7fF7Zl6j7A$fQ7fF7Zl6j7Q7fF7Zl6j7A', now(), now(), now()) ON CONFLICT (id) DO NOTHING;
INSERT INTO profiles (id, first_name, last_name, phone, role) VALUES ('71bd13df-5028-4474-a696-1db0b272646a', 'CC HUB', 'Unknown', '', 'guest') ON CONFLICT (id) DO NOTHING;
INSERT INTO auth.users (id, instance_id, aud, role, email, encrypted_password, email_confirmed_at, created_at, updated_at) VALUES ('65f878e3-d0e9-4fc8-83ab-d9a248645919', '00000000-0000-0000-0000-000000000000', 'authenticated', 'authenticated', 'no-email-3755@example.com', '$argon2id$v=19$m=65536,t=3,p=4$fQ7fF7Zl6j7Q7fF7Zl6j7A$fQ7fF7Zl6j7Q7fF7Zl6j7A', now(), now(), now()) ON CONFLICT (id) DO NOTHING;
INSERT INTO profiles (id, first_name, last_name, phone, role) VALUES ('65f878e3-d0e9-4fc8-83ab-d9a248645919', 'SELE', 'SONG', '', 'guest') ON CONFLICT (id) DO NOTHING;
INSERT INTO auth.users (id, instance_id, aud, role, email, encrypted_password, email_confirmed_at, created_at, updated_at) VALUES ('eea9eed7-41c1-40f9-a464-f67a799b8a2f', '00000000-0000-0000-0000-000000000000', 'authenticated', 'authenticated', 'no-email-3758@example.com', '$argon2id$v=19$m=65536,t=3,p=4$fQ7fF7Zl6j7Q7fF7Zl6j7A$fQ7fF7Zl6j7Q7fF7Zl6j7A', now(), now(), now()) ON CONFLICT (id) DO NOTHING;
INSERT INTO profiles (id, first_name, last_name, phone, role) VALUES ('eea9eed7-41c1-40f9-a464-f67a799b8a2f', 'MUYOWA', 'Unknown', '', 'guest') ON CONFLICT (id) DO NOTHING;
INSERT INTO auth.users (id, instance_id, aud, role, email, encrypted_password, email_confirmed_at, created_at, updated_at) VALUES ('26b5613d-548a-4cc3-9483-03e8e4974f3a', '00000000-0000-0000-0000-000000000000', 'authenticated', 'authenticated', 'no-email-3761@example.com', '$argon2id$v=19$m=65536,t=3,p=4$fQ7fF7Zl6j7Q7fF7Zl6j7A$fQ7fF7Zl6j7Q7fF7Zl6j7A', now(), now(), now()) ON CONFLICT (id) DO NOTHING;
INSERT INTO profiles (id, first_name, last_name, phone, role) VALUES ('26b5613d-548a-4cc3-9483-03e8e4974f3a', 'JIBIRIN', 'Unknown', '', 'guest') ON CONFLICT (id) DO NOTHING;
INSERT INTO auth.users (id, instance_id, aud, role, email, encrypted_password, email_confirmed_at, created_at, updated_at) VALUES ('f9e71c05-5c95-460c-8fa8-044dc22e0e9c', '00000000-0000-0000-0000-000000000000', 'authenticated', 'authenticated', 'no-email-3764@example.com', '$argon2id$v=19$m=65536,t=3,p=4$fQ7fF7Zl6j7Q7fF7Zl6j7A$fQ7fF7Zl6j7Q7fF7Zl6j7A', now(), now(), now()) ON CONFLICT (id) DO NOTHING;
INSERT INTO profiles (id, first_name, last_name, phone, role) VALUES ('f9e71c05-5c95-460c-8fa8-044dc22e0e9c', 'MONA', 'Unknown', '', 'guest') ON CONFLICT (id) DO NOTHING;
INSERT INTO auth.users (id, instance_id, aud, role, email, encrypted_password, email_confirmed_at, created_at, updated_at) VALUES ('6af9dc54-9e31-4475-ad63-797b6d65ab58', '00000000-0000-0000-0000-000000000000', 'authenticated', 'authenticated', 'no-email-3767@example.com', '$argon2id$v=19$m=65536,t=3,p=4$fQ7fF7Zl6j7Q7fF7Zl6j7A$fQ7fF7Zl6j7Q7fF7Zl6j7A', now(), now(), now()) ON CONFLICT (id) DO NOTHING;
INSERT INTO profiles (id, first_name, last_name, phone, role) VALUES ('6af9dc54-9e31-4475-ad63-797b6d65ab58', 'RACHEL', 'EYO', '', 'guest') ON CONFLICT (id) DO NOTHING;
INSERT INTO auth.users (id, instance_id, aud, role, email, encrypted_password, email_confirmed_at, created_at, updated_at) VALUES ('1d126002-a064-41cd-af98-aceca38f835e', '00000000-0000-0000-0000-000000000000', 'authenticated', 'authenticated', 'no-email-3772@example.com', '$argon2id$v=19$m=65536,t=3,p=4$fQ7fF7Zl6j7Q7fF7Zl6j7A$fQ7fF7Zl6j7Q7fF7Zl6j7A', now(), now(), now()) ON CONFLICT (id) DO NOTHING;
INSERT INTO profiles (id, first_name, last_name, phone, role) VALUES ('1d126002-a064-41cd-af98-aceca38f835e', 'SOMTO', 'Unknown', '', 'guest') ON CONFLICT (id) DO NOTHING;
INSERT INTO auth.users (id, instance_id, aud, role, email, encrypted_password, email_confirmed_at, created_at, updated_at) VALUES ('450ffc43-6f5a-42b8-992a-4d87bbea7069', '00000000-0000-0000-0000-000000000000', 'authenticated', 'authenticated', 'no-email-3775@example.com', '$argon2id$v=19$m=65536,t=3,p=4$fQ7fF7Zl6j7Q7fF7Zl6j7A$fQ7fF7Zl6j7Q7fF7Zl6j7A', now(), now(), now()) ON CONFLICT (id) DO NOTHING;
INSERT INTO profiles (id, first_name, last_name, phone, role) VALUES ('450ffc43-6f5a-42b8-992a-4d87bbea7069', 'SOMTO', 'Unknown', '', 'guest') ON CONFLICT (id) DO NOTHING;
INSERT INTO auth.users (id, instance_id, aud, role, email, encrypted_password, email_confirmed_at, created_at, updated_at) VALUES ('86448d3f-39bb-42ff-8b1e-4286d08800e1', '00000000-0000-0000-0000-000000000000', 'authenticated', 'authenticated', 'no-email-3779@example.com', '$argon2id$v=19$m=65536,t=3,p=4$fQ7fF7Zl6j7Q7fF7Zl6j7A$fQ7fF7Zl6j7Q7fF7Zl6j7A', now(), now(), now()) ON CONFLICT (id) DO NOTHING;
INSERT INTO profiles (id, first_name, last_name, phone, role) VALUES ('86448d3f-39bb-42ff-8b1e-4286d08800e1', 'MR SHADRACH', 'Unknown', '', 'guest') ON CONFLICT (id) DO NOTHING;
INSERT INTO auth.users (id, instance_id, aud, role, email, encrypted_password, email_confirmed_at, created_at, updated_at) VALUES ('23f6f901-2f78-4635-9c61-b244bc14cd3e', '00000000-0000-0000-0000-000000000000', 'authenticated', 'authenticated', 'no-email-3781@example.com', '$argon2id$v=19$m=65536,t=3,p=4$fQ7fF7Zl6j7Q7fF7Zl6j7A$fQ7fF7Zl6j7Q7fF7Zl6j7A', now(), now(), now()) ON CONFLICT (id) DO NOTHING;
INSERT INTO profiles (id, first_name, last_name, phone, role) VALUES ('23f6f901-2f78-4635-9c61-b244bc14cd3e', 'JIBIRIN', 'Unknown', '', 'guest') ON CONFLICT (id) DO NOTHING;
INSERT INTO auth.users (id, instance_id, aud, role, email, encrypted_password, email_confirmed_at, created_at, updated_at) VALUES ('6deca368-8af3-4a2a-b305-0f95317f7b94', '00000000-0000-0000-0000-000000000000', 'authenticated', 'authenticated', 'no-email-3783@example.com', '$argon2id$v=19$m=65536,t=3,p=4$fQ7fF7Zl6j7Q7fF7Zl6j7A$fQ7fF7Zl6j7Q7fF7Zl6j7A', now(), now(), now()) ON CONFLICT (id) DO NOTHING;
INSERT INTO profiles (id, first_name, last_name, phone, role) VALUES ('6deca368-8af3-4a2a-b305-0f95317f7b94', 'GOMINA', 'IBRAHIM', '', 'guest') ON CONFLICT (id) DO NOTHING;
INSERT INTO auth.users (id, instance_id, aud, role, email, encrypted_password, email_confirmed_at, created_at, updated_at) VALUES ('73fa5292-404d-4e99-8cd7-cbd692a531e4', '00000000-0000-0000-0000-000000000000', 'authenticated', 'authenticated', 'no-email-3785@example.com', '$argon2id$v=19$m=65536,t=3,p=4$fQ7fF7Zl6j7Q7fF7Zl6j7A$fQ7fF7Zl6j7Q7fF7Zl6j7A', now(), now(), now()) ON CONFLICT (id) DO NOTHING;
INSERT INTO profiles (id, first_name, last_name, phone, role) VALUES ('73fa5292-404d-4e99-8cd7-cbd692a531e4', 'INNOCENT', 'Unknown', '', 'guest') ON CONFLICT (id) DO NOTHING;
INSERT INTO auth.users (id, instance_id, aud, role, email, encrypted_password, email_confirmed_at, created_at, updated_at) VALUES ('4c2230a5-3217-430d-a81b-4f7aa455a0c9', '00000000-0000-0000-0000-000000000000', 'authenticated', 'authenticated', 'no-email-3793@example.com', '$argon2id$v=19$m=65536,t=3,p=4$fQ7fF7Zl6j7Q7fF7Zl6j7A$fQ7fF7Zl6j7Q7fF7Zl6j7A', now(), now(), now()) ON CONFLICT (id) DO NOTHING;
INSERT INTO profiles (id, first_name, last_name, phone, role) VALUES ('4c2230a5-3217-430d-a81b-4f7aa455a0c9', 'KINGSLEY', 'KAYVAN', '', 'guest') ON CONFLICT (id) DO NOTHING;
INSERT INTO auth.users (id, instance_id, aud, role, email, encrypted_password, email_confirmed_at, created_at, updated_at) VALUES ('e504930d-be90-467a-8f88-759e8716cbb0', '00000000-0000-0000-0000-000000000000', 'authenticated', 'authenticated', 'no-email-3799@example.com', '$argon2id$v=19$m=65536,t=3,p=4$fQ7fF7Zl6j7Q7fF7Zl6j7A$fQ7fF7Zl6j7Q7fF7Zl6j7A', now(), now(), now()) ON CONFLICT (id) DO NOTHING;
INSERT INTO profiles (id, first_name, last_name, phone, role) VALUES ('e504930d-be90-467a-8f88-759e8716cbb0', 'Eferoghene', 'Ovwero', '', 'guest') ON CONFLICT (id) DO NOTHING;
INSERT INTO auth.users (id, instance_id, aud, role, email, encrypted_password, email_confirmed_at, created_at, updated_at) VALUES ('b507888f-72bd-4f91-b06c-28820bbf3ea9', '00000000-0000-0000-0000-000000000000', 'authenticated', 'authenticated', 'no-email-3807@example.com', '$argon2id$v=19$m=65536,t=3,p=4$fQ7fF7Zl6j7Q7fF7Zl6j7A$fQ7fF7Zl6j7Q7fF7Zl6j7A', now(), now(), now()) ON CONFLICT (id) DO NOTHING;
INSERT INTO profiles (id, first_name, last_name, phone, role) VALUES ('b507888f-72bd-4f91-b06c-28820bbf3ea9', 'MONA', 'Unknown', '', 'guest') ON CONFLICT (id) DO NOTHING;
INSERT INTO auth.users (id, instance_id, aud, role, email, encrypted_password, email_confirmed_at, created_at, updated_at) VALUES ('666a0a05-9c90-487c-a9b7-efd2eb8af9d6', '00000000-0000-0000-0000-000000000000', 'authenticated', 'authenticated', 'no-email-3812@example.com', '$argon2id$v=19$m=65536,t=3,p=4$fQ7fF7Zl6j7Q7fF7Zl6j7A$fQ7fF7Zl6j7Q7fF7Zl6j7A', now(), now(), now()) ON CONFLICT (id) DO NOTHING;
INSERT INTO profiles (id, first_name, last_name, phone, role) VALUES ('666a0a05-9c90-487c-a9b7-efd2eb8af9d6', 'HASSAN', 'KABIRU', '', 'guest') ON CONFLICT (id) DO NOTHING;
INSERT INTO auth.users (id, instance_id, aud, role, email, encrypted_password, email_confirmed_at, created_at, updated_at) VALUES ('2bb97519-23f3-48a3-ba73-f7aef18baaba', '00000000-0000-0000-0000-000000000000', 'authenticated', 'authenticated', 'no-email-3815@example.com', '$argon2id$v=19$m=65536,t=3,p=4$fQ7fF7Zl6j7Q7fF7Zl6j7A$fQ7fF7Zl6j7Q7fF7Zl6j7A', now(), now(), now()) ON CONFLICT (id) DO NOTHING;
INSERT INTO profiles (id, first_name, last_name, phone, role) VALUES ('2bb97519-23f3-48a3-ba73-f7aef18baaba', 'SULEIMAN', 'ABDULHAKEEM', '', 'guest') ON CONFLICT (id) DO NOTHING;
INSERT INTO auth.users (id, instance_id, aud, role, email, encrypted_password, email_confirmed_at, created_at, updated_at) VALUES ('d503b41d-3575-43f9-8437-05af626dabd5', '00000000-0000-0000-0000-000000000000', 'authenticated', 'authenticated', 'no-email-3822@example.com', '$argon2id$v=19$m=65536,t=3,p=4$fQ7fF7Zl6j7Q7fF7Zl6j7A$fQ7fF7Zl6j7Q7fF7Zl6j7A', now(), now(), now()) ON CONFLICT (id) DO NOTHING;
INSERT INTO profiles (id, first_name, last_name, phone, role) VALUES ('d503b41d-3575-43f9-8437-05af626dabd5', 'EFEOGHENE', 'IGHO', '', 'guest') ON CONFLICT (id) DO NOTHING;
INSERT INTO auth.users (id, instance_id, aud, role, email, encrypted_password, email_confirmed_at, created_at, updated_at) VALUES ('32570506-4caa-4324-9633-816ba3b0117b', '00000000-0000-0000-0000-000000000000', 'authenticated', 'authenticated', 'no-email-3825@example.com', '$argon2id$v=19$m=65536,t=3,p=4$fQ7fF7Zl6j7Q7fF7Zl6j7A$fQ7fF7Zl6j7Q7fF7Zl6j7A', now(), now(), now()) ON CONFLICT (id) DO NOTHING;
INSERT INTO profiles (id, first_name, last_name, phone, role) VALUES ('32570506-4caa-4324-9633-816ba3b0117b', 'INNOCENT', 'Unknown', '', 'guest') ON CONFLICT (id) DO NOTHING;
INSERT INTO auth.users (id, instance_id, aud, role, email, encrypted_password, email_confirmed_at, created_at, updated_at) VALUES ('561f423f-48b7-4de3-b8c9-44f6d4db6c90', '00000000-0000-0000-0000-000000000000', 'authenticated', 'authenticated', 'no-email-3828@example.com', '$argon2id$v=19$m=65536,t=3,p=4$fQ7fF7Zl6j7Q7fF7Zl6j7A$fQ7fF7Zl6j7Q7fF7Zl6j7A', now(), now(), now()) ON CONFLICT (id) DO NOTHING;
INSERT INTO profiles (id, first_name, last_name, phone, role) VALUES ('561f423f-48b7-4de3-b8c9-44f6d4db6c90', 'ROYZ', 'GABRIEL', '08165241644', 'guest') ON CONFLICT (id) DO NOTHING;
INSERT INTO auth.users (id, instance_id, aud, role, email, encrypted_password, email_confirmed_at, created_at, updated_at) VALUES ('b0987000-d0c7-4361-9bb8-4fe3bde8a7e6', '00000000-0000-0000-0000-000000000000', 'authenticated', 'authenticated', 'no-email-3831@example.com', '$argon2id$v=19$m=65536,t=3,p=4$fQ7fF7Zl6j7Q7fF7Zl6j7A$fQ7fF7Zl6j7Q7fF7Zl6j7A', now(), now(), now()) ON CONFLICT (id) DO NOTHING;
INSERT INTO profiles (id, first_name, last_name, phone, role) VALUES ('b0987000-d0c7-4361-9bb8-4fe3bde8a7e6', 'EMMA SOM', 'Unknown', '', 'guest') ON CONFLICT (id) DO NOTHING;
INSERT INTO auth.users (id, instance_id, aud, role, email, encrypted_password, email_confirmed_at, created_at, updated_at) VALUES ('0a600633-37f4-4691-845c-f11ba9323958', '00000000-0000-0000-0000-000000000000', 'authenticated', 'authenticated', 'no-email-3833@example.com', '$argon2id$v=19$m=65536,t=3,p=4$fQ7fF7Zl6j7Q7fF7Zl6j7A$fQ7fF7Zl6j7Q7fF7Zl6j7A', now(), now(), now()) ON CONFLICT (id) DO NOTHING;
INSERT INTO profiles (id, first_name, last_name, phone, role) VALUES ('0a600633-37f4-4691-845c-f11ba9323958', 'ROYZ', 'GABRIEL', '08165241644', 'guest') ON CONFLICT (id) DO NOTHING;
INSERT INTO auth.users (id, instance_id, aud, role, email, encrypted_password, email_confirmed_at, created_at, updated_at) VALUES ('89b29246-225f-4b15-8069-f2cbfb979b2e', '00000000-0000-0000-0000-000000000000', 'authenticated', 'authenticated', 'no-email-3835@example.com', '$argon2id$v=19$m=65536,t=3,p=4$fQ7fF7Zl6j7Q7fF7Zl6j7A$fQ7fF7Zl6j7Q7fF7Zl6j7A', now(), now(), now()) ON CONFLICT (id) DO NOTHING;
INSERT INTO profiles (id, first_name, last_name, phone, role) VALUES ('89b29246-225f-4b15-8069-f2cbfb979b2e', 'CYPRIAN', 'Unknown', '', 'guest') ON CONFLICT (id) DO NOTHING;
INSERT INTO auth.users (id, instance_id, aud, role, email, encrypted_password, email_confirmed_at, created_at, updated_at) VALUES ('e268b180-99f6-4b58-800a-4c5d667777cf', '00000000-0000-0000-0000-000000000000', 'authenticated', 'authenticated', 'no-email-3838@example.com', '$argon2id$v=19$m=65536,t=3,p=4$fQ7fF7Zl6j7Q7fF7Zl6j7A$fQ7fF7Zl6j7Q7fF7Zl6j7A', now(), now(), now()) ON CONFLICT (id) DO NOTHING;
INSERT INTO profiles (id, first_name, last_name, phone, role) VALUES ('e268b180-99f6-4b58-800a-4c5d667777cf', 'ADESANYA', 'Unknown', '', 'guest') ON CONFLICT (id) DO NOTHING;
INSERT INTO auth.users (id, instance_id, aud, role, email, encrypted_password, email_confirmed_at, created_at, updated_at) VALUES ('913ded70-cd1a-477a-852d-8dd7cfdd28ef', '00000000-0000-0000-0000-000000000000', 'authenticated', 'authenticated', 'no-email-3840@example.com', '$argon2id$v=19$m=65536,t=3,p=4$fQ7fF7Zl6j7Q7fF7Zl6j7A$fQ7fF7Zl6j7Q7fF7Zl6j7A', now(), now(), now()) ON CONFLICT (id) DO NOTHING;
INSERT INTO profiles (id, first_name, last_name, phone, role) VALUES ('913ded70-cd1a-477a-852d-8dd7cfdd28ef', 'IKEGBU', 'Unknown', '', 'guest') ON CONFLICT (id) DO NOTHING;
INSERT INTO auth.users (id, instance_id, aud, role, email, encrypted_password, email_confirmed_at, created_at, updated_at) VALUES ('c4669444-c325-4b1c-a76a-45a9df479b39', '00000000-0000-0000-0000-000000000000', 'authenticated', 'authenticated', 'no-email-3849@example.com', '$argon2id$v=19$m=65536,t=3,p=4$fQ7fF7Zl6j7Q7fF7Zl6j7A$fQ7fF7Zl6j7Q7fF7Zl6j7A', now(), now(), now()) ON CONFLICT (id) DO NOTHING;
INSERT INTO profiles (id, first_name, last_name, phone, role) VALUES ('c4669444-c325-4b1c-a76a-45a9df479b39', 'MR SHEDRACK', 'Unknown', '', 'guest') ON CONFLICT (id) DO NOTHING;
INSERT INTO auth.users (id, instance_id, aud, role, email, encrypted_password, email_confirmed_at, created_at, updated_at) VALUES ('a9be8fe4-1c59-476b-929d-18c456939d06', '00000000-0000-0000-0000-000000000000', 'authenticated', 'authenticated', 'no-email-3851@example.com', '$argon2id$v=19$m=65536,t=3,p=4$fQ7fF7Zl6j7Q7fF7Zl6j7A$fQ7fF7Zl6j7Q7fF7Zl6j7A', now(), now(), now()) ON CONFLICT (id) DO NOTHING;
INSERT INTO profiles (id, first_name, last_name, phone, role) VALUES ('a9be8fe4-1c59-476b-929d-18c456939d06', 'ABDULQODRI', 'OLAMILEKAN', '', 'guest') ON CONFLICT (id) DO NOTHING;
INSERT INTO auth.users (id, instance_id, aud, role, email, encrypted_password, email_confirmed_at, created_at, updated_at) VALUES ('82f88373-77fb-47d3-813b-a36ea9ec038e', '00000000-0000-0000-0000-000000000000', 'authenticated', 'authenticated', 'no-email-3859@example.com', '$argon2id$v=19$m=65536,t=3,p=4$fQ7fF7Zl6j7Q7fF7Zl6j7A$fQ7fF7Zl6j7Q7fF7Zl6j7A', now(), now(), now()) ON CONFLICT (id) DO NOTHING;
INSERT INTO profiles (id, first_name, last_name, phone, role) VALUES ('82f88373-77fb-47d3-813b-a36ea9ec038e', 'MUHAMMAD', 'KASSIM', '', 'guest') ON CONFLICT (id) DO NOTHING;
INSERT INTO auth.users (id, instance_id, aud, role, email, encrypted_password, email_confirmed_at, created_at, updated_at) VALUES ('ab64b160-afea-4af9-8127-952ace72b94a', '00000000-0000-0000-0000-000000000000', 'authenticated', 'authenticated', 'no-email-3862@example.com', '$argon2id$v=19$m=65536,t=3,p=4$fQ7fF7Zl6j7Q7fF7Zl6j7A$fQ7fF7Zl6j7Q7fF7Zl6j7A', now(), now(), now()) ON CONFLICT (id) DO NOTHING;
INSERT INTO profiles (id, first_name, last_name, phone, role) VALUES ('ab64b160-afea-4af9-8127-952ace72b94a', 'ROYZ', 'GABRIEL', '08165241644', 'guest') ON CONFLICT (id) DO NOTHING;
INSERT INTO auth.users (id, instance_id, aud, role, email, encrypted_password, email_confirmed_at, created_at, updated_at) VALUES ('51e20c6e-6cac-43f2-8655-6b76dac3d85f', '00000000-0000-0000-0000-000000000000', 'authenticated', 'authenticated', 'no-email-3870@example.com', '$argon2id$v=19$m=65536,t=3,p=4$fQ7fF7Zl6j7Q7fF7Zl6j7A$fQ7fF7Zl6j7Q7fF7Zl6j7A', now(), now(), now()) ON CONFLICT (id) DO NOTHING;
INSERT INTO profiles (id, first_name, last_name, phone, role) VALUES ('51e20c6e-6cac-43f2-8655-6b76dac3d85f', 'DONALD', 'PETER', '08063511784', 'guest') ON CONFLICT (id) DO NOTHING;
INSERT INTO auth.users (id, instance_id, aud, role, email, encrypted_password, email_confirmed_at, created_at, updated_at) VALUES ('99c343e9-5ecc-47b7-a3b3-092bf841cf53', '00000000-0000-0000-0000-000000000000', 'authenticated', 'authenticated', 'no-email-3874@example.com', '$argon2id$v=19$m=65536,t=3,p=4$fQ7fF7Zl6j7Q7fF7Zl6j7A$fQ7fF7Zl6j7Q7fF7Zl6j7A', now(), now(), now()) ON CONFLICT (id) DO NOTHING;
INSERT INTO profiles (id, first_name, last_name, phone, role) VALUES ('99c343e9-5ecc-47b7-a3b3-092bf841cf53', 'FRANCES', 'Unknown', '', 'guest') ON CONFLICT (id) DO NOTHING;
INSERT INTO auth.users (id, instance_id, aud, role, email, encrypted_password, email_confirmed_at, created_at, updated_at) VALUES ('16a72fac-9442-4db7-bfcd-1fc606c3c5b2', '00000000-0000-0000-0000-000000000000', 'authenticated', 'authenticated', 'no-email-3878@example.com', '$argon2id$v=19$m=65536,t=3,p=4$fQ7fF7Zl6j7Q7fF7Zl6j7A$fQ7fF7Zl6j7Q7fF7Zl6j7A', now(), now(), now()) ON CONFLICT (id) DO NOTHING;
INSERT INTO profiles (id, first_name, last_name, phone, role) VALUES ('16a72fac-9442-4db7-bfcd-1fc606c3c5b2', 'JEFFREY', 'SOLOMON', '', 'guest') ON CONFLICT (id) DO NOTHING;
INSERT INTO auth.users (id, instance_id, aud, role, email, encrypted_password, email_confirmed_at, created_at, updated_at) VALUES ('bb39d075-440a-4df0-8de7-3eb3fd040e64', '00000000-0000-0000-0000-000000000000', 'authenticated', 'authenticated', 'no-email-3880@example.com', '$argon2id$v=19$m=65536,t=3,p=4$fQ7fF7Zl6j7Q7fF7Zl6j7A$fQ7fF7Zl6j7Q7fF7Zl6j7A', now(), now(), now()) ON CONFLICT (id) DO NOTHING;
INSERT INTO profiles (id, first_name, last_name, phone, role) VALUES ('bb39d075-440a-4df0-8de7-3eb3fd040e64', 'Eferoghene', 'Ovwero', '', 'guest') ON CONFLICT (id) DO NOTHING;
INSERT INTO auth.users (id, instance_id, aud, role, email, encrypted_password, email_confirmed_at, created_at, updated_at) VALUES ('759ca0b6-5517-43a4-8b7d-8841ce4cf5ec', '00000000-0000-0000-0000-000000000000', 'authenticated', 'authenticated', 'no-email-3883@example.com', '$argon2id$v=19$m=65536,t=3,p=4$fQ7fF7Zl6j7Q7fF7Zl6j7A$fQ7fF7Zl6j7Q7fF7Zl6j7A', now(), now(), now()) ON CONFLICT (id) DO NOTHING;
INSERT INTO profiles (id, first_name, last_name, phone, role) VALUES ('759ca0b6-5517-43a4-8b7d-8841ce4cf5ec', 'ONYEIS HONOUR', 'Unknown', '', 'guest') ON CONFLICT (id) DO NOTHING;
INSERT INTO auth.users (id, instance_id, aud, role, email, encrypted_password, email_confirmed_at, created_at, updated_at) VALUES ('9e6c08ae-3474-4408-8875-533efd1ab3e1', '00000000-0000-0000-0000-000000000000', 'authenticated', 'authenticated', 'no-email-3892@example.com', '$argon2id$v=19$m=65536,t=3,p=4$fQ7fF7Zl6j7Q7fF7Zl6j7A$fQ7fF7Zl6j7Q7fF7Zl6j7A', now(), now(), now()) ON CONFLICT (id) DO NOTHING;
INSERT INTO profiles (id, first_name, last_name, phone, role) VALUES ('9e6c08ae-3474-4408-8875-533efd1ab3e1', 'DESTINY', 'EJIKE', '09052718297', 'guest') ON CONFLICT (id) DO NOTHING;
INSERT INTO auth.users (id, instance_id, aud, role, email, encrypted_password, email_confirmed_at, created_at, updated_at) VALUES ('6aa9287f-d522-48a8-83a3-e07553ac8808', '00000000-0000-0000-0000-000000000000', 'authenticated', 'authenticated', 'no-email-3898@example.com', '$argon2id$v=19$m=65536,t=3,p=4$fQ7fF7Zl6j7Q7fF7Zl6j7A$fQ7fF7Zl6j7Q7fF7Zl6j7A', now(), now(), now()) ON CONFLICT (id) DO NOTHING;
INSERT INTO profiles (id, first_name, last_name, phone, role) VALUES ('6aa9287f-d522-48a8-83a3-e07553ac8808', 'MAURICE', 'Unknown', '', 'guest') ON CONFLICT (id) DO NOTHING;
INSERT INTO auth.users (id, instance_id, aud, role, email, encrypted_password, email_confirmed_at, created_at, updated_at) VALUES ('0db6c08a-b493-40ff-a187-0c602a51bd1f', '00000000-0000-0000-0000-000000000000', 'authenticated', 'authenticated', 'no-email-3908@example.com', '$argon2id$v=19$m=65536,t=3,p=4$fQ7fF7Zl6j7Q7fF7Zl6j7A$fQ7fF7Zl6j7Q7fF7Zl6j7A', now(), now(), now()) ON CONFLICT (id) DO NOTHING;
INSERT INTO profiles (id, first_name, last_name, phone, role) VALUES ('0db6c08a-b493-40ff-a187-0c602a51bd1f', 'ANINO', 'Unknown', '', 'guest') ON CONFLICT (id) DO NOTHING;
INSERT INTO auth.users (id, instance_id, aud, role, email, encrypted_password, email_confirmed_at, created_at, updated_at) VALUES ('fadcfbdc-da14-4f42-a671-5bceccb6ea02', '00000000-0000-0000-0000-000000000000', 'authenticated', 'authenticated', 'no-email-3910@example.com', '$argon2id$v=19$m=65536,t=3,p=4$fQ7fF7Zl6j7Q7fF7Zl6j7A$fQ7fF7Zl6j7Q7fF7Zl6j7A', now(), now(), now()) ON CONFLICT (id) DO NOTHING;
INSERT INTO profiles (id, first_name, last_name, phone, role) VALUES ('fadcfbdc-da14-4f42-a671-5bceccb6ea02', 'AMOS PETER', 'Unknown', '', 'guest') ON CONFLICT (id) DO NOTHING;
INSERT INTO auth.users (id, instance_id, aud, role, email, encrypted_password, email_confirmed_at, created_at, updated_at) VALUES ('4909722f-ec74-4ed7-9603-a51cbee46021', '00000000-0000-0000-0000-000000000000', 'authenticated', 'authenticated', 'no-email-3913@example.com', '$argon2id$v=19$m=65536,t=3,p=4$fQ7fF7Zl6j7Q7fF7Zl6j7A$fQ7fF7Zl6j7Q7fF7Zl6j7A', now(), now(), now()) ON CONFLICT (id) DO NOTHING;
INSERT INTO profiles (id, first_name, last_name, phone, role) VALUES ('4909722f-ec74-4ed7-9603-a51cbee46021', 'Eferoghene', 'Ovwero', '', 'guest') ON CONFLICT (id) DO NOTHING;
INSERT INTO auth.users (id, instance_id, aud, role, email, encrypted_password, email_confirmed_at, created_at, updated_at) VALUES ('fb87c950-bf7d-48d2-b2dd-766db0d7f789', '00000000-0000-0000-0000-000000000000', 'authenticated', 'authenticated', 'no-email-3915@example.com', '$argon2id$v=19$m=65536,t=3,p=4$fQ7fF7Zl6j7Q7fF7Zl6j7A$fQ7fF7Zl6j7Q7fF7Zl6j7A', now(), now(), now()) ON CONFLICT (id) DO NOTHING;
INSERT INTO profiles (id, first_name, last_name, phone, role) VALUES ('fb87c950-bf7d-48d2-b2dd-766db0d7f789', 'Eferoghene', 'Ovwero', '', 'guest') ON CONFLICT (id) DO NOTHING;
INSERT INTO auth.users (id, instance_id, aud, role, email, encrypted_password, email_confirmed_at, created_at, updated_at) VALUES ('ad47dfde-411b-4888-875f-dd3c45a41530', '00000000-0000-0000-0000-000000000000', 'authenticated', 'authenticated', 'no-email-3917@example.com', '$argon2id$v=19$m=65536,t=3,p=4$fQ7fF7Zl6j7Q7fF7Zl6j7A$fQ7fF7Zl6j7Q7fF7Zl6j7A', now(), now(), now()) ON CONFLICT (id) DO NOTHING;
INSERT INTO profiles (id, first_name, last_name, phone, role) VALUES ('ad47dfde-411b-4888-875f-dd3c45a41530', 'CHINONYE', 'OKEKE', '', 'guest') ON CONFLICT (id) DO NOTHING;
INSERT INTO auth.users (id, instance_id, aud, role, email, encrypted_password, email_confirmed_at, created_at, updated_at) VALUES ('451a7626-1042-47b1-b746-252ff6d87c05', '00000000-0000-0000-0000-000000000000', 'authenticated', 'authenticated', 'no-email-3920@example.com', '$argon2id$v=19$m=65536,t=3,p=4$fQ7fF7Zl6j7Q7fF7Zl6j7A$fQ7fF7Zl6j7Q7fF7Zl6j7A', now(), now(), now()) ON CONFLICT (id) DO NOTHING;
INSERT INTO profiles (id, first_name, last_name, phone, role) VALUES ('451a7626-1042-47b1-b746-252ff6d87c05', 'ALIYU', 'BELLO', '07018701707', 'guest') ON CONFLICT (id) DO NOTHING;
INSERT INTO auth.users (id, instance_id, aud, role, email, encrypted_password, email_confirmed_at, created_at, updated_at) VALUES ('da5915dd-773f-4d37-9956-41db546a9bcb', '00000000-0000-0000-0000-000000000000', 'authenticated', 'authenticated', 'no-email-3924@example.com', '$argon2id$v=19$m=65536,t=3,p=4$fQ7fF7Zl6j7Q7fF7Zl6j7A$fQ7fF7Zl6j7Q7fF7Zl6j7A', now(), now(), now()) ON CONFLICT (id) DO NOTHING;
INSERT INTO profiles (id, first_name, last_name, phone, role) VALUES ('da5915dd-773f-4d37-9956-41db546a9bcb', 'USMAN', 'BASHIR', '09095635769', 'guest') ON CONFLICT (id) DO NOTHING;
INSERT INTO auth.users (id, instance_id, aud, role, email, encrypted_password, email_confirmed_at, created_at, updated_at) VALUES ('c3dccde0-e65a-4795-98f0-d87da1ef64d1', '00000000-0000-0000-0000-000000000000', 'authenticated', 'authenticated', 'no-email-3932@example.com', '$argon2id$v=19$m=65536,t=3,p=4$fQ7fF7Zl6j7Q7fF7Zl6j7A$fQ7fF7Zl6j7Q7fF7Zl6j7A', now(), now(), now()) ON CONFLICT (id) DO NOTHING;
INSERT INTO profiles (id, first_name, last_name, phone, role) VALUES ('c3dccde0-e65a-4795-98f0-d87da1ef64d1', 'OKU UDOMA', 'EKANEM', '', 'guest') ON CONFLICT (id) DO NOTHING;
INSERT INTO auth.users (id, instance_id, aud, role, email, encrypted_password, email_confirmed_at, created_at, updated_at) VALUES ('d1678eea-f7e6-4824-8b2d-7156bfa1bf7d', '00000000-0000-0000-0000-000000000000', 'authenticated', 'authenticated', 'no-email-3934@example.com', '$argon2id$v=19$m=65536,t=3,p=4$fQ7fF7Zl6j7Q7fF7Zl6j7A$fQ7fF7Zl6j7Q7fF7Zl6j7A', now(), now(), now()) ON CONFLICT (id) DO NOTHING;
INSERT INTO profiles (id, first_name, last_name, phone, role) VALUES ('d1678eea-f7e6-4824-8b2d-7156bfa1bf7d', 'JOSEPH', 'EBIAKPO', '', 'guest') ON CONFLICT (id) DO NOTHING;
INSERT INTO auth.users (id, instance_id, aud, role, email, encrypted_password, email_confirmed_at, created_at, updated_at) VALUES ('264b665b-5c0c-4bae-93d2-d9a7222e050a', '00000000-0000-0000-0000-000000000000', 'authenticated', 'authenticated', 'no-email-3938@example.com', '$argon2id$v=19$m=65536,t=3,p=4$fQ7fF7Zl6j7Q7fF7Zl6j7A$fQ7fF7Zl6j7Q7fF7Zl6j7A', now(), now(), now()) ON CONFLICT (id) DO NOTHING;
INSERT INTO profiles (id, first_name, last_name, phone, role) VALUES ('264b665b-5c0c-4bae-93d2-d9a7222e050a', 'AMIR TIJJANI', 'UMAR', '', 'guest') ON CONFLICT (id) DO NOTHING;
INSERT INTO auth.users (id, instance_id, aud, role, email, encrypted_password, email_confirmed_at, created_at, updated_at) VALUES ('0dbf1afd-c2c1-4fe4-9524-3ff41b6827f6', '00000000-0000-0000-0000-000000000000', 'authenticated', 'authenticated', 'no-email-3942@example.com', '$argon2id$v=19$m=65536,t=3,p=4$fQ7fF7Zl6j7Q7fF7Zl6j7A$fQ7fF7Zl6j7Q7fF7Zl6j7A', now(), now(), now()) ON CONFLICT (id) DO NOTHING;
INSERT INTO profiles (id, first_name, last_name, phone, role) VALUES ('0dbf1afd-c2c1-4fe4-9524-3ff41b6827f6', 'VICTOR', 'EFE', '08108025870', 'guest') ON CONFLICT (id) DO NOTHING;
INSERT INTO auth.users (id, instance_id, aud, role, email, encrypted_password, email_confirmed_at, created_at, updated_at) VALUES ('8e517e85-d52e-471b-a6bd-18fa4f5deced', '00000000-0000-0000-0000-000000000000', 'authenticated', 'authenticated', 'no-email-3949@example.com', '$argon2id$v=19$m=65536,t=3,p=4$fQ7fF7Zl6j7Q7fF7Zl6j7A$fQ7fF7Zl6j7Q7fF7Zl6j7A', now(), now(), now()) ON CONFLICT (id) DO NOTHING;
INSERT INTO profiles (id, first_name, last_name, phone, role) VALUES ('8e517e85-d52e-471b-a6bd-18fa4f5deced', 'OLONIYO', 'AMAN', '', 'guest') ON CONFLICT (id) DO NOTHING;
INSERT INTO auth.users (id, instance_id, aud, role, email, encrypted_password, email_confirmed_at, created_at, updated_at) VALUES ('2d12a834-e789-468b-a2a3-0c7ffe35c46a', '00000000-0000-0000-0000-000000000000', 'authenticated', 'authenticated', 'no-email-3952@example.com', '$argon2id$v=19$m=65536,t=3,p=4$fQ7fF7Zl6j7Q7fF7Zl6j7A$fQ7fF7Zl6j7Q7fF7Zl6j7A', now(), now(), now()) ON CONFLICT (id) DO NOTHING;
INSERT INTO profiles (id, first_name, last_name, phone, role) VALUES ('2d12a834-e789-468b-a2a3-0c7ffe35c46a', 'BELLACREARE', 'Unknown', '', 'guest') ON CONFLICT (id) DO NOTHING;
INSERT INTO auth.users (id, instance_id, aud, role, email, encrypted_password, email_confirmed_at, created_at, updated_at) VALUES ('32cf0aed-df4b-453e-9b9d-8e05996ab2ce', '00000000-0000-0000-0000-000000000000', 'authenticated', 'authenticated', 'no-email-3959@example.com', '$argon2id$v=19$m=65536,t=3,p=4$fQ7fF7Zl6j7Q7fF7Zl6j7A$fQ7fF7Zl6j7Q7fF7Zl6j7A', now(), now(), now()) ON CONFLICT (id) DO NOTHING;
INSERT INTO profiles (id, first_name, last_name, phone, role) VALUES ('32cf0aed-df4b-453e-9b9d-8e05996ab2ce', 'JOSIAH', 'OGEDEGBE', '', 'guest') ON CONFLICT (id) DO NOTHING;
INSERT INTO auth.users (id, instance_id, aud, role, email, encrypted_password, email_confirmed_at, created_at, updated_at) VALUES ('e8ba8c3f-16ef-42f8-9721-5c99c23b3753', '00000000-0000-0000-0000-000000000000', 'authenticated', 'authenticated', 'no-email-3969@example.com', '$argon2id$v=19$m=65536,t=3,p=4$fQ7fF7Zl6j7Q7fF7Zl6j7A$fQ7fF7Zl6j7Q7fF7Zl6j7A', now(), now(), now()) ON CONFLICT (id) DO NOTHING;
INSERT INTO profiles (id, first_name, last_name, phone, role) VALUES ('e8ba8c3f-16ef-42f8-9721-5c99c23b3753', 'TEMITOPE ELIZABETH', 'Unknown', '', 'guest') ON CONFLICT (id) DO NOTHING;
INSERT INTO auth.users (id, instance_id, aud, role, email, encrypted_password, email_confirmed_at, created_at, updated_at) VALUES ('c532216a-7b7e-4870-98d6-27c03815db9c', '00000000-0000-0000-0000-000000000000', 'authenticated', 'authenticated', 'no-email-3974@example.com', '$argon2id$v=19$m=65536,t=3,p=4$fQ7fF7Zl6j7Q7fF7Zl6j7A$fQ7fF7Zl6j7Q7fF7Zl6j7A', now(), now(), now()) ON CONFLICT (id) DO NOTHING;
INSERT INTO profiles (id, first_name, last_name, phone, role) VALUES ('c532216a-7b7e-4870-98d6-27c03815db9c', 'MONA', 'J', '', 'guest') ON CONFLICT (id) DO NOTHING;
INSERT INTO auth.users (id, instance_id, aud, role, email, encrypted_password, email_confirmed_at, created_at, updated_at) VALUES ('8a169d0c-3f69-4415-bf0a-1290e61b5529', '00000000-0000-0000-0000-000000000000', 'authenticated', 'authenticated', 'no-email-3976@example.com', '$argon2id$v=19$m=65536,t=3,p=4$fQ7fF7Zl6j7Q7fF7Zl6j7A$fQ7fF7Zl6j7Q7fF7Zl6j7A', now(), now(), now()) ON CONFLICT (id) DO NOTHING;
INSERT INTO profiles (id, first_name, last_name, phone, role) VALUES ('8a169d0c-3f69-4415-bf0a-1290e61b5529', 'CYPRIAN', 'Unknown', '', 'guest') ON CONFLICT (id) DO NOTHING;
INSERT INTO auth.users (id, instance_id, aud, role, email, encrypted_password, email_confirmed_at, created_at, updated_at) VALUES ('cc6f4f5b-9d9c-4a97-9a5d-0a1ed4f56038', '00000000-0000-0000-0000-000000000000', 'authenticated', 'authenticated', 'no-email-3979@example.com', '$argon2id$v=19$m=65536,t=3,p=4$fQ7fF7Zl6j7Q7fF7Zl6j7A$fQ7fF7Zl6j7Q7fF7Zl6j7A', now(), now(), now()) ON CONFLICT (id) DO NOTHING;
INSERT INTO profiles (id, first_name, last_name, phone, role) VALUES ('cc6f4f5b-9d9c-4a97-9a5d-0a1ed4f56038', 'JOSIAH', 'OGEDEGBE', '', 'guest') ON CONFLICT (id) DO NOTHING;
INSERT INTO auth.users (id, instance_id, aud, role, email, encrypted_password, email_confirmed_at, created_at, updated_at) VALUES ('97790b0e-109c-4bbe-a54b-94170620d472', '00000000-0000-0000-0000-000000000000', 'authenticated', 'authenticated', 'no-email-3983@example.com', '$argon2id$v=19$m=65536,t=3,p=4$fQ7fF7Zl6j7Q7fF7Zl6j7A$fQ7fF7Zl6j7Q7fF7Zl6j7A', now(), now(), now()) ON CONFLICT (id) DO NOTHING;
INSERT INTO profiles (id, first_name, last_name, phone, role) VALUES ('97790b0e-109c-4bbe-a54b-94170620d472', 'ROSEMARY MOMMO', 'Unknown', '', 'guest') ON CONFLICT (id) DO NOTHING;
INSERT INTO auth.users (id, instance_id, aud, role, email, encrypted_password, email_confirmed_at, created_at, updated_at) VALUES ('f7dc2d1a-70a1-4a58-be51-c20b96a8102e', '00000000-0000-0000-0000-000000000000', 'authenticated', 'authenticated', 'no-email-3988@example.com', '$argon2id$v=19$m=65536,t=3,p=4$fQ7fF7Zl6j7Q7fF7Zl6j7A$fQ7fF7Zl6j7Q7fF7Zl6j7A', now(), now(), now()) ON CONFLICT (id) DO NOTHING;
INSERT INTO profiles (id, first_name, last_name, phone, role) VALUES ('f7dc2d1a-70a1-4a58-be51-c20b96a8102e', 'MRS. CYNTHIA', 'CHUKWUKERE', '', 'guest') ON CONFLICT (id) DO NOTHING;
INSERT INTO auth.users (id, instance_id, aud, role, email, encrypted_password, email_confirmed_at, created_at, updated_at) VALUES ('f7bccfbe-8c6d-4bc5-8a54-202c77cdaa7b', '00000000-0000-0000-0000-000000000000', 'authenticated', 'authenticated', 'no-email-3997@example.com', '$argon2id$v=19$m=65536,t=3,p=4$fQ7fF7Zl6j7Q7fF7Zl6j7A$fQ7fF7Zl6j7Q7fF7Zl6j7A', now(), now(), now()) ON CONFLICT (id) DO NOTHING;
INSERT INTO profiles (id, first_name, last_name, phone, role) VALUES ('f7bccfbe-8c6d-4bc5-8a54-202c77cdaa7b', 'FORT PRAYER DEPARTMENT', 'Unknown', '', 'guest') ON CONFLICT (id) DO NOTHING;
INSERT INTO auth.users (id, instance_id, aud, role, email, encrypted_password, email_confirmed_at, created_at, updated_at) VALUES ('0bb8a6e9-99e1-45f7-8700-c732703da32e', '00000000-0000-0000-0000-000000000000', 'authenticated', 'authenticated', 'no-email-4003@example.com', '$argon2id$v=19$m=65536,t=3,p=4$fQ7fF7Zl6j7Q7fF7Zl6j7A$fQ7fF7Zl6j7Q7fF7Zl6j7A', now(), now(), now()) ON CONFLICT (id) DO NOTHING;
INSERT INTO profiles (id, first_name, last_name, phone, role) VALUES ('0bb8a6e9-99e1-45f7-8700-c732703da32e', 'BARR. SHEDRACK', 'Unknown', '', 'guest') ON CONFLICT (id) DO NOTHING;
INSERT INTO auth.users (id, instance_id, aud, role, email, encrypted_password, email_confirmed_at, created_at, updated_at) VALUES ('42c4a721-c534-47fc-9142-a0c654cc7551', '00000000-0000-0000-0000-000000000000', 'authenticated', 'authenticated', 'no-email-4005@example.com', '$argon2id$v=19$m=65536,t=3,p=4$fQ7fF7Zl6j7Q7fF7Zl6j7A$fQ7fF7Zl6j7Q7fF7Zl6j7A', now(), now(), now()) ON CONFLICT (id) DO NOTHING;
INSERT INTO profiles (id, first_name, last_name, phone, role) VALUES ('42c4a721-c534-47fc-9142-a0c654cc7551', 'MR OMINI (BARR. SHEDRACK)', 'Unknown', '', 'guest') ON CONFLICT (id) DO NOTHING;
INSERT INTO auth.users (id, instance_id, aud, role, email, encrypted_password, email_confirmed_at, created_at, updated_at) VALUES ('6b001c96-6eb1-42ee-bd03-2333ddda64fb', '00000000-0000-0000-0000-000000000000', 'authenticated', 'authenticated', 'no-email-4011@example.com', '$argon2id$v=19$m=65536,t=3,p=4$fQ7fF7Zl6j7Q7fF7Zl6j7A$fQ7fF7Zl6j7Q7fF7Zl6j7A', now(), now(), now()) ON CONFLICT (id) DO NOTHING;
INSERT INTO profiles (id, first_name, last_name, phone, role) VALUES ('6b001c96-6eb1-42ee-bd03-2333ddda64fb', 'JUDE', 'CHUKWUEMEKA', '', 'guest') ON CONFLICT (id) DO NOTHING;
INSERT INTO auth.users (id, instance_id, aud, role, email, encrypted_password, email_confirmed_at, created_at, updated_at) VALUES ('90d1fde6-d07c-46b6-9823-7d8d9d55646e', '00000000-0000-0000-0000-000000000000', 'authenticated', 'authenticated', 'no-email-4015@example.com', '$argon2id$v=19$m=65536,t=3,p=4$fQ7fF7Zl6j7Q7fF7Zl6j7A$fQ7fF7Zl6j7Q7fF7Zl6j7A', now(), now(), now()) ON CONFLICT (id) DO NOTHING;
INSERT INTO profiles (id, first_name, last_name, phone, role) VALUES ('90d1fde6-d07c-46b6-9823-7d8d9d55646e', 'LUCKY UGIAGBE (MR OMINI)', 'Unknown', '', 'guest') ON CONFLICT (id) DO NOTHING;
INSERT INTO auth.users (id, instance_id, aud, role, email, encrypted_password, email_confirmed_at, created_at, updated_at) VALUES ('5395864a-4c91-4822-acd0-8e19351f1194', '00000000-0000-0000-0000-000000000000', 'authenticated', 'authenticated', 'no-email-4017@example.com', '$argon2id$v=19$m=65536,t=3,p=4$fQ7fF7Zl6j7Q7fF7Zl6j7A$fQ7fF7Zl6j7Q7fF7Zl6j7A', now(), now(), now()) ON CONFLICT (id) DO NOTHING;
INSERT INTO profiles (id, first_name, last_name, phone, role) VALUES ('5395864a-4c91-4822-acd0-8e19351f1194', 'MR WILLIAMS', 'Unknown', '', 'guest') ON CONFLICT (id) DO NOTHING;
INSERT INTO auth.users (id, instance_id, aud, role, email, encrypted_password, email_confirmed_at, created_at, updated_at) VALUES ('51c45b9a-9b8b-4454-8e53-65354e196b71', '00000000-0000-0000-0000-000000000000', 'authenticated', 'authenticated', 'no-email-4020@example.com', '$argon2id$v=19$m=65536,t=3,p=4$fQ7fF7Zl6j7Q7fF7Zl6j7A$fQ7fF7Zl6j7Q7fF7Zl6j7A', now(), now(), now()) ON CONFLICT (id) DO NOTHING;
INSERT INTO profiles (id, first_name, last_name, phone, role) VALUES ('51c45b9a-9b8b-4454-8e53-65354e196b71', 'MONA', 'J', '', 'guest') ON CONFLICT (id) DO NOTHING;
INSERT INTO auth.users (id, instance_id, aud, role, email, encrypted_password, email_confirmed_at, created_at, updated_at) VALUES ('40d49438-344c-4bf2-bf13-19213cf430b9', '00000000-0000-0000-0000-000000000000', 'authenticated', 'authenticated', 'no-email-4025@example.com', '$argon2id$v=19$m=65536,t=3,p=4$fQ7fF7Zl6j7Q7fF7Zl6j7A$fQ7fF7Zl6j7Q7fF7Zl6j7A', now(), now(), now()) ON CONFLICT (id) DO NOTHING;
INSERT INTO profiles (id, first_name, last_name, phone, role) VALUES ('40d49438-344c-4bf2-bf13-19213cf430b9', 'ROBSON', 'Unknown', '', 'guest') ON CONFLICT (id) DO NOTHING;
INSERT INTO auth.users (id, instance_id, aud, role, email, encrypted_password, email_confirmed_at, created_at, updated_at) VALUES ('df910efa-2f7e-4cd2-b352-9a7ec53a6338', '00000000-0000-0000-0000-000000000000', 'authenticated', 'authenticated', 'no-email-4031@example.com', '$argon2id$v=19$m=65536,t=3,p=4$fQ7fF7Zl6j7Q7fF7Zl6j7A$fQ7fF7Zl6j7Q7fF7Zl6j7A', now(), now(), now()) ON CONFLICT (id) DO NOTHING;
INSERT INTO profiles (id, first_name, last_name, phone, role) VALUES ('df910efa-2f7e-4cd2-b352-9a7ec53a6338', 'MONA', 'J', '', 'guest') ON CONFLICT (id) DO NOTHING;
INSERT INTO auth.users (id, instance_id, aud, role, email, encrypted_password, email_confirmed_at, created_at, updated_at) VALUES ('daf98e25-165e-4505-a145-89ebb2986f67', '00000000-0000-0000-0000-000000000000', 'authenticated', 'authenticated', 'no-email-4033@example.com', '$argon2id$v=19$m=65536,t=3,p=4$fQ7fF7Zl6j7Q7fF7Zl6j7A$fQ7fF7Zl6j7Q7fF7Zl6j7A', now(), now(), now()) ON CONFLICT (id) DO NOTHING;
INSERT INTO profiles (id, first_name, last_name, phone, role) VALUES ('daf98e25-165e-4505-a145-89ebb2986f67', 'WILLIAMS', 'Unknown', '', 'guest') ON CONFLICT (id) DO NOTHING;
INSERT INTO auth.users (id, instance_id, aud, role, email, encrypted_password, email_confirmed_at, created_at, updated_at) VALUES ('8c211aa4-17c7-4c64-8b1c-a4b897136f87', '00000000-0000-0000-0000-000000000000', 'authenticated', 'authenticated', 'no-email-4038@example.com', '$argon2id$v=19$m=65536,t=3,p=4$fQ7fF7Zl6j7Q7fF7Zl6j7A$fQ7fF7Zl6j7Q7fF7Zl6j7A', now(), now(), now()) ON CONFLICT (id) DO NOTHING;
INSERT INTO profiles (id, first_name, last_name, phone, role) VALUES ('8c211aa4-17c7-4c64-8b1c-a4b897136f87', 'MONA', 'J', '', 'guest') ON CONFLICT (id) DO NOTHING;
INSERT INTO auth.users (id, instance_id, aud, role, email, encrypted_password, email_confirmed_at, created_at, updated_at) VALUES ('01bc3267-53c2-455a-8462-680ba24b7e70', '00000000-0000-0000-0000-000000000000', 'authenticated', 'authenticated', 'no-email-4041@example.com', '$argon2id$v=19$m=65536,t=3,p=4$fQ7fF7Zl6j7Q7fF7Zl6j7A$fQ7fF7Zl6j7Q7fF7Zl6j7A', now(), now(), now()) ON CONFLICT (id) DO NOTHING;
INSERT INTO profiles (id, first_name, last_name, phone, role) VALUES ('01bc3267-53c2-455a-8462-680ba24b7e70', 'OLUMIDE', 'Unknown', '', 'guest') ON CONFLICT (id) DO NOTHING;
INSERT INTO auth.users (id, instance_id, aud, role, email, encrypted_password, email_confirmed_at, created_at, updated_at) VALUES ('af24e91e-017d-4f49-8294-eaea2279cdd3', '00000000-0000-0000-0000-000000000000', 'authenticated', 'authenticated', 'no-email-4045@example.com', '$argon2id$v=19$m=65536,t=3,p=4$fQ7fF7Zl6j7Q7fF7Zl6j7A$fQ7fF7Zl6j7Q7fF7Zl6j7A', now(), now(), now()) ON CONFLICT (id) DO NOTHING;
INSERT INTO profiles (id, first_name, last_name, phone, role) VALUES ('af24e91e-017d-4f49-8294-eaea2279cdd3', 'KHADIJAH', 'Unknown', '', 'guest') ON CONFLICT (id) DO NOTHING;
INSERT INTO auth.users (id, instance_id, aud, role, email, encrypted_password, email_confirmed_at, created_at, updated_at) VALUES ('ed26cd13-8444-4d18-88f6-195647542461', '00000000-0000-0000-0000-000000000000', 'authenticated', 'authenticated', 'no-email-4054@example.com', '$argon2id$v=19$m=65536,t=3,p=4$fQ7fF7Zl6j7Q7fF7Zl6j7A$fQ7fF7Zl6j7Q7fF7Zl6j7A', now(), now(), now()) ON CONFLICT (id) DO NOTHING;
INSERT INTO profiles (id, first_name, last_name, phone, role) VALUES ('ed26cd13-8444-4d18-88f6-195647542461', 'STAR', 'Unknown', '', 'guest') ON CONFLICT (id) DO NOTHING;
INSERT INTO auth.users (id, instance_id, aud, role, email, encrypted_password, email_confirmed_at, created_at, updated_at) VALUES ('2f1864b7-144e-4749-8aa3-df3fb5af5c34', '00000000-0000-0000-0000-000000000000', 'authenticated', 'authenticated', 'no-email-4058@example.com', '$argon2id$v=19$m=65536,t=3,p=4$fQ7fF7Zl6j7Q7fF7Zl6j7A$fQ7fF7Zl6j7Q7fF7Zl6j7A', now(), now(), now()) ON CONFLICT (id) DO NOTHING;
INSERT INTO profiles (id, first_name, last_name, phone, role) VALUES ('2f1864b7-144e-4749-8aa3-df3fb5af5c34', 'INNOCENT', 'Unknown', '', 'guest') ON CONFLICT (id) DO NOTHING;
INSERT INTO auth.users (id, instance_id, aud, role, email, encrypted_password, email_confirmed_at, created_at, updated_at) VALUES ('c8ab48ea-c244-43ae-a060-bd77819f3cc2', '00000000-0000-0000-0000-000000000000', 'authenticated', 'authenticated', 'no-email-4068@example.com', '$argon2id$v=19$m=65536,t=3,p=4$fQ7fF7Zl6j7Q7fF7Zl6j7A$fQ7fF7Zl6j7Q7fF7Zl6j7A', now(), now(), now()) ON CONFLICT (id) DO NOTHING;
INSERT INTO profiles (id, first_name, last_name, phone, role) VALUES ('c8ab48ea-c244-43ae-a060-bd77819f3cc2', 'MR SHEDRACK', 'Unknown', '', 'guest') ON CONFLICT (id) DO NOTHING;
INSERT INTO auth.users (id, instance_id, aud, role, email, encrypted_password, email_confirmed_at, created_at, updated_at) VALUES ('941a4fd2-a2b3-4b47-82bc-c22dbd2eab2f', '00000000-0000-0000-0000-000000000000', 'authenticated', 'authenticated', 'no-email-4075@example.com', '$argon2id$v=19$m=65536,t=3,p=4$fQ7fF7Zl6j7Q7fF7Zl6j7A$fQ7fF7Zl6j7Q7fF7Zl6j7A', now(), now(), now()) ON CONFLICT (id) DO NOTHING;
INSERT INTO profiles (id, first_name, last_name, phone, role) VALUES ('941a4fd2-a2b3-4b47-82bc-c22dbd2eab2f', 'MR WILLIAMS', 'Unknown', '', 'guest') ON CONFLICT (id) DO NOTHING;
INSERT INTO auth.users (id, instance_id, aud, role, email, encrypted_password, email_confirmed_at, created_at, updated_at) VALUES ('be1a5ecb-f0c8-4d81-8516-827a1bb82e18', '00000000-0000-0000-0000-000000000000', 'authenticated', 'authenticated', 'no-email-4077@example.com', '$argon2id$v=19$m=65536,t=3,p=4$fQ7fF7Zl6j7Q7fF7Zl6j7A$fQ7fF7Zl6j7Q7fF7Zl6j7A', now(), now(), now()) ON CONFLICT (id) DO NOTHING;
INSERT INTO profiles (id, first_name, last_name, phone, role) VALUES ('be1a5ecb-f0c8-4d81-8516-827a1bb82e18', 'MARVEL', 'Unknown', '', 'guest') ON CONFLICT (id) DO NOTHING;
INSERT INTO auth.users (id, instance_id, aud, role, email, encrypted_password, email_confirmed_at, created_at, updated_at) VALUES ('70d6f489-d175-4fcc-81c9-ae9d501b6cab', '00000000-0000-0000-0000-000000000000', 'authenticated', 'authenticated', 'no-email-4079@example.com', '$argon2id$v=19$m=65536,t=3,p=4$fQ7fF7Zl6j7Q7fF7Zl6j7A$fQ7fF7Zl6j7Q7fF7Zl6j7A', now(), now(), now()) ON CONFLICT (id) DO NOTHING;
INSERT INTO profiles (id, first_name, last_name, phone, role) VALUES ('70d6f489-d175-4fcc-81c9-ae9d501b6cab', 'MR. VICTOR', 'Unknown', '', 'guest') ON CONFLICT (id) DO NOTHING;
INSERT INTO auth.users (id, instance_id, aud, role, email, encrypted_password, email_confirmed_at, created_at, updated_at) VALUES ('ef736d30-5b78-4e65-a74a-57d180d6ea69', '00000000-0000-0000-0000-000000000000', 'authenticated', 'authenticated', 'no-email-4083@example.com', '$argon2id$v=19$m=65536,t=3,p=4$fQ7fF7Zl6j7Q7fF7Zl6j7A$fQ7fF7Zl6j7Q7fF7Zl6j7A', now(), now(), now()) ON CONFLICT (id) DO NOTHING;
INSERT INTO profiles (id, first_name, last_name, phone, role) VALUES ('ef736d30-5b78-4e65-a74a-57d180d6ea69', 'JAMAL', 'Unknown', '', 'guest') ON CONFLICT (id) DO NOTHING;
INSERT INTO auth.users (id, instance_id, aud, role, email, encrypted_password, email_confirmed_at, created_at, updated_at) VALUES ('622772bd-cb58-44df-b419-bda4852ef16c', '00000000-0000-0000-0000-000000000000', 'authenticated', 'authenticated', 'no-email-4085@example.com', '$argon2id$v=19$m=65536,t=3,p=4$fQ7fF7Zl6j7Q7fF7Zl6j7A$fQ7fF7Zl6j7Q7fF7Zl6j7A', now(), now(), now()) ON CONFLICT (id) DO NOTHING;
INSERT INTO profiles (id, first_name, last_name, phone, role) VALUES ('622772bd-cb58-44df-b419-bda4852ef16c', 'DANIEL', 'OBIA', '', 'guest') ON CONFLICT (id) DO NOTHING;
INSERT INTO auth.users (id, instance_id, aud, role, email, encrypted_password, email_confirmed_at, created_at, updated_at) VALUES ('499fb591-6fe3-462e-b3e7-17f193856811', '00000000-0000-0000-0000-000000000000', 'authenticated', 'authenticated', 'no-email-4101@example.com', '$argon2id$v=19$m=65536,t=3,p=4$fQ7fF7Zl6j7Q7fF7Zl6j7A$fQ7fF7Zl6j7Q7fF7Zl6j7A', now(), now(), now()) ON CONFLICT (id) DO NOTHING;
INSERT INTO profiles (id, first_name, last_name, phone, role) VALUES ('499fb591-6fe3-462e-b3e7-17f193856811', 'MR. AUSTIN', 'Unknown', '', 'guest') ON CONFLICT (id) DO NOTHING;
INSERT INTO auth.users (id, instance_id, aud, role, email, encrypted_password, email_confirmed_at, created_at, updated_at) VALUES ('18c7c126-60ed-4b69-a38a-7fc4fe988dc8', '00000000-0000-0000-0000-000000000000', 'authenticated', 'authenticated', 'no-email-4103@example.com', '$argon2id$v=19$m=65536,t=3,p=4$fQ7fF7Zl6j7Q7fF7Zl6j7A$fQ7fF7Zl6j7Q7fF7Zl6j7A', now(), now(), now()) ON CONFLICT (id) DO NOTHING;
INSERT INTO profiles (id, first_name, last_name, phone, role) VALUES ('18c7c126-60ed-4b69-a38a-7fc4fe988dc8', 'BARR. SHEDRACK', 'Unknown', '', 'guest') ON CONFLICT (id) DO NOTHING;
INSERT INTO auth.users (id, instance_id, aud, role, email, encrypted_password, email_confirmed_at, created_at, updated_at) VALUES ('0614c0b6-4f5c-490b-8a8d-aef14af65571', '00000000-0000-0000-0000-000000000000', 'authenticated', 'authenticated', 'no-email-4108@example.com', '$argon2id$v=19$m=65536,t=3,p=4$fQ7fF7Zl6j7Q7fF7Zl6j7A$fQ7fF7Zl6j7Q7fF7Zl6j7A', now(), now(), now()) ON CONFLICT (id) DO NOTHING;
INSERT INTO profiles (id, first_name, last_name, phone, role) VALUES ('0614c0b6-4f5c-490b-8a8d-aef14af65571', 'NURA', 'Unknown', '', 'guest') ON CONFLICT (id) DO NOTHING;
INSERT INTO auth.users (id, instance_id, aud, role, email, encrypted_password, email_confirmed_at, created_at, updated_at) VALUES ('12bad4b9-4419-4a61-be96-1f3e27680d52', '00000000-0000-0000-0000-000000000000', 'authenticated', 'authenticated', 'no-email-4113@example.com', '$argon2id$v=19$m=65536,t=3,p=4$fQ7fF7Zl6j7Q7fF7Zl6j7A$fQ7fF7Zl6j7Q7fF7Zl6j7A', now(), now(), now()) ON CONFLICT (id) DO NOTHING;
INSERT INTO profiles (id, first_name, last_name, phone, role) VALUES ('12bad4b9-4419-4a61-be96-1f3e27680d52', 'FEGOR', 'EDOR', '', 'guest') ON CONFLICT (id) DO NOTHING;
INSERT INTO auth.users (id, instance_id, aud, role, email, encrypted_password, email_confirmed_at, created_at, updated_at) VALUES ('3217db57-9f8c-4a68-8a0e-fa0223c1dee1', '00000000-0000-0000-0000-000000000000', 'authenticated', 'authenticated', 'no-email-4117@example.com', '$argon2id$v=19$m=65536,t=3,p=4$fQ7fF7Zl6j7Q7fF7Zl6j7A$fQ7fF7Zl6j7Q7fF7Zl6j7A', now(), now(), now()) ON CONFLICT (id) DO NOTHING;
INSERT INTO profiles (id, first_name, last_name, phone, role) VALUES ('3217db57-9f8c-4a68-8a0e-fa0223c1dee1', 'CLIFF', 'FRANCES', '', 'guest') ON CONFLICT (id) DO NOTHING;
INSERT INTO auth.users (id, instance_id, aud, role, email, encrypted_password, email_confirmed_at, created_at, updated_at) VALUES ('18cda6f8-9fce-41a4-b8b6-0327c4138f8b', '00000000-0000-0000-0000-000000000000', 'authenticated', 'authenticated', 'no-email-4119@example.com', '$argon2id$v=19$m=65536,t=3,p=4$fQ7fF7Zl6j7Q7fF7Zl6j7A$fQ7fF7Zl6j7Q7fF7Zl6j7A', now(), now(), now()) ON CONFLICT (id) DO NOTHING;
INSERT INTO profiles (id, first_name, last_name, phone, role) VALUES ('18cda6f8-9fce-41a4-b8b6-0327c4138f8b', 'KELECHI', 'Unknown', '', 'guest') ON CONFLICT (id) DO NOTHING;
INSERT INTO auth.users (id, instance_id, aud, role, email, encrypted_password, email_confirmed_at, created_at, updated_at) VALUES ('2c9c565f-f241-4aaf-87ea-df67c758a814', '00000000-0000-0000-0000-000000000000', 'authenticated', 'authenticated', 'no-email-4123@example.com', '$argon2id$v=19$m=65536,t=3,p=4$fQ7fF7Zl6j7Q7fF7Zl6j7A$fQ7fF7Zl6j7Q7fF7Zl6j7A', now(), now(), now()) ON CONFLICT (id) DO NOTHING;
INSERT INTO profiles (id, first_name, last_name, phone, role) VALUES ('2c9c565f-f241-4aaf-87ea-df67c758a814', 'JAMAL', 'Unknown', '', 'guest') ON CONFLICT (id) DO NOTHING;
INSERT INTO auth.users (id, instance_id, aud, role, email, encrypted_password, email_confirmed_at, created_at, updated_at) VALUES ('47197e6f-2eb8-4580-b71b-c77d7b5daade', '00000000-0000-0000-0000-000000000000', 'authenticated', 'authenticated', 'no-email-4132@example.com', '$argon2id$v=19$m=65536,t=3,p=4$fQ7fF7Zl6j7Q7fF7Zl6j7A$fQ7fF7Zl6j7Q7fF7Zl6j7A', now(), now(), now()) ON CONFLICT (id) DO NOTHING;
INSERT INTO profiles (id, first_name, last_name, phone, role) VALUES ('47197e6f-2eb8-4580-b71b-c77d7b5daade', 'BRIDGET', 'AJIMOR', '07063656059', 'guest') ON CONFLICT (id) DO NOTHING;
INSERT INTO auth.users (id, instance_id, aud, role, email, encrypted_password, email_confirmed_at, created_at, updated_at) VALUES ('176193bd-a965-4fad-9795-11ba7160f054', '00000000-0000-0000-0000-000000000000', 'authenticated', 'authenticated', 'no-email-4138@example.com', '$argon2id$v=19$m=65536,t=3,p=4$fQ7fF7Zl6j7Q7fF7Zl6j7A$fQ7fF7Zl6j7Q7fF7Zl6j7A', now(), now(), now()) ON CONFLICT (id) DO NOTHING;
INSERT INTO profiles (id, first_name, last_name, phone, role) VALUES ('176193bd-a965-4fad-9795-11ba7160f054', 'OBINNA', 'Unknown', '', 'guest') ON CONFLICT (id) DO NOTHING;
INSERT INTO auth.users (id, instance_id, aud, role, email, encrypted_password, email_confirmed_at, created_at, updated_at) VALUES ('b4d4e810-0d16-4ae7-a481-db83a2d198c8', '00000000-0000-0000-0000-000000000000', 'authenticated', 'authenticated', 'no-email-4143@example.com', '$argon2id$v=19$m=65536,t=3,p=4$fQ7fF7Zl6j7Q7fF7Zl6j7A$fQ7fF7Zl6j7Q7fF7Zl6j7A', now(), now(), now()) ON CONFLICT (id) DO NOTHING;
INSERT INTO profiles (id, first_name, last_name, phone, role) VALUES ('b4d4e810-0d16-4ae7-a481-db83a2d198c8', 'HANIF', 'MUSTAPHA', '', 'guest') ON CONFLICT (id) DO NOTHING;
INSERT INTO auth.users (id, instance_id, aud, role, email, encrypted_password, email_confirmed_at, created_at, updated_at) VALUES ('9f5cc32e-a408-44c7-b95e-8633633836b1', '00000000-0000-0000-0000-000000000000', 'authenticated', 'authenticated', 'no-email-4146@example.com', '$argon2id$v=19$m=65536,t=3,p=4$fQ7fF7Zl6j7Q7fF7Zl6j7A$fQ7fF7Zl6j7Q7fF7Zl6j7A', now(), now(), now()) ON CONFLICT (id) DO NOTHING;
INSERT INTO profiles (id, first_name, last_name, phone, role) VALUES ('9f5cc32e-a408-44c7-b95e-8633633836b1', 'MR. YUSUF', 'Unknown', '', 'guest') ON CONFLICT (id) DO NOTHING;
INSERT INTO auth.users (id, instance_id, aud, role, email, encrypted_password, email_confirmed_at, created_at, updated_at) VALUES ('31344658-f37f-4703-a025-c07a0dc31b8f', '00000000-0000-0000-0000-000000000000', 'authenticated', 'authenticated', 'no-email-4153@example.com', '$argon2id$v=19$m=65536,t=3,p=4$fQ7fF7Zl6j7Q7fF7Zl6j7A$fQ7fF7Zl6j7Q7fF7Zl6j7A', now(), now(), now()) ON CONFLICT (id) DO NOTHING;
INSERT INTO profiles (id, first_name, last_name, phone, role) VALUES ('31344658-f37f-4703-a025-c07a0dc31b8f', 'SYLVIA', 'SNOMI', '', 'guest') ON CONFLICT (id) DO NOTHING;
INSERT INTO auth.users (id, instance_id, aud, role, email, encrypted_password, email_confirmed_at, created_at, updated_at) VALUES ('4fca181c-0490-4a04-a604-aad17f88da0b', '00000000-0000-0000-0000-000000000000', 'authenticated', 'authenticated', 'no-email-4158@example.com', '$argon2id$v=19$m=65536,t=3,p=4$fQ7fF7Zl6j7Q7fF7Zl6j7A$fQ7fF7Zl6j7Q7fF7Zl6j7A', now(), now(), now()) ON CONFLICT (id) DO NOTHING;
INSERT INTO profiles (id, first_name, last_name, phone, role) VALUES ('4fca181c-0490-4a04-a604-aad17f88da0b', 'AKIN', 'Unknown', '', 'guest') ON CONFLICT (id) DO NOTHING;
INSERT INTO auth.users (id, instance_id, aud, role, email, encrypted_password, email_confirmed_at, created_at, updated_at) VALUES ('d00fa9b1-71c6-492e-bd95-32f791534382', '00000000-0000-0000-0000-000000000000', 'authenticated', 'authenticated', 'no-email-4165@example.com', '$argon2id$v=19$m=65536,t=3,p=4$fQ7fF7Zl6j7Q7fF7Zl6j7A$fQ7fF7Zl6j7Q7fF7Zl6j7A', now(), now(), now()) ON CONFLICT (id) DO NOTHING;
INSERT INTO profiles (id, first_name, last_name, phone, role) VALUES ('d00fa9b1-71c6-492e-bd95-32f791534382', 'BELLACREARE', 'Unknown', '', 'guest') ON CONFLICT (id) DO NOTHING;
INSERT INTO auth.users (id, instance_id, aud, role, email, encrypted_password, email_confirmed_at, created_at, updated_at) VALUES ('27d9cb0a-3c62-468d-9dc1-98e300f6f1e4', '00000000-0000-0000-0000-000000000000', 'authenticated', 'authenticated', 'no-email-4170@example.com', '$argon2id$v=19$m=65536,t=3,p=4$fQ7fF7Zl6j7Q7fF7Zl6j7A$fQ7fF7Zl6j7Q7fF7Zl6j7A', now(), now(), now()) ON CONFLICT (id) DO NOTHING;
INSERT INTO profiles (id, first_name, last_name, phone, role) VALUES ('27d9cb0a-3c62-468d-9dc1-98e300f6f1e4', 'MR EMMANUEL (BARR. SHEDRACK)', 'Unknown', '', 'guest') ON CONFLICT (id) DO NOTHING;
INSERT INTO auth.users (id, instance_id, aud, role, email, encrypted_password, email_confirmed_at, created_at, updated_at) VALUES ('4db29019-8cfe-41be-84b5-b1a1d7717d15', '00000000-0000-0000-0000-000000000000', 'authenticated', 'authenticated', 'no-email-4172@example.com', '$argon2id$v=19$m=65536,t=3,p=4$fQ7fF7Zl6j7Q7fF7Zl6j7A$fQ7fF7Zl6j7Q7fF7Zl6j7A', now(), now(), now()) ON CONFLICT (id) DO NOTHING;
INSERT INTO profiles (id, first_name, last_name, phone, role) VALUES ('4db29019-8cfe-41be-84b5-b1a1d7717d15', 'DONALD', 'PETER', '08063511784', 'guest') ON CONFLICT (id) DO NOTHING;
INSERT INTO auth.users (id, instance_id, aud, role, email, encrypted_password, email_confirmed_at, created_at, updated_at) VALUES ('eb67e3e2-b287-4f20-b537-79212d00ab32', '00000000-0000-0000-0000-000000000000', 'authenticated', 'authenticated', 'no-email-4175@example.com', '$argon2id$v=19$m=65536,t=3,p=4$fQ7fF7Zl6j7Q7fF7Zl6j7A$fQ7fF7Zl6j7Q7fF7Zl6j7A', now(), now(), now()) ON CONFLICT (id) DO NOTHING;
INSERT INTO profiles (id, first_name, last_name, phone, role) VALUES ('eb67e3e2-b287-4f20-b537-79212d00ab32', 'AKIN', 'Unknown', '', 'guest') ON CONFLICT (id) DO NOTHING;
INSERT INTO auth.users (id, instance_id, aud, role, email, encrypted_password, email_confirmed_at, created_at, updated_at) VALUES ('349f6fb8-5ba5-45c1-b521-3486584d6ae7', '00000000-0000-0000-0000-000000000000', 'authenticated', 'authenticated', 'no-email-4181@example.com', '$argon2id$v=19$m=65536,t=3,p=4$fQ7fF7Zl6j7Q7fF7Zl6j7A$fQ7fF7Zl6j7Q7fF7Zl6j7A', now(), now(), now()) ON CONFLICT (id) DO NOTHING;
INSERT INTO profiles (id, first_name, last_name, phone, role) VALUES ('349f6fb8-5ba5-45c1-b521-3486584d6ae7', 'MR. BEN', 'Unknown', '', 'guest') ON CONFLICT (id) DO NOTHING;
INSERT INTO auth.users (id, instance_id, aud, role, email, encrypted_password, email_confirmed_at, created_at, updated_at) VALUES ('81409458-23ec-4a36-8756-1f11ecdba169', '00000000-0000-0000-0000-000000000000', 'authenticated', 'authenticated', 'no-email-4183@example.com', '$argon2id$v=19$m=65536,t=3,p=4$fQ7fF7Zl6j7Q7fF7Zl6j7A$fQ7fF7Zl6j7Q7fF7Zl6j7A', now(), now(), now()) ON CONFLICT (id) DO NOTHING;
INSERT INTO profiles (id, first_name, last_name, phone, role) VALUES ('81409458-23ec-4a36-8756-1f11ecdba169', 'YUSUF', 'Unknown', '', 'guest') ON CONFLICT (id) DO NOTHING;
INSERT INTO auth.users (id, instance_id, aud, role, email, encrypted_password, email_confirmed_at, created_at, updated_at) VALUES ('0ca59482-a784-49a8-805b-a69dfe773bde', '00000000-0000-0000-0000-000000000000', 'authenticated', 'authenticated', 'no-email-4185@example.com', '$argon2id$v=19$m=65536,t=3,p=4$fQ7fF7Zl6j7Q7fF7Zl6j7A$fQ7fF7Zl6j7Q7fF7Zl6j7A', now(), now(), now()) ON CONFLICT (id) DO NOTHING;
INSERT INTO profiles (id, first_name, last_name, phone, role) VALUES ('0ca59482-a784-49a8-805b-a69dfe773bde', 'LUCKY', 'Unknown', '', 'guest') ON CONFLICT (id) DO NOTHING;
INSERT INTO auth.users (id, instance_id, aud, role, email, encrypted_password, email_confirmed_at, created_at, updated_at) VALUES ('ed6f7208-17e4-4837-9ca3-b6b3d8a048c8', '00000000-0000-0000-0000-000000000000', 'authenticated', 'authenticated', 'no-email-4188@example.com', '$argon2id$v=19$m=65536,t=3,p=4$fQ7fF7Zl6j7Q7fF7Zl6j7A$fQ7fF7Zl6j7Q7fF7Zl6j7A', now(), now(), now()) ON CONFLICT (id) DO NOTHING;
INSERT INTO profiles (id, first_name, last_name, phone, role) VALUES ('ed6f7208-17e4-4837-9ca3-b6b3d8a048c8', 'MUMMY ARIANA', 'Unknown', '', 'guest') ON CONFLICT (id) DO NOTHING;
INSERT INTO auth.users (id, instance_id, aud, role, email, encrypted_password, email_confirmed_at, created_at, updated_at) VALUES ('7855f82e-a6e8-47be-8f8a-878aedb814fa', '00000000-0000-0000-0000-000000000000', 'authenticated', 'authenticated', 'no-email-4190@example.com', '$argon2id$v=19$m=65536,t=3,p=4$fQ7fF7Zl6j7Q7fF7Zl6j7A$fQ7fF7Zl6j7Q7fF7Zl6j7A', now(), now(), now()) ON CONFLICT (id) DO NOTHING;
INSERT INTO profiles (id, first_name, last_name, phone, role) VALUES ('7855f82e-a6e8-47be-8f8a-878aedb814fa', 'SAMSON GABRIEL', 'Unknown', '', 'guest') ON CONFLICT (id) DO NOTHING;
INSERT INTO auth.users (id, instance_id, aud, role, email, encrypted_password, email_confirmed_at, created_at, updated_at) VALUES ('0e64d11b-b6c5-4fe5-8f9e-e8131adfa2dc', '00000000-0000-0000-0000-000000000000', 'authenticated', 'authenticated', 'no-email-4193@example.com', '$argon2id$v=19$m=65536,t=3,p=4$fQ7fF7Zl6j7Q7fF7Zl6j7A$fQ7fF7Zl6j7Q7fF7Zl6j7A', now(), now(), now()) ON CONFLICT (id) DO NOTHING;
INSERT INTO profiles (id, first_name, last_name, phone, role) VALUES ('0e64d11b-b6c5-4fe5-8f9e-e8131adfa2dc', 'PRINCESS', 'Unknown', '', 'guest') ON CONFLICT (id) DO NOTHING;
INSERT INTO auth.users (id, instance_id, aud, role, email, encrypted_password, email_confirmed_at, created_at, updated_at) VALUES ('274a4d71-96ba-4d9e-9107-610f2c09981d', '00000000-0000-0000-0000-000000000000', 'authenticated', 'authenticated', 'no-email-4197@example.com', '$argon2id$v=19$m=65536,t=3,p=4$fQ7fF7Zl6j7Q7fF7Zl6j7A$fQ7fF7Zl6j7Q7fF7Zl6j7A', now(), now(), now()) ON CONFLICT (id) DO NOTHING;
INSERT INTO profiles (id, first_name, last_name, phone, role) VALUES ('274a4d71-96ba-4d9e-9107-610f2c09981d', 'STELLAMARIS', 'Unknown', '', 'guest') ON CONFLICT (id) DO NOTHING;
INSERT INTO auth.users (id, instance_id, aud, role, email, encrypted_password, email_confirmed_at, created_at, updated_at) VALUES ('22cad0c0-c6ce-4ae2-8b9e-858a1a55426c', '00000000-0000-0000-0000-000000000000', 'authenticated', 'authenticated', 'no-email-4200@example.com', '$argon2id$v=19$m=65536,t=3,p=4$fQ7fF7Zl6j7Q7fF7Zl6j7A$fQ7fF7Zl6j7Q7fF7Zl6j7A', now(), now(), now()) ON CONFLICT (id) DO NOTHING;
INSERT INTO profiles (id, first_name, last_name, phone, role) VALUES ('22cad0c0-c6ce-4ae2-8b9e-858a1a55426c', 'STELLAMARIS', 'Unknown', '', 'guest') ON CONFLICT (id) DO NOTHING;
INSERT INTO auth.users (id, instance_id, aud, role, email, encrypted_password, email_confirmed_at, created_at, updated_at) VALUES ('40bd56ef-7f1a-4438-97b8-b40544eb10ea', '00000000-0000-0000-0000-000000000000', 'authenticated', 'authenticated', 'no-email-4211@example.com', '$argon2id$v=19$m=65536,t=3,p=4$fQ7fF7Zl6j7Q7fF7Zl6j7A$fQ7fF7Zl6j7Q7fF7Zl6j7A', now(), now(), now()) ON CONFLICT (id) DO NOTHING;
INSERT INTO profiles (id, first_name, last_name, phone, role) VALUES ('40bd56ef-7f1a-4438-97b8-b40544eb10ea', 'MR. YUSUF', 'Unknown', '', 'guest') ON CONFLICT (id) DO NOTHING;
INSERT INTO auth.users (id, instance_id, aud, role, email, encrypted_password, email_confirmed_at, created_at, updated_at) VALUES ('278fbf71-fd29-400b-9607-03ddb3e248fa', '00000000-0000-0000-0000-000000000000', 'authenticated', 'authenticated', 'no-email-4213@example.com', '$argon2id$v=19$m=65536,t=3,p=4$fQ7fF7Zl6j7Q7fF7Zl6j7A$fQ7fF7Zl6j7Q7fF7Zl6j7A', now(), now(), now()) ON CONFLICT (id) DO NOTHING;
INSERT INTO profiles (id, first_name, last_name, phone, role) VALUES ('278fbf71-fd29-400b-9607-03ddb3e248fa', 'EMMANUEL', 'OCHONOGOR', '', 'guest') ON CONFLICT (id) DO NOTHING;
INSERT INTO auth.users (id, instance_id, aud, role, email, encrypted_password, email_confirmed_at, created_at, updated_at) VALUES ('fd6bf3ff-5620-454f-817d-ab0aeaee22fb', '00000000-0000-0000-0000-000000000000', 'authenticated', 'authenticated', 'no-email-4219@example.com', '$argon2id$v=19$m=65536,t=3,p=4$fQ7fF7Zl6j7Q7fF7Zl6j7A$fQ7fF7Zl6j7Q7fF7Zl6j7A', now(), now(), now()) ON CONFLICT (id) DO NOTHING;
INSERT INTO profiles (id, first_name, last_name, phone, role) VALUES ('fd6bf3ff-5620-454f-817d-ab0aeaee22fb', 'STELLAMARIS', 'Unknown', '', 'guest') ON CONFLICT (id) DO NOTHING;
INSERT INTO auth.users (id, instance_id, aud, role, email, encrypted_password, email_confirmed_at, created_at, updated_at) VALUES ('fa55fa03-60fa-4bf3-baae-73d4524a8b4a', '00000000-0000-0000-0000-000000000000', 'authenticated', 'authenticated', 'no-email-4227@example.com', '$argon2id$v=19$m=65536,t=3,p=4$fQ7fF7Zl6j7Q7fF7Zl6j7A$fQ7fF7Zl6j7Q7fF7Zl6j7A', now(), now(), now()) ON CONFLICT (id) DO NOTHING;
INSERT INTO profiles (id, first_name, last_name, phone, role) VALUES ('fa55fa03-60fa-4bf3-baae-73d4524a8b4a', 'ROWLAND', 'Unknown', '', 'guest') ON CONFLICT (id) DO NOTHING;
INSERT INTO auth.users (id, instance_id, aud, role, email, encrypted_password, email_confirmed_at, created_at, updated_at) VALUES ('8e9681dd-117b-4f8c-a1d4-120f66538618', '00000000-0000-0000-0000-000000000000', 'authenticated', 'authenticated', 'no-email-4232@example.com', '$argon2id$v=19$m=65536,t=3,p=4$fQ7fF7Zl6j7Q7fF7Zl6j7A$fQ7fF7Zl6j7Q7fF7Zl6j7A', now(), now(), now()) ON CONFLICT (id) DO NOTHING;
INSERT INTO profiles (id, first_name, last_name, phone, role) VALUES ('8e9681dd-117b-4f8c-a1d4-120f66538618', 'MUMMY ARIANA', 'Unknown', '', 'guest') ON CONFLICT (id) DO NOTHING;
INSERT INTO auth.users (id, instance_id, aud, role, email, encrypted_password, email_confirmed_at, created_at, updated_at) VALUES ('41f8d0b1-770b-4c8a-bb72-d1b7b5b2e5da', '00000000-0000-0000-0000-000000000000', 'authenticated', 'authenticated', 'no-email-4234@example.com', '$argon2id$v=19$m=65536,t=3,p=4$fQ7fF7Zl6j7Q7fF7Zl6j7A$fQ7fF7Zl6j7Q7fF7Zl6j7A', now(), now(), now()) ON CONFLICT (id) DO NOTHING;
INSERT INTO profiles (id, first_name, last_name, phone, role) VALUES ('41f8d0b1-770b-4c8a-bb72-d1b7b5b2e5da', 'AKIN', 'Unknown', '', 'guest') ON CONFLICT (id) DO NOTHING;
INSERT INTO auth.users (id, instance_id, aud, role, email, encrypted_password, email_confirmed_at, created_at, updated_at) VALUES ('d1ba2e86-be0a-4219-9773-7e49b6831119', '00000000-0000-0000-0000-000000000000', 'authenticated', 'authenticated', 'no-email-4237@example.com', '$argon2id$v=19$m=65536,t=3,p=4$fQ7fF7Zl6j7Q7fF7Zl6j7A$fQ7fF7Zl6j7Q7fF7Zl6j7A', now(), now(), now()) ON CONFLICT (id) DO NOTHING;
INSERT INTO profiles (id, first_name, last_name, phone, role) VALUES ('d1ba2e86-be0a-4219-9773-7e49b6831119', 'MR. AUSTIN', 'Unknown', '', 'guest') ON CONFLICT (id) DO NOTHING;
INSERT INTO auth.users (id, instance_id, aud, role, email, encrypted_password, email_confirmed_at, created_at, updated_at) VALUES ('fda18558-28f0-4973-ab00-4a61637fa0ae', '00000000-0000-0000-0000-000000000000', 'authenticated', 'authenticated', 'no-email-4239@example.com', '$argon2id$v=19$m=65536,t=3,p=4$fQ7fF7Zl6j7Q7fF7Zl6j7A$fQ7fF7Zl6j7Q7fF7Zl6j7A', now(), now(), now()) ON CONFLICT (id) DO NOTHING;
INSERT INTO profiles (id, first_name, last_name, phone, role) VALUES ('fda18558-28f0-4973-ab00-4a61637fa0ae', 'TAKIM', 'Unknown', '', 'guest') ON CONFLICT (id) DO NOTHING;
INSERT INTO auth.users (id, instance_id, aud, role, email, encrypted_password, email_confirmed_at, created_at, updated_at) VALUES ('1f63f7b8-d0a1-4116-9cde-186e1938f38b', '00000000-0000-0000-0000-000000000000', 'authenticated', 'authenticated', 'no-email-4242@example.com', '$argon2id$v=19$m=65536,t=3,p=4$fQ7fF7Zl6j7Q7fF7Zl6j7A$fQ7fF7Zl6j7Q7fF7Zl6j7A', now(), now(), now()) ON CONFLICT (id) DO NOTHING;
INSERT INTO profiles (id, first_name, last_name, phone, role) VALUES ('1f63f7b8-d0a1-4116-9cde-186e1938f38b', 'ROLAND', 'Unknown', '', 'guest') ON CONFLICT (id) DO NOTHING;
INSERT INTO auth.users (id, instance_id, aud, role, email, encrypted_password, email_confirmed_at, created_at, updated_at) VALUES ('33b0b833-7306-4ce1-bb82-3719175ce250', '00000000-0000-0000-0000-000000000000', 'authenticated', 'authenticated', 'bellacreare@gmail.com', '$argon2id$v=19$m=65536,t=3,p=4$fQ7fF7Zl6j7Q7fF7Zl6j7A$fQ7fF7Zl6j7Q7fF7Zl6j7A', now(), now(), now()) ON CONFLICT (id) DO NOTHING;
INSERT INTO profiles (id, first_name, last_name, phone, role) VALUES ('33b0b833-7306-4ce1-bb82-3719175ce250', 'BELLACREARE', 'Unknown', '', 'guest') ON CONFLICT (id) DO NOTHING;
INSERT INTO auth.users (id, instance_id, aud, role, email, encrypted_password, email_confirmed_at, created_at, updated_at) VALUES ('0f87efb5-6273-4f14-9b63-dbd2c235cb10', '00000000-0000-0000-0000-000000000000', 'authenticated', 'authenticated', 'no-email-4266@example.com', '$argon2id$v=19$m=65536,t=3,p=4$fQ7fF7Zl6j7Q7fF7Zl6j7A$fQ7fF7Zl6j7Q7fF7Zl6j7A', now(), now(), now()) ON CONFLICT (id) DO NOTHING;
INSERT INTO profiles (id, first_name, last_name, phone, role) VALUES ('0f87efb5-6273-4f14-9b63-dbd2c235cb10', 'ENEWA', 'AMEH', '', 'guest') ON CONFLICT (id) DO NOTHING;
INSERT INTO auth.users (id, instance_id, aud, role, email, encrypted_password, email_confirmed_at, created_at, updated_at) VALUES ('afef6628-c27a-4e7f-9cb4-ae6a990528ed', '00000000-0000-0000-0000-000000000000', 'authenticated', 'authenticated', 'no-email-4270@example.com', '$argon2id$v=19$m=65536,t=3,p=4$fQ7fF7Zl6j7Q7fF7Zl6j7A$fQ7fF7Zl6j7Q7fF7Zl6j7A', now(), now(), now()) ON CONFLICT (id) DO NOTHING;
INSERT INTO profiles (id, first_name, last_name, phone, role) VALUES ('afef6628-c27a-4e7f-9cb4-ae6a990528ed', 'SHAMS', 'Unknown', '', 'guest') ON CONFLICT (id) DO NOTHING;
INSERT INTO auth.users (id, instance_id, aud, role, email, encrypted_password, email_confirmed_at, created_at, updated_at) VALUES ('5c2d3be4-0a9d-4b16-bc1c-4e0eac14bbce', '00000000-0000-0000-0000-000000000000', 'authenticated', 'authenticated', 'no-email-4273@example.com', '$argon2id$v=19$m=65536,t=3,p=4$fQ7fF7Zl6j7Q7fF7Zl6j7A$fQ7fF7Zl6j7Q7fF7Zl6j7A', now(), now(), now()) ON CONFLICT (id) DO NOTHING;
INSERT INTO profiles (id, first_name, last_name, phone, role) VALUES ('5c2d3be4-0a9d-4b16-bc1c-4e0eac14bbce', 'DONALD', 'PETER', '08063511784', 'guest') ON CONFLICT (id) DO NOTHING;
INSERT INTO auth.users (id, instance_id, aud, role, email, encrypted_password, email_confirmed_at, created_at, updated_at) VALUES ('e385545c-2b3d-4291-aff6-e92e5263d608', '00000000-0000-0000-0000-000000000000', 'authenticated', 'authenticated', 'no-email-4279@example.com', '$argon2id$v=19$m=65536,t=3,p=4$fQ7fF7Zl6j7Q7fF7Zl6j7A$fQ7fF7Zl6j7Q7fF7Zl6j7A', now(), now(), now()) ON CONFLICT (id) DO NOTHING;
INSERT INTO profiles (id, first_name, last_name, phone, role) VALUES ('e385545c-2b3d-4291-aff6-e92e5263d608', 'BANKY', 'Unknown', '', 'guest') ON CONFLICT (id) DO NOTHING;
INSERT INTO auth.users (id, instance_id, aud, role, email, encrypted_password, email_confirmed_at, created_at, updated_at) VALUES ('fd6f5082-bb90-411e-a121-d8411ac5c581', '00000000-0000-0000-0000-000000000000', 'authenticated', 'authenticated', 'no-email-4285@example.com', '$argon2id$v=19$m=65536,t=3,p=4$fQ7fF7Zl6j7Q7fF7Zl6j7A$fQ7fF7Zl6j7Q7fF7Zl6j7A', now(), now(), now()) ON CONFLICT (id) DO NOTHING;
INSERT INTO profiles (id, first_name, last_name, phone, role) VALUES ('fd6f5082-bb90-411e-a121-d8411ac5c581', 'ABDUL', 'Unknown', '', 'guest') ON CONFLICT (id) DO NOTHING;
INSERT INTO auth.users (id, instance_id, aud, role, email, encrypted_password, email_confirmed_at, created_at, updated_at) VALUES ('70c23b58-a62e-4b5e-8b3f-63c14a5f2e13', '00000000-0000-0000-0000-000000000000', 'authenticated', 'authenticated', 'no-email-4287@example.com', '$argon2id$v=19$m=65536,t=3,p=4$fQ7fF7Zl6j7Q7fF7Zl6j7A$fQ7fF7Zl6j7Q7fF7Zl6j7A', now(), now(), now()) ON CONFLICT (id) DO NOTHING;
INSERT INTO profiles (id, first_name, last_name, phone, role) VALUES ('70c23b58-a62e-4b5e-8b3f-63c14a5f2e13', 'NGADOYU', 'Unknown', '', 'guest') ON CONFLICT (id) DO NOTHING;
INSERT INTO auth.users (id, instance_id, aud, role, email, encrypted_password, email_confirmed_at, created_at, updated_at) VALUES ('174b5518-c69f-4ab6-8b5c-d471d8f006b0', '00000000-0000-0000-0000-000000000000', 'authenticated', 'authenticated', 'no-email-4296@example.com', '$argon2id$v=19$m=65536,t=3,p=4$fQ7fF7Zl6j7Q7fF7Zl6j7A$fQ7fF7Zl6j7Q7fF7Zl6j7A', now(), now(), now()) ON CONFLICT (id) DO NOTHING;
INSERT INTO profiles (id, first_name, last_name, phone, role) VALUES ('174b5518-c69f-4ab6-8b5c-d471d8f006b0', 'FOODSTORE', 'Unknown', '', 'guest') ON CONFLICT (id) DO NOTHING;
INSERT INTO auth.users (id, instance_id, aud, role, email, encrypted_password, email_confirmed_at, created_at, updated_at) VALUES ('68a63521-15d2-4ab5-88eb-33dd6444f7e2', '00000000-0000-0000-0000-000000000000', 'authenticated', 'authenticated', 'no-email-4298@example.com', '$argon2id$v=19$m=65536,t=3,p=4$fQ7fF7Zl6j7Q7fF7Zl6j7A$fQ7fF7Zl6j7Q7fF7Zl6j7A', now(), now(), now()) ON CONFLICT (id) DO NOTHING;
INSERT INTO profiles (id, first_name, last_name, phone, role) VALUES ('68a63521-15d2-4ab5-88eb-33dd6444f7e2', 'OKU UDOMA', 'EKANEM', '', 'guest') ON CONFLICT (id) DO NOTHING;
INSERT INTO auth.users (id, instance_id, aud, role, email, encrypted_password, email_confirmed_at, created_at, updated_at) VALUES ('939d52f9-1f4c-49fe-b719-fa2d78dab0f7', '00000000-0000-0000-0000-000000000000', 'authenticated', 'authenticated', 'no-email-4300@example.com', '$argon2id$v=19$m=65536,t=3,p=4$fQ7fF7Zl6j7Q7fF7Zl6j7A$fQ7fF7Zl6j7Q7fF7Zl6j7A', now(), now(), now()) ON CONFLICT (id) DO NOTHING;
INSERT INTO profiles (id, first_name, last_name, phone, role) VALUES ('939d52f9-1f4c-49fe-b719-fa2d78dab0f7', 'MRS STEPHANIE', 'UGBAH', '', 'guest') ON CONFLICT (id) DO NOTHING;
INSERT INTO auth.users (id, instance_id, aud, role, email, encrypted_password, email_confirmed_at, created_at, updated_at) VALUES ('8ca50806-008f-4e07-8c08-dd34540d7e09', '00000000-0000-0000-0000-000000000000', 'authenticated', 'authenticated', 'no-email-4306@example.com', '$argon2id$v=19$m=65536,t=3,p=4$fQ7fF7Zl6j7Q7fF7Zl6j7A$fQ7fF7Zl6j7Q7fF7Zl6j7A', now(), now(), now()) ON CONFLICT (id) DO NOTHING;
INSERT INTO profiles (id, first_name, last_name, phone, role) VALUES ('8ca50806-008f-4e07-8c08-dd34540d7e09', 'SAMSON GABRIEL', 'Unknown', '', 'guest') ON CONFLICT (id) DO NOTHING;
INSERT INTO auth.users (id, instance_id, aud, role, email, encrypted_password, email_confirmed_at, created_at, updated_at) VALUES ('65a24eb3-2a7c-4ffd-a472-2161a3354632', '00000000-0000-0000-0000-000000000000', 'authenticated', 'authenticated', 'no-email-4314@example.com', '$argon2id$v=19$m=65536,t=3,p=4$fQ7fF7Zl6j7Q7fF7Zl6j7A$fQ7fF7Zl6j7Q7fF7Zl6j7A', now(), now(), now()) ON CONFLICT (id) DO NOTHING;
INSERT INTO profiles (id, first_name, last_name, phone, role) VALUES ('65a24eb3-2a7c-4ffd-a472-2161a3354632', 'IBRAHIM', 'GOMINA', '', 'guest') ON CONFLICT (id) DO NOTHING;
INSERT INTO auth.users (id, instance_id, aud, role, email, encrypted_password, email_confirmed_at, created_at, updated_at) VALUES ('0677d188-22d5-460d-8f59-ee634d504fc7', '00000000-0000-0000-0000-000000000000', 'authenticated', 'authenticated', 'no-email-4329@example.com', '$argon2id$v=19$m=65536,t=3,p=4$fQ7fF7Zl6j7Q7fF7Zl6j7A$fQ7fF7Zl6j7Q7fF7Zl6j7A', now(), now(), now()) ON CONFLICT (id) DO NOTHING;
INSERT INTO profiles (id, first_name, last_name, phone, role) VALUES ('0677d188-22d5-460d-8f59-ee634d504fc7', 'DENNIS', 'Unknown', '', 'guest') ON CONFLICT (id) DO NOTHING;
INSERT INTO auth.users (id, instance_id, aud, role, email, encrypted_password, email_confirmed_at, created_at, updated_at) VALUES ('9c829151-76da-47c7-8c32-bbab24e5a7a5', '00000000-0000-0000-0000-000000000000', 'authenticated', 'authenticated', 'no-email-4338@example.com', '$argon2id$v=19$m=65536,t=3,p=4$fQ7fF7Zl6j7Q7fF7Zl6j7A$fQ7fF7Zl6j7Q7fF7Zl6j7A', now(), now(), now()) ON CONFLICT (id) DO NOTHING;
INSERT INTO profiles (id, first_name, last_name, phone, role) VALUES ('9c829151-76da-47c7-8c32-bbab24e5a7a5', 'BANKY', 'Unknown', '', 'guest') ON CONFLICT (id) DO NOTHING;
INSERT INTO auth.users (id, instance_id, aud, role, email, encrypted_password, email_confirmed_at, created_at, updated_at) VALUES ('b94f6191-63f4-41a1-890e-70f350fe02df', '00000000-0000-0000-0000-000000000000', 'authenticated', 'authenticated', 'no-email-4342@example.com', '$argon2id$v=19$m=65536,t=3,p=4$fQ7fF7Zl6j7Q7fF7Zl6j7A$fQ7fF7Zl6j7Q7fF7Zl6j7A', now(), now(), now()) ON CONFLICT (id) DO NOTHING;
INSERT INTO profiles (id, first_name, last_name, phone, role) VALUES ('b94f6191-63f4-41a1-890e-70f350fe02df', 'SULEIMAN', 'YUSUF', '', 'guest') ON CONFLICT (id) DO NOTHING;
INSERT INTO auth.users (id, instance_id, aud, role, email, encrypted_password, email_confirmed_at, created_at, updated_at) VALUES ('257d1a31-6bf8-4094-97ab-f33a7b71805f', '00000000-0000-0000-0000-000000000000', 'authenticated', 'authenticated', 'no-email-4351@example.com', '$argon2id$v=19$m=65536,t=3,p=4$fQ7fF7Zl6j7Q7fF7Zl6j7A$fQ7fF7Zl6j7Q7fF7Zl6j7A', now(), now(), now()) ON CONFLICT (id) DO NOTHING;
INSERT INTO profiles (id, first_name, last_name, phone, role) VALUES ('257d1a31-6bf8-4094-97ab-f33a7b71805f', 'EKPE', 'Unknown', '', 'guest') ON CONFLICT (id) DO NOTHING;
INSERT INTO auth.users (id, instance_id, aud, role, email, encrypted_password, email_confirmed_at, created_at, updated_at) VALUES ('5be84fb8-df3d-419d-9e5b-06c2457a549a', '00000000-0000-0000-0000-000000000000', 'authenticated', 'authenticated', 'no-email-4353@example.com', '$argon2id$v=19$m=65536,t=3,p=4$fQ7fF7Zl6j7Q7fF7Zl6j7A$fQ7fF7Zl6j7Q7fF7Zl6j7A', now(), now(), now()) ON CONFLICT (id) DO NOTHING;
INSERT INTO profiles (id, first_name, last_name, phone, role) VALUES ('5be84fb8-df3d-419d-9e5b-06c2457a549a', 'ABDULJALAL', 'Unknown', '', 'guest') ON CONFLICT (id) DO NOTHING;
INSERT INTO auth.users (id, instance_id, aud, role, email, encrypted_password, email_confirmed_at, created_at, updated_at) VALUES ('975bf18c-ad87-40fd-9df6-e13a06aeab06', '00000000-0000-0000-0000-000000000000', 'authenticated', 'authenticated', 'no-email-4357@example.com', '$argon2id$v=19$m=65536,t=3,p=4$fQ7fF7Zl6j7Q7fF7Zl6j7A$fQ7fF7Zl6j7Q7fF7Zl6j7A', now(), now(), now()) ON CONFLICT (id) DO NOTHING;
INSERT INTO profiles (id, first_name, last_name, phone, role) VALUES ('975bf18c-ad87-40fd-9df6-e13a06aeab06', 'GABRIEL', 'Unknown', '', 'guest') ON CONFLICT (id) DO NOTHING;
INSERT INTO auth.users (id, instance_id, aud, role, email, encrypted_password, email_confirmed_at, created_at, updated_at) VALUES ('c3633da8-d70b-4411-a991-79575f4c1550', '00000000-0000-0000-0000-000000000000', 'authenticated', 'authenticated', 'no-email-4362@example.com', '$argon2id$v=19$m=65536,t=3,p=4$fQ7fF7Zl6j7Q7fF7Zl6j7A$fQ7fF7Zl6j7Q7fF7Zl6j7A', now(), now(), now()) ON CONFLICT (id) DO NOTHING;
INSERT INTO profiles (id, first_name, last_name, phone, role) VALUES ('c3633da8-d70b-4411-a991-79575f4c1550', 'NJI', 'Unknown', '', 'guest') ON CONFLICT (id) DO NOTHING;
INSERT INTO auth.users (id, instance_id, aud, role, email, encrypted_password, email_confirmed_at, created_at, updated_at) VALUES ('62250338-e6c2-4651-bacb-35a2947975a7', '00000000-0000-0000-0000-000000000000', 'authenticated', 'authenticated', 'no-email-4369@example.com', '$argon2id$v=19$m=65536,t=3,p=4$fQ7fF7Zl6j7Q7fF7Zl6j7A$fQ7fF7Zl6j7Q7fF7Zl6j7A', now(), now(), now()) ON CONFLICT (id) DO NOTHING;
INSERT INTO profiles (id, first_name, last_name, phone, role) VALUES ('62250338-e6c2-4651-bacb-35a2947975a7', 'TAKIM', 'Unknown', '', 'guest') ON CONFLICT (id) DO NOTHING;
INSERT INTO auth.users (id, instance_id, aud, role, email, encrypted_password, email_confirmed_at, created_at, updated_at) VALUES ('a354c69f-00fc-47f9-aa10-b8c931fb0890', '00000000-0000-0000-0000-000000000000', 'authenticated', 'authenticated', 'no-email-4376@example.com', '$argon2id$v=19$m=65536,t=3,p=4$fQ7fF7Zl6j7Q7fF7Zl6j7A$fQ7fF7Zl6j7Q7fF7Zl6j7A', now(), now(), now()) ON CONFLICT (id) DO NOTHING;
INSERT INTO profiles (id, first_name, last_name, phone, role) VALUES ('a354c69f-00fc-47f9-aa10-b8c931fb0890', 'MAYTILDA', 'Unknown', '', 'guest') ON CONFLICT (id) DO NOTHING;
INSERT INTO auth.users (id, instance_id, aud, role, email, encrypted_password, email_confirmed_at, created_at, updated_at) VALUES ('8166e246-1c8e-4c6c-a524-e48b13e7354c', '00000000-0000-0000-0000-000000000000', 'authenticated', 'authenticated', 'no-email-4379@example.com', '$argon2id$v=19$m=65536,t=3,p=4$fQ7fF7Zl6j7Q7fF7Zl6j7A$fQ7fF7Zl6j7Q7fF7Zl6j7A', now(), now(), now()) ON CONFLICT (id) DO NOTHING;
INSERT INTO profiles (id, first_name, last_name, phone, role) VALUES ('8166e246-1c8e-4c6c-a524-e48b13e7354c', 'HASSAN', 'Unknown', '', 'guest') ON CONFLICT (id) DO NOTHING;
INSERT INTO auth.users (id, instance_id, aud, role, email, encrypted_password, email_confirmed_at, created_at, updated_at) VALUES ('53e135d5-664c-4e67-abef-c4801036549b', '00000000-0000-0000-0000-000000000000', 'authenticated', 'authenticated', 'no-email-4383@example.com', '$argon2id$v=19$m=65536,t=3,p=4$fQ7fF7Zl6j7Q7fF7Zl6j7A$fQ7fF7Zl6j7Q7fF7Zl6j7A', now(), now(), now()) ON CONFLICT (id) DO NOTHING;
INSERT INTO profiles (id, first_name, last_name, phone, role) VALUES ('53e135d5-664c-4e67-abef-c4801036549b', 'BARR. SHEDRACK', 'Unknown', '', 'guest') ON CONFLICT (id) DO NOTHING;
INSERT INTO auth.users (id, instance_id, aud, role, email, encrypted_password, email_confirmed_at, created_at, updated_at) VALUES ('9437b956-661d-49d1-89d8-c3acf2033aff', '00000000-0000-0000-0000-000000000000', 'authenticated', 'authenticated', 'no-email-4387@example.com', '$argon2id$v=19$m=65536,t=3,p=4$fQ7fF7Zl6j7Q7fF7Zl6j7A$fQ7fF7Zl6j7Q7fF7Zl6j7A', now(), now(), now()) ON CONFLICT (id) DO NOTHING;
INSERT INTO profiles (id, first_name, last_name, phone, role) VALUES ('9437b956-661d-49d1-89d8-c3acf2033aff', 'MR. CHINEDU', 'Unknown', '', 'guest') ON CONFLICT (id) DO NOTHING;
INSERT INTO auth.users (id, instance_id, aud, role, email, encrypted_password, email_confirmed_at, created_at, updated_at) VALUES ('38de4999-ea07-4b8b-9458-e66dafdf4766', '00000000-0000-0000-0000-000000000000', 'authenticated', 'authenticated', 'no-email-4394@example.com', '$argon2id$v=19$m=65536,t=3,p=4$fQ7fF7Zl6j7Q7fF7Zl6j7A$fQ7fF7Zl6j7Q7fF7Zl6j7A', now(), now(), now()) ON CONFLICT (id) DO NOTHING;
INSERT INTO profiles (id, first_name, last_name, phone, role) VALUES ('38de4999-ea07-4b8b-9458-e66dafdf4766', 'MRS', 'MIEBI', '07039660569', 'guest') ON CONFLICT (id) DO NOTHING;
INSERT INTO auth.users (id, instance_id, aud, role, email, encrypted_password, email_confirmed_at, created_at, updated_at) VALUES ('52319063-9a09-47c0-9132-da3fc48c0bd9', '00000000-0000-0000-0000-000000000000', 'authenticated', 'authenticated', 'no-email-4397@example.com', '$argon2id$v=19$m=65536,t=3,p=4$fQ7fF7Zl6j7Q7fF7Zl6j7A$fQ7fF7Zl6j7Q7fF7Zl6j7A', now(), now(), now()) ON CONFLICT (id) DO NOTHING;
INSERT INTO profiles (id, first_name, last_name, phone, role) VALUES ('52319063-9a09-47c0-9132-da3fc48c0bd9', 'GODSTIME', 'Unknown', '', 'guest') ON CONFLICT (id) DO NOTHING;
INSERT INTO auth.users (id, instance_id, aud, role, email, encrypted_password, email_confirmed_at, created_at, updated_at) VALUES ('60895efb-f79f-4330-b1a5-9751f3a81c9e', '00000000-0000-0000-0000-000000000000', 'authenticated', 'authenticated', 'no-email-4401@example.com', '$argon2id$v=19$m=65536,t=3,p=4$fQ7fF7Zl6j7Q7fF7Zl6j7A$fQ7fF7Zl6j7Q7fF7Zl6j7A', now(), now(), now()) ON CONFLICT (id) DO NOTHING;
INSERT INTO profiles (id, first_name, last_name, phone, role) VALUES ('60895efb-f79f-4330-b1a5-9751f3a81c9e', 'MR VICTOR', 'Unknown', '', 'guest') ON CONFLICT (id) DO NOTHING;
INSERT INTO auth.users (id, instance_id, aud, role, email, encrypted_password, email_confirmed_at, created_at, updated_at) VALUES ('06fc38ac-8d80-40f1-9cb3-da9ae0dfae47', '00000000-0000-0000-0000-000000000000', 'authenticated', 'authenticated', 'no-email-4407@example.com', '$argon2id$v=19$m=65536,t=3,p=4$fQ7fF7Zl6j7Q7fF7Zl6j7A$fQ7fF7Zl6j7Q7fF7Zl6j7A', now(), now(), now()) ON CONFLICT (id) DO NOTHING;
INSERT INTO profiles (id, first_name, last_name, phone, role) VALUES ('06fc38ac-8d80-40f1-9cb3-da9ae0dfae47', 'GRACE', 'IKPANG', '', 'guest') ON CONFLICT (id) DO NOTHING;
INSERT INTO auth.users (id, instance_id, aud, role, email, encrypted_password, email_confirmed_at, created_at, updated_at) VALUES ('4df0f685-603c-47d0-9f56-369fc515c573', '00000000-0000-0000-0000-000000000000', 'authenticated', 'authenticated', 'no-email-4410@example.com', '$argon2id$v=19$m=65536,t=3,p=4$fQ7fF7Zl6j7Q7fF7Zl6j7A$fQ7fF7Zl6j7Q7fF7Zl6j7A', now(), now(), now()) ON CONFLICT (id) DO NOTHING;
INSERT INTO profiles (id, first_name, last_name, phone, role) VALUES ('4df0f685-603c-47d0-9f56-369fc515c573', 'DENNIS', 'Unknown', '', 'guest') ON CONFLICT (id) DO NOTHING;
INSERT INTO auth.users (id, instance_id, aud, role, email, encrypted_password, email_confirmed_at, created_at, updated_at) VALUES ('f6a2f0b7-9333-437e-82b0-a8918eb73aa3', '00000000-0000-0000-0000-000000000000', 'authenticated', 'authenticated', 'no-email-4413@example.com', '$argon2id$v=19$m=65536,t=3,p=4$fQ7fF7Zl6j7Q7fF7Zl6j7A$fQ7fF7Zl6j7Q7fF7Zl6j7A', now(), now(), now()) ON CONFLICT (id) DO NOTHING;
INSERT INTO profiles (id, first_name, last_name, phone, role) VALUES ('f6a2f0b7-9333-437e-82b0-a8918eb73aa3', 'Eferoghene', 'Ovwero', '', 'guest') ON CONFLICT (id) DO NOTHING;
INSERT INTO auth.users (id, instance_id, aud, role, email, encrypted_password, email_confirmed_at, created_at, updated_at) VALUES ('43f6fac4-3d74-4ebe-8419-e2f328a0bd55', '00000000-0000-0000-0000-000000000000', 'authenticated', 'authenticated', 'no-email-4419@example.com', '$argon2id$v=19$m=65536,t=3,p=4$fQ7fF7Zl6j7Q7fF7Zl6j7A$fQ7fF7Zl6j7Q7fF7Zl6j7A', now(), now(), now()) ON CONFLICT (id) DO NOTHING;
INSERT INTO profiles (id, first_name, last_name, phone, role) VALUES ('43f6fac4-3d74-4ebe-8419-e2f328a0bd55', 'DENNIS', 'Unknown', '', 'guest') ON CONFLICT (id) DO NOTHING;
INSERT INTO auth.users (id, instance_id, aud, role, email, encrypted_password, email_confirmed_at, created_at, updated_at) VALUES ('5a7674ac-9ee3-48e0-a6b4-f1370c5c55e2', '00000000-0000-0000-0000-000000000000', 'authenticated', 'authenticated', 'no-email-4427@example.com', '$argon2id$v=19$m=65536,t=3,p=4$fQ7fF7Zl6j7Q7fF7Zl6j7A$fQ7fF7Zl6j7Q7fF7Zl6j7A', now(), now(), now()) ON CONFLICT (id) DO NOTHING;
INSERT INTO profiles (id, first_name, last_name, phone, role) VALUES ('5a7674ac-9ee3-48e0-a6b4-f1370c5c55e2', 'MR. TOM', 'Unknown', '', 'guest') ON CONFLICT (id) DO NOTHING;
INSERT INTO auth.users (id, instance_id, aud, role, email, encrypted_password, email_confirmed_at, created_at, updated_at) VALUES ('0daf34c2-ea0d-4727-ac85-db0dcb2d873a', '00000000-0000-0000-0000-000000000000', 'authenticated', 'authenticated', 'osumo.michael@gmail.com', '$argon2id$v=19$m=65536,t=3,p=4$fQ7fF7Zl6j7Q7fF7Zl6j7A$fQ7fF7Zl6j7Q7fF7Zl6j7A', now(), now(), now()) ON CONFLICT (id) DO NOTHING;
INSERT INTO profiles (id, first_name, last_name, phone, role) VALUES ('0daf34c2-ea0d-4727-ac85-db0dcb2d873a', 'Michael', 'Osumo', '07065409006', 'guest') ON CONFLICT (id) DO NOTHING;
INSERT INTO auth.users (id, instance_id, aud, role, email, encrypted_password, email_confirmed_at, created_at, updated_at) VALUES ('1634bd08-3421-45c2-9936-ad8f0afab127', '00000000-0000-0000-0000-000000000000', 'authenticated', 'authenticated', 'no-email-4439@example.com', '$argon2id$v=19$m=65536,t=3,p=4$fQ7fF7Zl6j7Q7fF7Zl6j7A$fQ7fF7Zl6j7Q7fF7Zl6j7A', now(), now(), now()) ON CONFLICT (id) DO NOTHING;
INSERT INTO profiles (id, first_name, last_name, phone, role) VALUES ('1634bd08-3421-45c2-9936-ad8f0afab127', 'HELEN', 'Unknown', '', 'guest') ON CONFLICT (id) DO NOTHING;
INSERT INTO auth.users (id, instance_id, aud, role, email, encrypted_password, email_confirmed_at, created_at, updated_at) VALUES ('fbd9ebd0-0310-440d-ae79-49e89a60840d', '00000000-0000-0000-0000-000000000000', 'authenticated', 'authenticated', 'no-email-4451@example.com', '$argon2id$v=19$m=65536,t=3,p=4$fQ7fF7Zl6j7Q7fF7Zl6j7A$fQ7fF7Zl6j7Q7fF7Zl6j7A', now(), now(), now()) ON CONFLICT (id) DO NOTHING;
INSERT INTO profiles (id, first_name, last_name, phone, role) VALUES ('fbd9ebd0-0310-440d-ae79-49e89a60840d', 'STEPHANIE', 'Unknown', '', 'guest') ON CONFLICT (id) DO NOTHING;
INSERT INTO auth.users (id, instance_id, aud, role, email, encrypted_password, email_confirmed_at, created_at, updated_at) VALUES ('d2af8974-dcb9-4e0c-8d61-72dbd88c5274', '00000000-0000-0000-0000-000000000000', 'authenticated', 'authenticated', 'no-email-4453@example.com', '$argon2id$v=19$m=65536,t=3,p=4$fQ7fF7Zl6j7Q7fF7Zl6j7A$fQ7fF7Zl6j7Q7fF7Zl6j7A', now(), now(), now()) ON CONFLICT (id) DO NOTHING;
INSERT INTO profiles (id, first_name, last_name, phone, role) VALUES ('d2af8974-dcb9-4e0c-8d61-72dbd88c5274', 'CHRISTOPHER', 'OSIGWE', '', 'guest') ON CONFLICT (id) DO NOTHING;
INSERT INTO auth.users (id, instance_id, aud, role, email, encrypted_password, email_confirmed_at, created_at, updated_at) VALUES ('51990d29-1d02-40c7-bc7b-900e8423cbba', '00000000-0000-0000-0000-000000000000', 'authenticated', 'authenticated', 'no-email-4464@example.com', '$argon2id$v=19$m=65536,t=3,p=4$fQ7fF7Zl6j7Q7fF7Zl6j7A$fQ7fF7Zl6j7Q7fF7Zl6j7A', now(), now(), now()) ON CONFLICT (id) DO NOTHING;
INSERT INTO profiles (id, first_name, last_name, phone, role) VALUES ('51990d29-1d02-40c7-bc7b-900e8423cbba', 'OBINA', 'Unknown', '', 'guest') ON CONFLICT (id) DO NOTHING;
INSERT INTO auth.users (id, instance_id, aud, role, email, encrypted_password, email_confirmed_at, created_at, updated_at) VALUES ('970c7cad-710d-4a8a-8a86-15357290c1ca', '00000000-0000-0000-0000-000000000000', 'authenticated', 'authenticated', 'no-email-4466@example.com', '$argon2id$v=19$m=65536,t=3,p=4$fQ7fF7Zl6j7Q7fF7Zl6j7A$fQ7fF7Zl6j7Q7fF7Zl6j7A', now(), now(), now()) ON CONFLICT (id) DO NOTHING;
INSERT INTO profiles (id, first_name, last_name, phone, role) VALUES ('970c7cad-710d-4a8a-8a86-15357290c1ca', 'IVEREN', 'Unknown', '', 'guest') ON CONFLICT (id) DO NOTHING;
INSERT INTO auth.users (id, instance_id, aud, role, email, encrypted_password, email_confirmed_at, created_at, updated_at) VALUES ('85693d8d-2895-47c8-b00c-32f4ae794966', '00000000-0000-0000-0000-000000000000', 'authenticated', 'authenticated', 'no-email-4470@example.com', '$argon2id$v=19$m=65536,t=3,p=4$fQ7fF7Zl6j7Q7fF7Zl6j7A$fQ7fF7Zl6j7Q7fF7Zl6j7A', now(), now(), now()) ON CONFLICT (id) DO NOTHING;
INSERT INTO profiles (id, first_name, last_name, phone, role) VALUES ('85693d8d-2895-47c8-b00c-32f4ae794966', 'HENRY IGBEBULE', 'Unknown', '', 'guest') ON CONFLICT (id) DO NOTHING;
INSERT INTO auth.users (id, instance_id, aud, role, email, encrypted_password, email_confirmed_at, created_at, updated_at) VALUES ('4c21d4d5-ab98-4fab-96c9-6994c5464a16', '00000000-0000-0000-0000-000000000000', 'authenticated', 'authenticated', 'no-email-4476@example.com', '$argon2id$v=19$m=65536,t=3,p=4$fQ7fF7Zl6j7Q7fF7Zl6j7A$fQ7fF7Zl6j7Q7fF7Zl6j7A', now(), now(), now()) ON CONFLICT (id) DO NOTHING;
INSERT INTO profiles (id, first_name, last_name, phone, role) VALUES ('4c21d4d5-ab98-4fab-96c9-6994c5464a16', 'MRS STEPHANIE', 'Unknown', '', 'guest') ON CONFLICT (id) DO NOTHING;
INSERT INTO auth.users (id, instance_id, aud, role, email, encrypted_password, email_confirmed_at, created_at, updated_at) VALUES ('5faf648a-ea8d-4d94-8ee9-bb653e5e3cda', '00000000-0000-0000-0000-000000000000', 'authenticated', 'authenticated', 'no-email-4480@example.com', '$argon2id$v=19$m=65536,t=3,p=4$fQ7fF7Zl6j7Q7fF7Zl6j7A$fQ7fF7Zl6j7Q7fF7Zl6j7A', now(), now(), now()) ON CONFLICT (id) DO NOTHING;
INSERT INTO profiles (id, first_name, last_name, phone, role) VALUES ('5faf648a-ea8d-4d94-8ee9-bb653e5e3cda', 'MRS STEPHANIE', 'Unknown', '', 'guest') ON CONFLICT (id) DO NOTHING;
INSERT INTO auth.users (id, instance_id, aud, role, email, encrypted_password, email_confirmed_at, created_at, updated_at) VALUES ('199bc8e4-92aa-4c8d-bc61-817a1238dab4', '00000000-0000-0000-0000-000000000000', 'authenticated', 'authenticated', 'no-email-4482@example.com', '$argon2id$v=19$m=65536,t=3,p=4$fQ7fF7Zl6j7Q7fF7Zl6j7A$fQ7fF7Zl6j7Q7fF7Zl6j7A', now(), now(), now()) ON CONFLICT (id) DO NOTHING;
INSERT INTO profiles (id, first_name, last_name, phone, role) VALUES ('199bc8e4-92aa-4c8d-bc61-817a1238dab4', 'MRS STEPHANIE', 'Unknown', '', 'guest') ON CONFLICT (id) DO NOTHING;
INSERT INTO auth.users (id, instance_id, aud, role, email, encrypted_password, email_confirmed_at, created_at, updated_at) VALUES ('0edb351f-7501-49a3-b50f-af957b6058a7', '00000000-0000-0000-0000-000000000000', 'authenticated', 'authenticated', 'no-email-4485@example.com', '$argon2id$v=19$m=65536,t=3,p=4$fQ7fF7Zl6j7Q7fF7Zl6j7A$fQ7fF7Zl6j7Q7fF7Zl6j7A', now(), now(), now()) ON CONFLICT (id) DO NOTHING;
INSERT INTO profiles (id, first_name, last_name, phone, role) VALUES ('0edb351f-7501-49a3-b50f-af957b6058a7', 'MRS STEPHANIE', 'Unknown', '', 'guest') ON CONFLICT (id) DO NOTHING;
INSERT INTO auth.users (id, instance_id, aud, role, email, encrypted_password, email_confirmed_at, created_at, updated_at) VALUES ('f08726c7-95a1-4017-aaaf-b26368c2cd7a', '00000000-0000-0000-0000-000000000000', 'authenticated', 'authenticated', 'no-email-4489@example.com', '$argon2id$v=19$m=65536,t=3,p=4$fQ7fF7Zl6j7Q7fF7Zl6j7A$fQ7fF7Zl6j7Q7fF7Zl6j7A', now(), now(), now()) ON CONFLICT (id) DO NOTHING;
INSERT INTO profiles (id, first_name, last_name, phone, role) VALUES ('f08726c7-95a1-4017-aaaf-b26368c2cd7a', 'MIEBI', 'UTULU', '07039660569', 'guest') ON CONFLICT (id) DO NOTHING;
INSERT INTO auth.users (id, instance_id, aud, role, email, encrypted_password, email_confirmed_at, created_at, updated_at) VALUES ('04d4c30f-1e53-4213-9f43-ac94eec684b5', '00000000-0000-0000-0000-000000000000', 'authenticated', 'authenticated', 'no-email-4502@example.com', '$argon2id$v=19$m=65536,t=3,p=4$fQ7fF7Zl6j7Q7fF7Zl6j7A$fQ7fF7Zl6j7Q7fF7Zl6j7A', now(), now(), now()) ON CONFLICT (id) DO NOTHING;
INSERT INTO profiles (id, first_name, last_name, phone, role) VALUES ('04d4c30f-1e53-4213-9f43-ac94eec684b5', 'MR. TOM', 'Unknown', '', 'guest') ON CONFLICT (id) DO NOTHING;
INSERT INTO auth.users (id, instance_id, aud, role, email, encrypted_password, email_confirmed_at, created_at, updated_at) VALUES ('c64c26ae-04bd-427b-a851-20a51a183de5', '00000000-0000-0000-0000-000000000000', 'authenticated', 'authenticated', 'no-email-4517@example.com', '$argon2id$v=19$m=65536,t=3,p=4$fQ7fF7Zl6j7Q7fF7Zl6j7A$fQ7fF7Zl6j7Q7fF7Zl6j7A', now(), now(), now()) ON CONFLICT (id) DO NOTHING;
INSERT INTO profiles (id, first_name, last_name, phone, role) VALUES ('c64c26ae-04bd-427b-a851-20a51a183de5', 'JAMES', 'Unknown', '', 'guest') ON CONFLICT (id) DO NOTHING;
INSERT INTO auth.users (id, instance_id, aud, role, email, encrypted_password, email_confirmed_at, created_at, updated_at) VALUES ('36a9f4dc-c7cb-48e5-a19b-731dab88a378', '00000000-0000-0000-0000-000000000000', 'authenticated', 'authenticated', 'no-email-4519@example.com', '$argon2id$v=19$m=65536,t=3,p=4$fQ7fF7Zl6j7Q7fF7Zl6j7A$fQ7fF7Zl6j7Q7fF7Zl6j7A', now(), now(), now()) ON CONFLICT (id) DO NOTHING;
INSERT INTO profiles (id, first_name, last_name, phone, role) VALUES ('36a9f4dc-c7cb-48e5-a19b-731dab88a378', 'UKACHUKWU', 'UDOCHUKWU', '08185868895', 'guest') ON CONFLICT (id) DO NOTHING;
INSERT INTO auth.users (id, instance_id, aud, role, email, encrypted_password, email_confirmed_at, created_at, updated_at) VALUES ('2c43fefb-e6e7-426d-9341-49d2278ab81c', '00000000-0000-0000-0000-000000000000', 'authenticated', 'authenticated', 'no-email-4522@example.com', '$argon2id$v=19$m=65536,t=3,p=4$fQ7fF7Zl6j7Q7fF7Zl6j7A$fQ7fF7Zl6j7Q7fF7Zl6j7A', now(), now(), now()) ON CONFLICT (id) DO NOTHING;
INSERT INTO profiles (id, first_name, last_name, phone, role) VALUES ('2c43fefb-e6e7-426d-9341-49d2278ab81c', 'MOHAMMED SANI', 'Unknown', '', 'guest') ON CONFLICT (id) DO NOTHING;
INSERT INTO auth.users (id, instance_id, aud, role, email, encrypted_password, email_confirmed_at, created_at, updated_at) VALUES ('824f7941-7776-4999-a174-edb0816966b7', '00000000-0000-0000-0000-000000000000', 'authenticated', 'authenticated', 'no-email-4526@example.com', '$argon2id$v=19$m=65536,t=3,p=4$fQ7fF7Zl6j7Q7fF7Zl6j7A$fQ7fF7Zl6j7Q7fF7Zl6j7A', now(), now(), now()) ON CONFLICT (id) DO NOTHING;
INSERT INTO profiles (id, first_name, last_name, phone, role) VALUES ('824f7941-7776-4999-a174-edb0816966b7', 'CHIEF', 'THOMPSON', '', 'guest') ON CONFLICT (id) DO NOTHING;
INSERT INTO auth.users (id, instance_id, aud, role, email, encrypted_password, email_confirmed_at, created_at, updated_at) VALUES ('49b82864-1670-4a41-9473-e079ea78961b', '00000000-0000-0000-0000-000000000000', 'authenticated', 'authenticated', 'no-email-4528@example.com', '$argon2id$v=19$m=65536,t=3,p=4$fQ7fF7Zl6j7Q7fF7Zl6j7A$fQ7fF7Zl6j7Q7fF7Zl6j7A', now(), now(), now()) ON CONFLICT (id) DO NOTHING;
INSERT INTO profiles (id, first_name, last_name, phone, role) VALUES ('49b82864-1670-4a41-9473-e079ea78961b', 'MICHEAL', 'Unknown', '', 'guest') ON CONFLICT (id) DO NOTHING;
INSERT INTO auth.users (id, instance_id, aud, role, email, encrypted_password, email_confirmed_at, created_at, updated_at) VALUES ('df737eb6-8cb1-4d21-b14a-f0ffbed86c73', '00000000-0000-0000-0000-000000000000', 'authenticated', 'authenticated', 'no-email-4530@example.com', '$argon2id$v=19$m=65536,t=3,p=4$fQ7fF7Zl6j7Q7fF7Zl6j7A$fQ7fF7Zl6j7Q7fF7Zl6j7A', now(), now(), now()) ON CONFLICT (id) DO NOTHING;
INSERT INTO profiles (id, first_name, last_name, phone, role) VALUES ('df737eb6-8cb1-4d21-b14a-f0ffbed86c73', 'ZARUK SALMA', 'Unknown', '', 'guest') ON CONFLICT (id) DO NOTHING;
INSERT INTO auth.users (id, instance_id, aud, role, email, encrypted_password, email_confirmed_at, created_at, updated_at) VALUES ('60a9797e-6c09-46f2-b3a1-888873896467', '00000000-0000-0000-0000-000000000000', 'authenticated', 'authenticated', 'no-email-4537@example.com', '$argon2id$v=19$m=65536,t=3,p=4$fQ7fF7Zl6j7Q7fF7Zl6j7A$fQ7fF7Zl6j7Q7fF7Zl6j7A', now(), now(), now()) ON CONFLICT (id) DO NOTHING;
INSERT INTO profiles (id, first_name, last_name, phone, role) VALUES ('60a9797e-6c09-46f2-b3a1-888873896467', 'UMARU', 'Unknown', '', 'guest') ON CONFLICT (id) DO NOTHING;
INSERT INTO auth.users (id, instance_id, aud, role, email, encrypted_password, email_confirmed_at, created_at, updated_at) VALUES ('e3284107-159a-4940-b532-ab4201886e29', '00000000-0000-0000-0000-000000000000', 'authenticated', 'authenticated', 'no-email-4541@example.com', '$argon2id$v=19$m=65536,t=3,p=4$fQ7fF7Zl6j7Q7fF7Zl6j7A$fQ7fF7Zl6j7Q7fF7Zl6j7A', now(), now(), now()) ON CONFLICT (id) DO NOTHING;
INSERT INTO profiles (id, first_name, last_name, phone, role) VALUES ('e3284107-159a-4940-b532-ab4201886e29', 'UJU', 'Unknown', '', 'guest') ON CONFLICT (id) DO NOTHING;
INSERT INTO auth.users (id, instance_id, aud, role, email, encrypted_password, email_confirmed_at, created_at, updated_at) VALUES ('736a958d-dc5f-49f0-b647-b04f20e328c7', '00000000-0000-0000-0000-000000000000', 'authenticated', 'authenticated', 'no-email-4547@example.com', '$argon2id$v=19$m=65536,t=3,p=4$fQ7fF7Zl6j7Q7fF7Zl6j7A$fQ7fF7Zl6j7Q7fF7Zl6j7A', now(), now(), now()) ON CONFLICT (id) DO NOTHING;
INSERT INTO profiles (id, first_name, last_name, phone, role) VALUES ('736a958d-dc5f-49f0-b647-b04f20e328c7', 'SULEIMAN', 'YUSUF', '', 'guest') ON CONFLICT (id) DO NOTHING;
INSERT INTO auth.users (id, instance_id, aud, role, email, encrypted_password, email_confirmed_at, created_at, updated_at) VALUES ('73e7e96e-a93b-48a2-b6b2-1bad86cc96f6', '00000000-0000-0000-0000-000000000000', 'authenticated', 'authenticated', 'no-email-4551@example.com', '$argon2id$v=19$m=65536,t=3,p=4$fQ7fF7Zl6j7Q7fF7Zl6j7A$fQ7fF7Zl6j7Q7fF7Zl6j7A', now(), now(), now()) ON CONFLICT (id) DO NOTHING;
INSERT INTO profiles (id, first_name, last_name, phone, role) VALUES ('73e7e96e-a93b-48a2-b6b2-1bad86cc96f6', 'MONA', 'J', '', 'guest') ON CONFLICT (id) DO NOTHING;
INSERT INTO auth.users (id, instance_id, aud, role, email, encrypted_password, email_confirmed_at, created_at, updated_at) VALUES ('f88135df-1ad5-4984-98e1-2212d4942abe', '00000000-0000-0000-0000-000000000000', 'authenticated', 'authenticated', 'no-email-4554@example.com', '$argon2id$v=19$m=65536,t=3,p=4$fQ7fF7Zl6j7Q7fF7Zl6j7A$fQ7fF7Zl6j7Q7fF7Zl6j7A', now(), now(), now()) ON CONFLICT (id) DO NOTHING;
INSERT INTO profiles (id, first_name, last_name, phone, role) VALUES ('f88135df-1ad5-4984-98e1-2212d4942abe', 'EDWINA', 'ANAELE', '08033148725', 'guest') ON CONFLICT (id) DO NOTHING;
INSERT INTO auth.users (id, instance_id, aud, role, email, encrypted_password, email_confirmed_at, created_at, updated_at) VALUES ('b82b6220-7223-45f5-b11a-33b9956d3b8a', '00000000-0000-0000-0000-000000000000', 'authenticated', 'authenticated', 'no-email-4557@example.com', '$argon2id$v=19$m=65536,t=3,p=4$fQ7fF7Zl6j7Q7fF7Zl6j7A$fQ7fF7Zl6j7Q7fF7Zl6j7A', now(), now(), now()) ON CONFLICT (id) DO NOTHING;
INSERT INTO profiles (id, first_name, last_name, phone, role) VALUES ('b82b6220-7223-45f5-b11a-33b9956d3b8a', 'EDWINA', 'ANAELE', '08033148725', 'guest') ON CONFLICT (id) DO NOTHING;
INSERT INTO auth.users (id, instance_id, aud, role, email, encrypted_password, email_confirmed_at, created_at, updated_at) VALUES ('1313c804-e270-4492-b66b-fb26ba42bd30', '00000000-0000-0000-0000-000000000000', 'authenticated', 'authenticated', 'no-email-4561@example.com', '$argon2id$v=19$m=65536,t=3,p=4$fQ7fF7Zl6j7Q7fF7Zl6j7A$fQ7fF7Zl6j7Q7fF7Zl6j7A', now(), now(), now()) ON CONFLICT (id) DO NOTHING;
INSERT INTO profiles (id, first_name, last_name, phone, role) VALUES ('1313c804-e270-4492-b66b-fb26ba42bd30', 'MR. TOM', 'Unknown', '', 'guest') ON CONFLICT (id) DO NOTHING;
INSERT INTO auth.users (id, instance_id, aud, role, email, encrypted_password, email_confirmed_at, created_at, updated_at) VALUES ('dd51321a-4777-4743-ac42-7bf4f477d80a', '00000000-0000-0000-0000-000000000000', 'authenticated', 'authenticated', 'no-email-4566@example.com', '$argon2id$v=19$m=65536,t=3,p=4$fQ7fF7Zl6j7Q7fF7Zl6j7A$fQ7fF7Zl6j7Q7fF7Zl6j7A', now(), now(), now()) ON CONFLICT (id) DO NOTHING;
INSERT INTO profiles (id, first_name, last_name, phone, role) VALUES ('dd51321a-4777-4743-ac42-7bf4f477d80a', 'DEBORAH', 'Unknown', '', 'guest') ON CONFLICT (id) DO NOTHING;
INSERT INTO auth.users (id, instance_id, aud, role, email, encrypted_password, email_confirmed_at, created_at, updated_at) VALUES ('8509fb2e-1afd-454a-b91c-ea4f298344ef', '00000000-0000-0000-0000-000000000000', 'authenticated', 'authenticated', 'no-email-4573@example.com', '$argon2id$v=19$m=65536,t=3,p=4$fQ7fF7Zl6j7Q7fF7Zl6j7A$fQ7fF7Zl6j7Q7fF7Zl6j7A', now(), now(), now()) ON CONFLICT (id) DO NOTHING;
INSERT INTO profiles (id, first_name, last_name, phone, role) VALUES ('8509fb2e-1afd-454a-b91c-ea4f298344ef', 'CHIEF', 'THOMPSON', '', 'guest') ON CONFLICT (id) DO NOTHING;
INSERT INTO auth.users (id, instance_id, aud, role, email, encrypted_password, email_confirmed_at, created_at, updated_at) VALUES ('5c66d45e-039e-49c7-a9ed-d8a5329682ad', '00000000-0000-0000-0000-000000000000', 'authenticated', 'authenticated', 'no-email-4577@example.com', '$argon2id$v=19$m=65536,t=3,p=4$fQ7fF7Zl6j7Q7fF7Zl6j7A$fQ7fF7Zl6j7Q7fF7Zl6j7A', now(), now(), now()) ON CONFLICT (id) DO NOTHING;
INSERT INTO profiles (id, first_name, last_name, phone, role) VALUES ('5c66d45e-039e-49c7-a9ed-d8a5329682ad', 'JACINTA', 'Unknown', '', 'guest') ON CONFLICT (id) DO NOTHING;
INSERT INTO auth.users (id, instance_id, aud, role, email, encrypted_password, email_confirmed_at, created_at, updated_at) VALUES ('ad8e806c-ed59-4ddb-a58c-4190e0105c5e', '00000000-0000-0000-0000-000000000000', 'authenticated', 'authenticated', 'no-email-4580@example.com', '$argon2id$v=19$m=65536,t=3,p=4$fQ7fF7Zl6j7Q7fF7Zl6j7A$fQ7fF7Zl6j7Q7fF7Zl6j7A', now(), now(), now()) ON CONFLICT (id) DO NOTHING;
INSERT INTO profiles (id, first_name, last_name, phone, role) VALUES ('ad8e806c-ed59-4ddb-a58c-4190e0105c5e', 'CHIEF', 'THOMPSON', '', 'guest') ON CONFLICT (id) DO NOTHING;
INSERT INTO auth.users (id, instance_id, aud, role, email, encrypted_password, email_confirmed_at, created_at, updated_at) VALUES ('0f14dffe-a425-4bf7-8430-c11bb830d0e3', '00000000-0000-0000-0000-000000000000', 'authenticated', 'authenticated', 'no-email-4584@example.com', '$argon2id$v=19$m=65536,t=3,p=4$fQ7fF7Zl6j7Q7fF7Zl6j7A$fQ7fF7Zl6j7Q7fF7Zl6j7A', now(), now(), now()) ON CONFLICT (id) DO NOTHING;
INSERT INTO profiles (id, first_name, last_name, phone, role) VALUES ('0f14dffe-a425-4bf7-8430-c11bb830d0e3', 'TEDDY', 'Unknown', '', 'guest') ON CONFLICT (id) DO NOTHING;
INSERT INTO auth.users (id, instance_id, aud, role, email, encrypted_password, email_confirmed_at, created_at, updated_at) VALUES ('da6e871c-ef3f-4d5d-9fb0-43df11e267bb', '00000000-0000-0000-0000-000000000000', 'authenticated', 'authenticated', 'no-email-4591@example.com', '$argon2id$v=19$m=65536,t=3,p=4$fQ7fF7Zl6j7Q7fF7Zl6j7A$fQ7fF7Zl6j7Q7fF7Zl6j7A', now(), now(), now()) ON CONFLICT (id) DO NOTHING;
INSERT INTO profiles (id, first_name, last_name, phone, role) VALUES ('da6e871c-ef3f-4d5d-9fb0-43df11e267bb', 'FAREEDA', 'Unknown', '', 'guest') ON CONFLICT (id) DO NOTHING;
INSERT INTO auth.users (id, instance_id, aud, role, email, encrypted_password, email_confirmed_at, created_at, updated_at) VALUES ('2fcac9c9-b5d0-41eb-b1d9-b1d685760a97', '00000000-0000-0000-0000-000000000000', 'authenticated', 'authenticated', 'no-email-4594@example.com', '$argon2id$v=19$m=65536,t=3,p=4$fQ7fF7Zl6j7Q7fF7Zl6j7A$fQ7fF7Zl6j7Q7fF7Zl6j7A', now(), now(), now()) ON CONFLICT (id) DO NOTHING;
INSERT INTO profiles (id, first_name, last_name, phone, role) VALUES ('2fcac9c9-b5d0-41eb-b1d9-b1d685760a97', 'JACINTA', 'Unknown', '', 'guest') ON CONFLICT (id) DO NOTHING;
INSERT INTO auth.users (id, instance_id, aud, role, email, encrypted_password, email_confirmed_at, created_at, updated_at) VALUES ('55a370e3-e11f-43e5-b5a2-c60655ebaf86', '00000000-0000-0000-0000-000000000000', 'authenticated', 'authenticated', 'no-email-4599@example.com', '$argon2id$v=19$m=65536,t=3,p=4$fQ7fF7Zl6j7Q7fF7Zl6j7A$fQ7fF7Zl6j7Q7fF7Zl6j7A', now(), now(), now()) ON CONFLICT (id) DO NOTHING;
INSERT INTO profiles (id, first_name, last_name, phone, role) VALUES ('55a370e3-e11f-43e5-b5a2-c60655ebaf86', 'AYOMIDE', 'Unknown', '', 'guest') ON CONFLICT (id) DO NOTHING;
INSERT INTO auth.users (id, instance_id, aud, role, email, encrypted_password, email_confirmed_at, created_at, updated_at) VALUES ('ad8c8c59-eb93-4d7a-ac50-deb77ef56156', '00000000-0000-0000-0000-000000000000', 'authenticated', 'authenticated', 'no-email-4605@example.com', '$argon2id$v=19$m=65536,t=3,p=4$fQ7fF7Zl6j7Q7fF7Zl6j7A$fQ7fF7Zl6j7Q7fF7Zl6j7A', now(), now(), now()) ON CONFLICT (id) DO NOTHING;
INSERT INTO profiles (id, first_name, last_name, phone, role) VALUES ('ad8c8c59-eb93-4d7a-ac50-deb77ef56156', 'OFORDU', 'PRECIOUS', '', 'guest') ON CONFLICT (id) DO NOTHING;
INSERT INTO auth.users (id, instance_id, aud, role, email, encrypted_password, email_confirmed_at, created_at, updated_at) VALUES ('6824458f-1204-491c-ba3d-9d63ac42f7f6', '00000000-0000-0000-0000-000000000000', 'authenticated', 'authenticated', 'no-email-4610@example.com', '$argon2id$v=19$m=65536,t=3,p=4$fQ7fF7Zl6j7Q7fF7Zl6j7A$fQ7fF7Zl6j7Q7fF7Zl6j7A', now(), now(), now()) ON CONFLICT (id) DO NOTHING;
INSERT INTO profiles (id, first_name, last_name, phone, role) VALUES ('6824458f-1204-491c-ba3d-9d63ac42f7f6', 'ABEL', 'JERRY', '', 'guest') ON CONFLICT (id) DO NOTHING;
INSERT INTO auth.users (id, instance_id, aud, role, email, encrypted_password, email_confirmed_at, created_at, updated_at) VALUES ('38c9abb3-b27c-427f-8508-8e57a8ca827a', '00000000-0000-0000-0000-000000000000', 'authenticated', 'authenticated', 'no-email-4617@example.com', '$argon2id$v=19$m=65536,t=3,p=4$fQ7fF7Zl6j7Q7fF7Zl6j7A$fQ7fF7Zl6j7Q7fF7Zl6j7A', now(), now(), now()) ON CONFLICT (id) DO NOTHING;
INSERT INTO profiles (id, first_name, last_name, phone, role) VALUES ('38c9abb3-b27c-427f-8508-8e57a8ca827a', 'AYOMIDE', 'Unknown', '', 'guest') ON CONFLICT (id) DO NOTHING;
INSERT INTO auth.users (id, instance_id, aud, role, email, encrypted_password, email_confirmed_at, created_at, updated_at) VALUES ('f32e0fdc-9f9c-4154-8707-0f723ae31185', '00000000-0000-0000-0000-000000000000', 'authenticated', 'authenticated', 'no-email-4619@example.com', '$argon2id$v=19$m=65536,t=3,p=4$fQ7fF7Zl6j7Q7fF7Zl6j7A$fQ7fF7Zl6j7Q7fF7Zl6j7A', now(), now(), now()) ON CONFLICT (id) DO NOTHING;
INSERT INTO profiles (id, first_name, last_name, phone, role) VALUES ('f32e0fdc-9f9c-4154-8707-0f723ae31185', 'SADIYA JAFAR', 'Unknown', '', 'guest') ON CONFLICT (id) DO NOTHING;
INSERT INTO auth.users (id, instance_id, aud, role, email, encrypted_password, email_confirmed_at, created_at, updated_at) VALUES ('fc8af322-d528-49e1-9e31-8afda4843d3a', '00000000-0000-0000-0000-000000000000', 'authenticated', 'authenticated', 'no-email-4622@example.com', '$argon2id$v=19$m=65536,t=3,p=4$fQ7fF7Zl6j7Q7fF7Zl6j7A$fQ7fF7Zl6j7Q7fF7Zl6j7A', now(), now(), now()) ON CONFLICT (id) DO NOTHING;
INSERT INTO profiles (id, first_name, last_name, phone, role) VALUES ('fc8af322-d528-49e1-9e31-8afda4843d3a', 'AYOMIDE', 'Unknown', '', 'guest') ON CONFLICT (id) DO NOTHING;
INSERT INTO auth.users (id, instance_id, aud, role, email, encrypted_password, email_confirmed_at, created_at, updated_at) VALUES ('c832e31a-0215-4d2e-b5e9-ddc3c32cbcb2', '00000000-0000-0000-0000-000000000000', 'authenticated', 'authenticated', 'no-email-4625@example.com', '$argon2id$v=19$m=65536,t=3,p=4$fQ7fF7Zl6j7Q7fF7Zl6j7A$fQ7fF7Zl6j7Q7fF7Zl6j7A', now(), now(), now()) ON CONFLICT (id) DO NOTHING;
INSERT INTO profiles (id, first_name, last_name, phone, role) VALUES ('c832e31a-0215-4d2e-b5e9-ddc3c32cbcb2', 'SADIYA JAFAR', 'Unknown', '', 'guest') ON CONFLICT (id) DO NOTHING;
INSERT INTO auth.users (id, instance_id, aud, role, email, encrypted_password, email_confirmed_at, created_at, updated_at) VALUES ('0f23d583-34f0-4c0e-baa7-e6c9215bf046', '00000000-0000-0000-0000-000000000000', 'authenticated', 'authenticated', 'no-email-4627@example.com', '$argon2id$v=19$m=65536,t=3,p=4$fQ7fF7Zl6j7Q7fF7Zl6j7A$fQ7fF7Zl6j7Q7fF7Zl6j7A', now(), now(), now()) ON CONFLICT (id) DO NOTHING;
INSERT INTO profiles (id, first_name, last_name, phone, role) VALUES ('0f23d583-34f0-4c0e-baa7-e6c9215bf046', 'ABAYOMI', 'Unknown', '', 'guest') ON CONFLICT (id) DO NOTHING;
INSERT INTO auth.users (id, instance_id, aud, role, email, encrypted_password, email_confirmed_at, created_at, updated_at) VALUES ('54dbc690-da34-439d-a145-d4a0b37e19af', '00000000-0000-0000-0000-000000000000', 'authenticated', 'authenticated', 'no-email-4631@example.com', '$argon2id$v=19$m=65536,t=3,p=4$fQ7fF7Zl6j7Q7fF7Zl6j7A$fQ7fF7Zl6j7Q7fF7Zl6j7A', now(), now(), now()) ON CONFLICT (id) DO NOTHING;
INSERT INTO profiles (id, first_name, last_name, phone, role) VALUES ('54dbc690-da34-439d-a145-d4a0b37e19af', 'GABRIEL', 'FUNOM', '', 'guest') ON CONFLICT (id) DO NOTHING;
INSERT INTO auth.users (id, instance_id, aud, role, email, encrypted_password, email_confirmed_at, created_at, updated_at) VALUES ('0c7374b4-fcef-48e3-8817-83fa8b79456d', '00000000-0000-0000-0000-000000000000', 'authenticated', 'authenticated', 'no-email-4634@example.com', '$argon2id$v=19$m=65536,t=3,p=4$fQ7fF7Zl6j7Q7fF7Zl6j7A$fQ7fF7Zl6j7Q7fF7Zl6j7A', now(), now(), now()) ON CONFLICT (id) DO NOTHING;
INSERT INTO profiles (id, first_name, last_name, phone, role) VALUES ('0c7374b4-fcef-48e3-8817-83fa8b79456d', 'HELEN', 'Unknown', '', 'guest') ON CONFLICT (id) DO NOTHING;
INSERT INTO auth.users (id, instance_id, aud, role, email, encrypted_password, email_confirmed_at, created_at, updated_at) VALUES ('1f698904-006d-4749-9141-ae5f94a52d2e', '00000000-0000-0000-0000-000000000000', 'authenticated', 'authenticated', 'no-email-4639@example.com', '$argon2id$v=19$m=65536,t=3,p=4$fQ7fF7Zl6j7Q7fF7Zl6j7A$fQ7fF7Zl6j7Q7fF7Zl6j7A', now(), now(), now()) ON CONFLICT (id) DO NOTHING;
INSERT INTO profiles (id, first_name, last_name, phone, role) VALUES ('1f698904-006d-4749-9141-ae5f94a52d2e', 'SHETTIMA', 'Unknown', '', 'guest') ON CONFLICT (id) DO NOTHING;
INSERT INTO auth.users (id, instance_id, aud, role, email, encrypted_password, email_confirmed_at, created_at, updated_at) VALUES ('44ac0c1e-6a19-46a4-b57f-28e6b4814b6e', '00000000-0000-0000-0000-000000000000', 'authenticated', 'authenticated', 'no-email-4642@example.com', '$argon2id$v=19$m=65536,t=3,p=4$fQ7fF7Zl6j7Q7fF7Zl6j7A$fQ7fF7Zl6j7Q7fF7Zl6j7A', now(), now(), now()) ON CONFLICT (id) DO NOTHING;
INSERT INTO profiles (id, first_name, last_name, phone, role) VALUES ('44ac0c1e-6a19-46a4-b57f-28e6b4814b6e', 'SALEM', 'Unknown', '', 'guest') ON CONFLICT (id) DO NOTHING;
INSERT INTO auth.users (id, instance_id, aud, role, email, encrypted_password, email_confirmed_at, created_at, updated_at) VALUES ('4a745f6a-6b1b-4c8c-bd26-bd2a8215d224', '00000000-0000-0000-0000-000000000000', 'authenticated', 'authenticated', 'no-email-4651@example.com', '$argon2id$v=19$m=65536,t=3,p=4$fQ7fF7Zl6j7Q7fF7Zl6j7A$fQ7fF7Zl6j7Q7fF7Zl6j7A', now(), now(), now()) ON CONFLICT (id) DO NOTHING;
INSERT INTO profiles (id, first_name, last_name, phone, role) VALUES ('4a745f6a-6b1b-4c8c-bd26-bd2a8215d224', 'AHMADU', 'MOHAMMED', '08036129655', 'guest') ON CONFLICT (id) DO NOTHING;
INSERT INTO auth.users (id, instance_id, aud, role, email, encrypted_password, email_confirmed_at, created_at, updated_at) VALUES ('2d08232b-401c-489e-b891-ecabe5bfaa5d', '00000000-0000-0000-0000-000000000000', 'authenticated', 'authenticated', 'no-email-4656@example.com', '$argon2id$v=19$m=65536,t=3,p=4$fQ7fF7Zl6j7Q7fF7Zl6j7A$fQ7fF7Zl6j7Q7fF7Zl6j7A', now(), now(), now()) ON CONFLICT (id) DO NOTHING;
INSERT INTO profiles (id, first_name, last_name, phone, role) VALUES ('2d08232b-401c-489e-b891-ecabe5bfaa5d', 'IBRAHIM', 'ABUBAKAR', '08033111957', 'guest') ON CONFLICT (id) DO NOTHING;
INSERT INTO auth.users (id, instance_id, aud, role, email, encrypted_password, email_confirmed_at, created_at, updated_at) VALUES ('a2d6eb96-af81-4871-b7a2-8a5450b30a88', '00000000-0000-0000-0000-000000000000', 'authenticated', 'authenticated', 'no-email-4659@example.com', '$argon2id$v=19$m=65536,t=3,p=4$fQ7fF7Zl6j7Q7fF7Zl6j7A$fQ7fF7Zl6j7Q7fF7Zl6j7A', now(), now(), now()) ON CONFLICT (id) DO NOTHING;
INSERT INTO profiles (id, first_name, last_name, phone, role) VALUES ('a2d6eb96-af81-4871-b7a2-8a5450b30a88', 'PATIENCE', 'Unknown', '', 'guest') ON CONFLICT (id) DO NOTHING;
INSERT INTO auth.users (id, instance_id, aud, role, email, encrypted_password, email_confirmed_at, created_at, updated_at) VALUES ('912dddbe-055a-4b0f-9d3f-ab4688ca2790', '00000000-0000-0000-0000-000000000000', 'authenticated', 'authenticated', 'no-email-4663@example.com', '$argon2id$v=19$m=65536,t=3,p=4$fQ7fF7Zl6j7Q7fF7Zl6j7A$fQ7fF7Zl6j7Q7fF7Zl6j7A', now(), now(), now()) ON CONFLICT (id) DO NOTHING;
INSERT INTO profiles (id, first_name, last_name, phone, role) VALUES ('912dddbe-055a-4b0f-9d3f-ab4688ca2790', 'MICHAEL', 'FRANCIS', '07039959327', 'guest') ON CONFLICT (id) DO NOTHING;
INSERT INTO auth.users (id, instance_id, aud, role, email, encrypted_password, email_confirmed_at, created_at, updated_at) VALUES ('d5f83ec1-12eb-44c6-80f2-808ecf95a813', '00000000-0000-0000-0000-000000000000', 'authenticated', 'authenticated', 'no-email-4666@example.com', '$argon2id$v=19$m=65536,t=3,p=4$fQ7fF7Zl6j7Q7fF7Zl6j7A$fQ7fF7Zl6j7Q7fF7Zl6j7A', now(), now(), now()) ON CONFLICT (id) DO NOTHING;
INSERT INTO profiles (id, first_name, last_name, phone, role) VALUES ('d5f83ec1-12eb-44c6-80f2-808ecf95a813', 'DAMILOLA', 'OBAFEMI', '', 'guest') ON CONFLICT (id) DO NOTHING;
INSERT INTO auth.users (id, instance_id, aud, role, email, encrypted_password, email_confirmed_at, created_at, updated_at) VALUES ('8fe1e356-319a-49af-847d-fc7bb734290a', '00000000-0000-0000-0000-000000000000', 'authenticated', 'authenticated', 'no-email-4670@example.com', '$argon2id$v=19$m=65536,t=3,p=4$fQ7fF7Zl6j7Q7fF7Zl6j7A$fQ7fF7Zl6j7Q7fF7Zl6j7A', now(), now(), now()) ON CONFLICT (id) DO NOTHING;
INSERT INTO profiles (id, first_name, last_name, phone, role) VALUES ('8fe1e356-319a-49af-847d-fc7bb734290a', 'RUKEVWE', 'AGBAYE', '09014263647', 'guest') ON CONFLICT (id) DO NOTHING;
INSERT INTO auth.users (id, instance_id, aud, role, email, encrypted_password, email_confirmed_at, created_at, updated_at) VALUES ('90dbb053-927a-4757-ad55-2951e99022f1', '00000000-0000-0000-0000-000000000000', 'authenticated', 'authenticated', 'no-email-4675@example.com', '$argon2id$v=19$m=65536,t=3,p=4$fQ7fF7Zl6j7Q7fF7Zl6j7A$fQ7fF7Zl6j7Q7fF7Zl6j7A', now(), now(), now()) ON CONFLICT (id) DO NOTHING;
INSERT INTO profiles (id, first_name, last_name, phone, role) VALUES ('90dbb053-927a-4757-ad55-2951e99022f1', 'ABU', 'Unknown', '', 'guest') ON CONFLICT (id) DO NOTHING;
INSERT INTO auth.users (id, instance_id, aud, role, email, encrypted_password, email_confirmed_at, created_at, updated_at) VALUES ('e598ca9a-a4fe-4f3a-9505-69edef2ef567', '00000000-0000-0000-0000-000000000000', 'authenticated', 'authenticated', 'no-email-4677@example.com', '$argon2id$v=19$m=65536,t=3,p=4$fQ7fF7Zl6j7Q7fF7Zl6j7A$fQ7fF7Zl6j7Q7fF7Zl6j7A', now(), now(), now()) ON CONFLICT (id) DO NOTHING;
INSERT INTO profiles (id, first_name, last_name, phone, role) VALUES ('e598ca9a-a4fe-4f3a-9505-69edef2ef567', 'ABU', 'Unknown', '', 'guest') ON CONFLICT (id) DO NOTHING;
INSERT INTO auth.users (id, instance_id, aud, role, email, encrypted_password, email_confirmed_at, created_at, updated_at) VALUES ('f9d7a27b-e3c4-4287-9a55-7fd70f77d571', '00000000-0000-0000-0000-000000000000', 'authenticated', 'authenticated', 'no-email-4680@example.com', '$argon2id$v=19$m=65536,t=3,p=4$fQ7fF7Zl6j7Q7fF7Zl6j7A$fQ7fF7Zl6j7Q7fF7Zl6j7A', now(), now(), now()) ON CONFLICT (id) DO NOTHING;
INSERT INTO profiles (id, first_name, last_name, phone, role) VALUES ('f9d7a27b-e3c4-4287-9a55-7fd70f77d571', 'SMART OSINACHI', 'EZE', '09138709007', 'guest') ON CONFLICT (id) DO NOTHING;
INSERT INTO auth.users (id, instance_id, aud, role, email, encrypted_password, email_confirmed_at, created_at, updated_at) VALUES ('42c06aff-a50c-4385-8b2f-e9b7fba5d3d5', '00000000-0000-0000-0000-000000000000', 'authenticated', 'authenticated', 'no-email-4684@example.com', '$argon2id$v=19$m=65536,t=3,p=4$fQ7fF7Zl6j7Q7fF7Zl6j7A$fQ7fF7Zl6j7Q7fF7Zl6j7A', now(), now(), now()) ON CONFLICT (id) DO NOTHING;
INSERT INTO profiles (id, first_name, last_name, phone, role) VALUES ('42c06aff-a50c-4385-8b2f-e9b7fba5d3d5', 'AISHA', 'Unknown', '', 'guest') ON CONFLICT (id) DO NOTHING;
INSERT INTO auth.users (id, instance_id, aud, role, email, encrypted_password, email_confirmed_at, created_at, updated_at) VALUES ('31ce0f27-4a3c-42b7-951f-c8e7619a694c', '00000000-0000-0000-0000-000000000000', 'authenticated', 'authenticated', 'no-email-4688@example.com', '$argon2id$v=19$m=65536,t=3,p=4$fQ7fF7Zl6j7Q7fF7Zl6j7A$fQ7fF7Zl6j7Q7fF7Zl6j7A', now(), now(), now()) ON CONFLICT (id) DO NOTHING;
INSERT INTO profiles (id, first_name, last_name, phone, role) VALUES ('31ce0f27-4a3c-42b7-951f-c8e7619a694c', 'AHMADU', 'MOHAMMED', '08036129655', 'guest') ON CONFLICT (id) DO NOTHING;
INSERT INTO auth.users (id, instance_id, aud, role, email, encrypted_password, email_confirmed_at, created_at, updated_at) VALUES ('32e83f8a-5a2f-419c-aa9f-e58813a74230', '00000000-0000-0000-0000-000000000000', 'authenticated', 'authenticated', 'no-email-4691@example.com', '$argon2id$v=19$m=65536,t=3,p=4$fQ7fF7Zl6j7Q7fF7Zl6j7A$fQ7fF7Zl6j7Q7fF7Zl6j7A', now(), now(), now()) ON CONFLICT (id) DO NOTHING;
INSERT INTO profiles (id, first_name, last_name, phone, role) VALUES ('32e83f8a-5a2f-419c-aa9f-e58813a74230', 'MICHAEL', 'FRANCIS', '07039959327', 'guest') ON CONFLICT (id) DO NOTHING;
INSERT INTO auth.users (id, instance_id, aud, role, email, encrypted_password, email_confirmed_at, created_at, updated_at) VALUES ('f9f9abc4-8713-4a29-88bb-633d5c0fc3c6', '00000000-0000-0000-0000-000000000000', 'authenticated', 'authenticated', 'no-email-4695@example.com', '$argon2id$v=19$m=65536,t=3,p=4$fQ7fF7Zl6j7Q7fF7Zl6j7A$fQ7fF7Zl6j7Q7fF7Zl6j7A', now(), now(), now()) ON CONFLICT (id) DO NOTHING;
INSERT INTO profiles (id, first_name, last_name, phone, role) VALUES ('f9f9abc4-8713-4a29-88bb-633d5c0fc3c6', 'CHIGOZIE', 'Unknown', '', 'guest') ON CONFLICT (id) DO NOTHING;
INSERT INTO auth.users (id, instance_id, aud, role, email, encrypted_password, email_confirmed_at, created_at, updated_at) VALUES ('0cf01017-b901-4e5d-91d0-a3704080d27e', '00000000-0000-0000-0000-000000000000', 'authenticated', 'authenticated', 'no-email-4698@example.com', '$argon2id$v=19$m=65536,t=3,p=4$fQ7fF7Zl6j7Q7fF7Zl6j7A$fQ7fF7Zl6j7Q7fF7Zl6j7A', now(), now(), now()) ON CONFLICT (id) DO NOTHING;
INSERT INTO profiles (id, first_name, last_name, phone, role) VALUES ('0cf01017-b901-4e5d-91d0-a3704080d27e', 'PROSPER', 'Unknown', '', 'guest') ON CONFLICT (id) DO NOTHING;
INSERT INTO auth.users (id, instance_id, aud, role, email, encrypted_password, email_confirmed_at, created_at, updated_at) VALUES ('aa1636fd-cffa-4b9c-913b-f6bd2e8043a9', '00000000-0000-0000-0000-000000000000', 'authenticated', 'authenticated', 'no-email-4709@example.com', '$argon2id$v=19$m=65536,t=3,p=4$fQ7fF7Zl6j7Q7fF7Zl6j7A$fQ7fF7Zl6j7Q7fF7Zl6j7A', now(), now(), now()) ON CONFLICT (id) DO NOTHING;
INSERT INTO profiles (id, first_name, last_name, phone, role) VALUES ('aa1636fd-cffa-4b9c-913b-f6bd2e8043a9', 'ISAH', 'Unknown', '', 'guest') ON CONFLICT (id) DO NOTHING;
INSERT INTO auth.users (id, instance_id, aud, role, email, encrypted_password, email_confirmed_at, created_at, updated_at) VALUES ('5fe211bc-00ef-4620-937e-a22deb87c366', '00000000-0000-0000-0000-000000000000', 'authenticated', 'authenticated', 'no-email-4712@example.com', '$argon2id$v=19$m=65536,t=3,p=4$fQ7fF7Zl6j7Q7fF7Zl6j7A$fQ7fF7Zl6j7Q7fF7Zl6j7A', now(), now(), now()) ON CONFLICT (id) DO NOTHING;
INSERT INTO profiles (id, first_name, last_name, phone, role) VALUES ('5fe211bc-00ef-4620-937e-a22deb87c366', 'ABEL', 'Unknown', '', 'guest') ON CONFLICT (id) DO NOTHING;
INSERT INTO auth.users (id, instance_id, aud, role, email, encrypted_password, email_confirmed_at, created_at, updated_at) VALUES ('730d8c04-a528-4207-b9af-b26fb9ed2aaf', '00000000-0000-0000-0000-000000000000', 'authenticated', 'authenticated', 'no-email-4719@example.com', '$argon2id$v=19$m=65536,t=3,p=4$fQ7fF7Zl6j7Q7fF7Zl6j7A$fQ7fF7Zl6j7Q7fF7Zl6j7A', now(), now(), now()) ON CONFLICT (id) DO NOTHING;
INSERT INTO profiles (id, first_name, last_name, phone, role) VALUES ('730d8c04-a528-4207-b9af-b26fb9ed2aaf', 'MICHAEL', 'FRANCIS', '07039959327', 'guest') ON CONFLICT (id) DO NOTHING;
INSERT INTO auth.users (id, instance_id, aud, role, email, encrypted_password, email_confirmed_at, created_at, updated_at) VALUES ('3d7af6e1-e7d1-412c-9b4e-47e4548fcd9b', '00000000-0000-0000-0000-000000000000', 'authenticated', 'authenticated', 'no-email-4724@example.com', '$argon2id$v=19$m=65536,t=3,p=4$fQ7fF7Zl6j7Q7fF7Zl6j7A$fQ7fF7Zl6j7Q7fF7Zl6j7A', now(), now(), now()) ON CONFLICT (id) DO NOTHING;
INSERT INTO profiles (id, first_name, last_name, phone, role) VALUES ('3d7af6e1-e7d1-412c-9b4e-47e4548fcd9b', 'ISAH', 'TIJJANI', '', 'guest') ON CONFLICT (id) DO NOTHING;
INSERT INTO auth.users (id, instance_id, aud, role, email, encrypted_password, email_confirmed_at, created_at, updated_at) VALUES ('c0e37d09-6fc7-4781-8182-c378cf353e1c', '00000000-0000-0000-0000-000000000000', 'authenticated', 'authenticated', 'no-email-4729@example.com', '$argon2id$v=19$m=65536,t=3,p=4$fQ7fF7Zl6j7Q7fF7Zl6j7A$fQ7fF7Zl6j7Q7fF7Zl6j7A', now(), now(), now()) ON CONFLICT (id) DO NOTHING;
INSERT INTO profiles (id, first_name, last_name, phone, role) VALUES ('c0e37d09-6fc7-4781-8182-c378cf353e1c', 'MUYI', 'Unknown', '', 'guest') ON CONFLICT (id) DO NOTHING;
INSERT INTO auth.users (id, instance_id, aud, role, email, encrypted_password, email_confirmed_at, created_at, updated_at) VALUES ('04ec9848-3ce7-4f2f-baad-2ba52edaf9b0', '00000000-0000-0000-0000-000000000000', 'authenticated', 'authenticated', 'no-email-4732@example.com', '$argon2id$v=19$m=65536,t=3,p=4$fQ7fF7Zl6j7Q7fF7Zl6j7A$fQ7fF7Zl6j7Q7fF7Zl6j7A', now(), now(), now()) ON CONFLICT (id) DO NOTHING;
INSERT INTO profiles (id, first_name, last_name, phone, role) VALUES ('04ec9848-3ce7-4f2f-baad-2ba52edaf9b0', 'ABUBAKAR', 'IBRAHIM', '', 'guest') ON CONFLICT (id) DO NOTHING;
INSERT INTO auth.users (id, instance_id, aud, role, email, encrypted_password, email_confirmed_at, created_at, updated_at) VALUES ('047f3797-6394-4f71-b9da-1223e1f2b4ef', '00000000-0000-0000-0000-000000000000', 'authenticated', 'authenticated', 'no-email-4735@example.com', '$argon2id$v=19$m=65536,t=3,p=4$fQ7fF7Zl6j7Q7fF7Zl6j7A$fQ7fF7Zl6j7Q7fF7Zl6j7A', now(), now(), now()) ON CONFLICT (id) DO NOTHING;
INSERT INTO profiles (id, first_name, last_name, phone, role) VALUES ('047f3797-6394-4f71-b9da-1223e1f2b4ef', 'VICTOR', 'THOMPSON', '', 'guest') ON CONFLICT (id) DO NOTHING;
INSERT INTO auth.users (id, instance_id, aud, role, email, encrypted_password, email_confirmed_at, created_at, updated_at) VALUES ('34a02403-0070-457e-b60a-94b0a0b521c4', '00000000-0000-0000-0000-000000000000', 'authenticated', 'authenticated', 'no-email-4738@example.com', '$argon2id$v=19$m=65536,t=3,p=4$fQ7fF7Zl6j7Q7fF7Zl6j7A$fQ7fF7Zl6j7Q7fF7Zl6j7A', now(), now(), now()) ON CONFLICT (id) DO NOTHING;
INSERT INTO profiles (id, first_name, last_name, phone, role) VALUES ('34a02403-0070-457e-b60a-94b0a0b521c4', 'FATIMA', 'JIBRIL', '', 'guest') ON CONFLICT (id) DO NOTHING;
INSERT INTO auth.users (id, instance_id, aud, role, email, encrypted_password, email_confirmed_at, created_at, updated_at) VALUES ('f897caf8-fa4d-4cf6-9aab-6ddafe568620', '00000000-0000-0000-0000-000000000000', 'authenticated', 'authenticated', 'no-email-4746@example.com', '$argon2id$v=19$m=65536,t=3,p=4$fQ7fF7Zl6j7Q7fF7Zl6j7A$fQ7fF7Zl6j7Q7fF7Zl6j7A', now(), now(), now()) ON CONFLICT (id) DO NOTHING;
INSERT INTO profiles (id, first_name, last_name, phone, role) VALUES ('f897caf8-fa4d-4cf6-9aab-6ddafe568620', 'MICHAEL', 'Unknown', '', 'guest') ON CONFLICT (id) DO NOTHING;
INSERT INTO auth.users (id, instance_id, aud, role, email, encrypted_password, email_confirmed_at, created_at, updated_at) VALUES ('30ac0903-8af1-40f2-8039-78ddf38b27b4', '00000000-0000-0000-0000-000000000000', 'authenticated', 'authenticated', 'no-email-4755@example.com', '$argon2id$v=19$m=65536,t=3,p=4$fQ7fF7Zl6j7Q7fF7Zl6j7A$fQ7fF7Zl6j7Q7fF7Zl6j7A', now(), now(), now()) ON CONFLICT (id) DO NOTHING;
INSERT INTO profiles (id, first_name, last_name, phone, role) VALUES ('30ac0903-8af1-40f2-8039-78ddf38b27b4', 'EMMANUEL', 'Unknown', '', 'guest') ON CONFLICT (id) DO NOTHING;
INSERT INTO auth.users (id, instance_id, aud, role, email, encrypted_password, email_confirmed_at, created_at, updated_at) VALUES ('091b10a6-6562-4758-b805-92b7752d67eb', '00000000-0000-0000-0000-000000000000', 'authenticated', 'authenticated', 'no-email-4761@example.com', '$argon2id$v=19$m=65536,t=3,p=4$fQ7fF7Zl6j7Q7fF7Zl6j7A$fQ7fF7Zl6j7Q7fF7Zl6j7A', now(), now(), now()) ON CONFLICT (id) DO NOTHING;
INSERT INTO profiles (id, first_name, last_name, phone, role) VALUES ('091b10a6-6562-4758-b805-92b7752d67eb', 'SULEIMAN', 'Unknown', '', 'guest') ON CONFLICT (id) DO NOTHING;
INSERT INTO auth.users (id, instance_id, aud, role, email, encrypted_password, email_confirmed_at, created_at, updated_at) VALUES ('25aadafa-28bd-4841-8140-f7c7110060de', '00000000-0000-0000-0000-000000000000', 'authenticated', 'authenticated', 'no-email-4769@example.com', '$argon2id$v=19$m=65536,t=3,p=4$fQ7fF7Zl6j7Q7fF7Zl6j7A$fQ7fF7Zl6j7Q7fF7Zl6j7A', now(), now(), now()) ON CONFLICT (id) DO NOTHING;
INSERT INTO profiles (id, first_name, last_name, phone, role) VALUES ('25aadafa-28bd-4841-8140-f7c7110060de', 'MICHAEL', 'Unknown', '', 'guest') ON CONFLICT (id) DO NOTHING;
INSERT INTO auth.users (id, instance_id, aud, role, email, encrypted_password, email_confirmed_at, created_at, updated_at) VALUES ('b8cc40a3-a600-420b-9595-4966591056b1', '00000000-0000-0000-0000-000000000000', 'authenticated', 'authenticated', 'no-email-4771@example.com', '$argon2id$v=19$m=65536,t=3,p=4$fQ7fF7Zl6j7Q7fF7Zl6j7A$fQ7fF7Zl6j7Q7fF7Zl6j7A', now(), now(), now()) ON CONFLICT (id) DO NOTHING;
INSERT INTO profiles (id, first_name, last_name, phone, role) VALUES ('b8cc40a3-a600-420b-9595-4966591056b1', 'CHIEF', 'THOMPSON', '', 'guest') ON CONFLICT (id) DO NOTHING;
INSERT INTO auth.users (id, instance_id, aud, role, email, encrypted_password, email_confirmed_at, created_at, updated_at) VALUES ('d8c13326-9cf6-46f2-a0e6-709d05d17148', '00000000-0000-0000-0000-000000000000', 'authenticated', 'authenticated', 'no-email-4773@example.com', '$argon2id$v=19$m=65536,t=3,p=4$fQ7fF7Zl6j7Q7fF7Zl6j7A$fQ7fF7Zl6j7Q7fF7Zl6j7A', now(), now(), now()) ON CONFLICT (id) DO NOTHING;
INSERT INTO profiles (id, first_name, last_name, phone, role) VALUES ('d8c13326-9cf6-46f2-a0e6-709d05d17148', 'OSAZE', 'Unknown', '', 'guest') ON CONFLICT (id) DO NOTHING;
INSERT INTO auth.users (id, instance_id, aud, role, email, encrypted_password, email_confirmed_at, created_at, updated_at) VALUES ('38815d5d-42b3-47b8-8c66-68c461279557', '00000000-0000-0000-0000-000000000000', 'authenticated', 'authenticated', 'no-email-4778@example.com', '$argon2id$v=19$m=65536,t=3,p=4$fQ7fF7Zl6j7Q7fF7Zl6j7A$fQ7fF7Zl6j7Q7fF7Zl6j7A', now(), now(), now()) ON CONFLICT (id) DO NOTHING;
INSERT INTO profiles (id, first_name, last_name, phone, role) VALUES ('38815d5d-42b3-47b8-8c66-68c461279557', 'CHIEF', 'THOMPSON', '', 'guest') ON CONFLICT (id) DO NOTHING;
INSERT INTO auth.users (id, instance_id, aud, role, email, encrypted_password, email_confirmed_at, created_at, updated_at) VALUES ('3a058442-f5d4-41c8-8c67-488094917b30', '00000000-0000-0000-0000-000000000000', 'authenticated', 'authenticated', 'no-email-4781@example.com', '$argon2id$v=19$m=65536,t=3,p=4$fQ7fF7Zl6j7Q7fF7Zl6j7A$fQ7fF7Zl6j7Q7fF7Zl6j7A', now(), now(), now()) ON CONFLICT (id) DO NOTHING;
INSERT INTO profiles (id, first_name, last_name, phone, role) VALUES ('3a058442-f5d4-41c8-8c67-488094917b30', 'ABUBAKAR', 'IBRAHIM', '08033111957', 'guest') ON CONFLICT (id) DO NOTHING;
INSERT INTO auth.users (id, instance_id, aud, role, email, encrypted_password, email_confirmed_at, created_at, updated_at) VALUES ('0feae10d-a1a9-4965-bb3f-1012926b1b66', '00000000-0000-0000-0000-000000000000', 'authenticated', 'authenticated', 'no-email-4786@example.com', '$argon2id$v=19$m=65536,t=3,p=4$fQ7fF7Zl6j7Q7fF7Zl6j7A$fQ7fF7Zl6j7Q7fF7Zl6j7A', now(), now(), now()) ON CONFLICT (id) DO NOTHING;
INSERT INTO profiles (id, first_name, last_name, phone, role) VALUES ('0feae10d-a1a9-4965-bb3f-1012926b1b66', 'Eferoghene', 'Ovwero', '', 'guest') ON CONFLICT (id) DO NOTHING;
INSERT INTO auth.users (id, instance_id, aud, role, email, encrypted_password, email_confirmed_at, created_at, updated_at) VALUES ('b2c1e7f5-3ca3-4a12-989e-7ae62d5a8458', '00000000-0000-0000-0000-000000000000', 'authenticated', 'authenticated', 'no-email-4796@example.com', '$argon2id$v=19$m=65536,t=3,p=4$fQ7fF7Zl6j7Q7fF7Zl6j7A$fQ7fF7Zl6j7Q7fF7Zl6j7A', now(), now(), now()) ON CONFLICT (id) DO NOTHING;
INSERT INTO profiles (id, first_name, last_name, phone, role) VALUES ('b2c1e7f5-3ca3-4a12-989e-7ae62d5a8458', 'JAYPRIME', 'Unknown', '', 'guest') ON CONFLICT (id) DO NOTHING;
INSERT INTO auth.users (id, instance_id, aud, role, email, encrypted_password, email_confirmed_at, created_at, updated_at) VALUES ('a166706c-c201-4522-9209-a3f14b289881', '00000000-0000-0000-0000-000000000000', 'authenticated', 'authenticated', 'no-email-4800@example.com', '$argon2id$v=19$m=65536,t=3,p=4$fQ7fF7Zl6j7Q7fF7Zl6j7A$fQ7fF7Zl6j7Q7fF7Zl6j7A', now(), now(), now()) ON CONFLICT (id) DO NOTHING;
INSERT INTO profiles (id, first_name, last_name, phone, role) VALUES ('a166706c-c201-4522-9209-a3f14b289881', 'ABUBAKAR', 'IBRAHIM', '08033111957', 'guest') ON CONFLICT (id) DO NOTHING;
INSERT INTO auth.users (id, instance_id, aud, role, email, encrypted_password, email_confirmed_at, created_at, updated_at) VALUES ('18ab7b02-9964-4995-8148-5b2c69443c8c', '00000000-0000-0000-0000-000000000000', 'authenticated', 'authenticated', 'no-email-4804@example.com', '$argon2id$v=19$m=65536,t=3,p=4$fQ7fF7Zl6j7Q7fF7Zl6j7A$fQ7fF7Zl6j7Q7fF7Zl6j7A', now(), now(), now()) ON CONFLICT (id) DO NOTHING;
INSERT INTO profiles (id, first_name, last_name, phone, role) VALUES ('18ab7b02-9964-4995-8148-5b2c69443c8c', 'MR MICHAEL', 'Unknown', '', 'guest') ON CONFLICT (id) DO NOTHING;
INSERT INTO auth.users (id, instance_id, aud, role, email, encrypted_password, email_confirmed_at, created_at, updated_at) VALUES ('11821ab0-8dc7-4057-a1d8-34b6908ebe8b', '00000000-0000-0000-0000-000000000000', 'authenticated', 'authenticated', 'no-email-4807@example.com', '$argon2id$v=19$m=65536,t=3,p=4$fQ7fF7Zl6j7Q7fF7Zl6j7A$fQ7fF7Zl6j7Q7fF7Zl6j7A', now(), now(), now()) ON CONFLICT (id) DO NOTHING;
INSERT INTO profiles (id, first_name, last_name, phone, role) VALUES ('11821ab0-8dc7-4057-a1d8-34b6908ebe8b', 'MR MICHAEL', 'Unknown', '', 'guest') ON CONFLICT (id) DO NOTHING;
INSERT INTO auth.users (id, instance_id, aud, role, email, encrypted_password, email_confirmed_at, created_at, updated_at) VALUES ('91a769d7-bdaa-4367-8c71-ba2b3ed4f19c', '00000000-0000-0000-0000-000000000000', 'authenticated', 'authenticated', 'no-email-4812@example.com', '$argon2id$v=19$m=65536,t=3,p=4$fQ7fF7Zl6j7Q7fF7Zl6j7A$fQ7fF7Zl6j7Q7fF7Zl6j7A', now(), now(), now()) ON CONFLICT (id) DO NOTHING;
INSERT INTO profiles (id, first_name, last_name, phone, role) VALUES ('91a769d7-bdaa-4367-8c71-ba2b3ed4f19c', 'INNOCENT', 'Unknown', '', 'guest') ON CONFLICT (id) DO NOTHING;
INSERT INTO auth.users (id, instance_id, aud, role, email, encrypted_password, email_confirmed_at, created_at, updated_at) VALUES ('609a283b-5aea-44ed-bd92-6cf520249ee3', '00000000-0000-0000-0000-000000000000', 'authenticated', 'authenticated', 'no-email-4815@example.com', '$argon2id$v=19$m=65536,t=3,p=4$fQ7fF7Zl6j7Q7fF7Zl6j7A$fQ7fF7Zl6j7Q7fF7Zl6j7A', now(), now(), now()) ON CONFLICT (id) DO NOTHING;
INSERT INTO profiles (id, first_name, last_name, phone, role) VALUES ('609a283b-5aea-44ed-bd92-6cf520249ee3', 'ADAMS', 'Unknown', '', 'guest') ON CONFLICT (id) DO NOTHING;
INSERT INTO auth.users (id, instance_id, aud, role, email, encrypted_password, email_confirmed_at, created_at, updated_at) VALUES ('860bb39e-c55f-4edd-999c-54f5b52eeaef', '00000000-0000-0000-0000-000000000000', 'authenticated', 'authenticated', 'no-email-4819@example.com', '$argon2id$v=19$m=65536,t=3,p=4$fQ7fF7Zl6j7Q7fF7Zl6j7A$fQ7fF7Zl6j7Q7fF7Zl6j7A', now(), now(), now()) ON CONFLICT (id) DO NOTHING;
INSERT INTO profiles (id, first_name, last_name, phone, role) VALUES ('860bb39e-c55f-4edd-999c-54f5b52eeaef', 'SHADRACH', 'Unknown', '', 'guest') ON CONFLICT (id) DO NOTHING;
INSERT INTO auth.users (id, instance_id, aud, role, email, encrypted_password, email_confirmed_at, created_at, updated_at) VALUES ('5b55208c-57d3-466b-a479-70142adea4a8', '00000000-0000-0000-0000-000000000000', 'authenticated', 'authenticated', 'no-email-4821@example.com', '$argon2id$v=19$m=65536,t=3,p=4$fQ7fF7Zl6j7Q7fF7Zl6j7A$fQ7fF7Zl6j7Q7fF7Zl6j7A', now(), now(), now()) ON CONFLICT (id) DO NOTHING;
INSERT INTO profiles (id, first_name, last_name, phone, role) VALUES ('5b55208c-57d3-466b-a479-70142adea4a8', 'AMEER', 'Unknown', '', 'guest') ON CONFLICT (id) DO NOTHING;
INSERT INTO auth.users (id, instance_id, aud, role, email, encrypted_password, email_confirmed_at, created_at, updated_at) VALUES ('a4eb8435-1e8e-4fdb-b106-1de36b09dc7e', '00000000-0000-0000-0000-000000000000', 'authenticated', 'authenticated', 'no-email-4824@example.com', '$argon2id$v=19$m=65536,t=3,p=4$fQ7fF7Zl6j7Q7fF7Zl6j7A$fQ7fF7Zl6j7Q7fF7Zl6j7A', now(), now(), now()) ON CONFLICT (id) DO NOTHING;
INSERT INTO profiles (id, first_name, last_name, phone, role) VALUES ('a4eb8435-1e8e-4fdb-b106-1de36b09dc7e', 'AMIRA', 'Unknown', '', 'guest') ON CONFLICT (id) DO NOTHING;
INSERT INTO auth.users (id, instance_id, aud, role, email, encrypted_password, email_confirmed_at, created_at, updated_at) VALUES ('c3beaf12-30b8-47a3-afd9-8926579717b0', '00000000-0000-0000-0000-000000000000', 'authenticated', 'authenticated', 'no-email-4828@example.com', '$argon2id$v=19$m=65536,t=3,p=4$fQ7fF7Zl6j7Q7fF7Zl6j7A$fQ7fF7Zl6j7Q7fF7Zl6j7A', now(), now(), now()) ON CONFLICT (id) DO NOTHING;
INSERT INTO profiles (id, first_name, last_name, phone, role) VALUES ('c3beaf12-30b8-47a3-afd9-8926579717b0', 'BASHIR', 'AHMED', '08092251711', 'guest') ON CONFLICT (id) DO NOTHING;
INSERT INTO auth.users (id, instance_id, aud, role, email, encrypted_password, email_confirmed_at, created_at, updated_at) VALUES ('0218bd7f-d670-4108-a0de-a0ba8bc94d73', '00000000-0000-0000-0000-000000000000', 'authenticated', 'authenticated', 'no-email-4832@example.com', '$argon2id$v=19$m=65536,t=3,p=4$fQ7fF7Zl6j7Q7fF7Zl6j7A$fQ7fF7Zl6j7Q7fF7Zl6j7A', now(), now(), now()) ON CONFLICT (id) DO NOTHING;
INSERT INTO profiles (id, first_name, last_name, phone, role) VALUES ('0218bd7f-d670-4108-a0de-a0ba8bc94d73', 'EGHOSA', 'Unknown', '', 'guest') ON CONFLICT (id) DO NOTHING;
INSERT INTO auth.users (id, instance_id, aud, role, email, encrypted_password, email_confirmed_at, created_at, updated_at) VALUES ('fbf6b16a-9778-4007-848e-15b01257435a', '00000000-0000-0000-0000-000000000000', 'authenticated', 'authenticated', 'no-email-4835@example.com', '$argon2id$v=19$m=65536,t=3,p=4$fQ7fF7Zl6j7Q7fF7Zl6j7A$fQ7fF7Zl6j7Q7fF7Zl6j7A', now(), now(), now()) ON CONFLICT (id) DO NOTHING;
INSERT INTO profiles (id, first_name, last_name, phone, role) VALUES ('fbf6b16a-9778-4007-848e-15b01257435a', 'HANIF', 'Unknown', '', 'guest') ON CONFLICT (id) DO NOTHING;
INSERT INTO auth.users (id, instance_id, aud, role, email, encrypted_password, email_confirmed_at, created_at, updated_at) VALUES ('a188b4ae-b1ac-4277-9741-80d880828448', '00000000-0000-0000-0000-000000000000', 'authenticated', 'authenticated', 'no-email-4837@example.com', '$argon2id$v=19$m=65536,t=3,p=4$fQ7fF7Zl6j7Q7fF7Zl6j7A$fQ7fF7Zl6j7Q7fF7Zl6j7A', now(), now(), now()) ON CONFLICT (id) DO NOTHING;
INSERT INTO profiles (id, first_name, last_name, phone, role) VALUES ('a188b4ae-b1ac-4277-9741-80d880828448', 'FRANCIS', 'Unknown', '', 'guest') ON CONFLICT (id) DO NOTHING;
INSERT INTO auth.users (id, instance_id, aud, role, email, encrypted_password, email_confirmed_at, created_at, updated_at) VALUES ('8c0419c4-3672-44e8-a3a4-f55ec9c14321', '00000000-0000-0000-0000-000000000000', 'authenticated', 'authenticated', 'no-email-4839@example.com', '$argon2id$v=19$m=65536,t=3,p=4$fQ7fF7Zl6j7Q7fF7Zl6j7A$fQ7fF7Zl6j7Q7fF7Zl6j7A', now(), now(), now()) ON CONFLICT (id) DO NOTHING;
INSERT INTO profiles (id, first_name, last_name, phone, role) VALUES ('8c0419c4-3672-44e8-a3a4-f55ec9c14321', 'OLUFIKAYO', 'Unknown', '', 'guest') ON CONFLICT (id) DO NOTHING;
INSERT INTO auth.users (id, instance_id, aud, role, email, encrypted_password, email_confirmed_at, created_at, updated_at) VALUES ('cd240017-04e5-4a44-b241-e676cb8b83ab', '00000000-0000-0000-0000-000000000000', 'authenticated', 'authenticated', 'no-email-4843@example.com', '$argon2id$v=19$m=65536,t=3,p=4$fQ7fF7Zl6j7Q7fF7Zl6j7A$fQ7fF7Zl6j7Q7fF7Zl6j7A', now(), now(), now()) ON CONFLICT (id) DO NOTHING;
INSERT INTO profiles (id, first_name, last_name, phone, role) VALUES ('cd240017-04e5-4a44-b241-e676cb8b83ab', 'SULEIMAN', 'Unknown', '', 'guest') ON CONFLICT (id) DO NOTHING;
INSERT INTO auth.users (id, instance_id, aud, role, email, encrypted_password, email_confirmed_at, created_at, updated_at) VALUES ('910d4f85-1b5a-409c-a88f-b49f0936ff54', '00000000-0000-0000-0000-000000000000', 'authenticated', 'authenticated', 'no-email-4845@example.com', '$argon2id$v=19$m=65536,t=3,p=4$fQ7fF7Zl6j7Q7fF7Zl6j7A$fQ7fF7Zl6j7Q7fF7Zl6j7A', now(), now(), now()) ON CONFLICT (id) DO NOTHING;
INSERT INTO profiles (id, first_name, last_name, phone, role) VALUES ('910d4f85-1b5a-409c-a88f-b49f0936ff54', 'MR BASHIR', 'Unknown', '', 'guest') ON CONFLICT (id) DO NOTHING;
INSERT INTO auth.users (id, instance_id, aud, role, email, encrypted_password, email_confirmed_at, created_at, updated_at) VALUES ('c51d91cd-935c-4237-9a6c-74afb43cb605', '00000000-0000-0000-0000-000000000000', 'authenticated', 'authenticated', 'no-email-4847@example.com', '$argon2id$v=19$m=65536,t=3,p=4$fQ7fF7Zl6j7Q7fF7Zl6j7A$fQ7fF7Zl6j7Q7fF7Zl6j7A', now(), now(), now()) ON CONFLICT (id) DO NOTHING;
INSERT INTO profiles (id, first_name, last_name, phone, role) VALUES ('c51d91cd-935c-4237-9a6c-74afb43cb605', 'USMAN', 'Unknown', '', 'guest') ON CONFLICT (id) DO NOTHING;
INSERT INTO auth.users (id, instance_id, aud, role, email, encrypted_password, email_confirmed_at, created_at, updated_at) VALUES ('9ca703b3-62ab-4e36-826f-ff7acaa6df83', '00000000-0000-0000-0000-000000000000', 'authenticated', 'authenticated', 'no-email-4849@example.com', '$argon2id$v=19$m=65536,t=3,p=4$fQ7fF7Zl6j7Q7fF7Zl6j7A$fQ7fF7Zl6j7Q7fF7Zl6j7A', now(), now(), now()) ON CONFLICT (id) DO NOTHING;
INSERT INTO profiles (id, first_name, last_name, phone, role) VALUES ('9ca703b3-62ab-4e36-826f-ff7acaa6df83', 'JESSICA', 'Unknown', '', 'guest') ON CONFLICT (id) DO NOTHING;
INSERT INTO auth.users (id, instance_id, aud, role, email, encrypted_password, email_confirmed_at, created_at, updated_at) VALUES ('b09e0501-af06-415a-b8e0-196d9cef2314', '00000000-0000-0000-0000-000000000000', 'authenticated', 'authenticated', 'no-email-4852@example.com', '$argon2id$v=19$m=65536,t=3,p=4$fQ7fF7Zl6j7Q7fF7Zl6j7A$fQ7fF7Zl6j7Q7fF7Zl6j7A', now(), now(), now()) ON CONFLICT (id) DO NOTHING;
INSERT INTO profiles (id, first_name, last_name, phone, role) VALUES ('b09e0501-af06-415a-b8e0-196d9cef2314', 'MR. PECU', 'Unknown', '', 'guest') ON CONFLICT (id) DO NOTHING;
INSERT INTO auth.users (id, instance_id, aud, role, email, encrypted_password, email_confirmed_at, created_at, updated_at) VALUES ('787b9929-0d6b-4481-90d3-7045babea9ac', '00000000-0000-0000-0000-000000000000', 'authenticated', 'authenticated', 'no-email-4856@example.com', '$argon2id$v=19$m=65536,t=3,p=4$fQ7fF7Zl6j7Q7fF7Zl6j7A$fQ7fF7Zl6j7Q7fF7Zl6j7A', now(), now(), now()) ON CONFLICT (id) DO NOTHING;
INSERT INTO profiles (id, first_name, last_name, phone, role) VALUES ('787b9929-0d6b-4481-90d3-7045babea9ac', 'MR. YUSUF', 'Unknown', '', 'guest') ON CONFLICT (id) DO NOTHING;
INSERT INTO auth.users (id, instance_id, aud, role, email, encrypted_password, email_confirmed_at, created_at, updated_at) VALUES ('f875f112-7177-465a-963a-9661e9cf97e3', '00000000-0000-0000-0000-000000000000', 'authenticated', 'authenticated', 'no-email-4860@example.com', '$argon2id$v=19$m=65536,t=3,p=4$fQ7fF7Zl6j7Q7fF7Zl6j7A$fQ7fF7Zl6j7Q7fF7Zl6j7A', now(), now(), now()) ON CONFLICT (id) DO NOTHING;
INSERT INTO profiles (id, first_name, last_name, phone, role) VALUES ('f875f112-7177-465a-963a-9661e9cf97e3', 'MR. CHARLES', 'Unknown', '', 'guest') ON CONFLICT (id) DO NOTHING;
INSERT INTO auth.users (id, instance_id, aud, role, email, encrypted_password, email_confirmed_at, created_at, updated_at) VALUES ('71a7145d-dabe-48f3-bd83-e017ecae655c', '00000000-0000-0000-0000-000000000000', 'authenticated', 'authenticated', 'no-email-4870@example.com', '$argon2id$v=19$m=65536,t=3,p=4$fQ7fF7Zl6j7Q7fF7Zl6j7A$fQ7fF7Zl6j7Q7fF7Zl6j7A', now(), now(), now()) ON CONFLICT (id) DO NOTHING;
INSERT INTO profiles (id, first_name, last_name, phone, role) VALUES ('71a7145d-dabe-48f3-bd83-e017ecae655c', 'CHIEF', 'THOMPSON', '', 'guest') ON CONFLICT (id) DO NOTHING;
INSERT INTO auth.users (id, instance_id, aud, role, email, encrypted_password, email_confirmed_at, created_at, updated_at) VALUES ('b0820ea5-4478-4c37-aabf-5bc1d350ee29', '00000000-0000-0000-0000-000000000000', 'authenticated', 'authenticated', 'no-email-4875@example.com', '$argon2id$v=19$m=65536,t=3,p=4$fQ7fF7Zl6j7Q7fF7Zl6j7A$fQ7fF7Zl6j7Q7fF7Zl6j7A', now(), now(), now()) ON CONFLICT (id) DO NOTHING;
INSERT INTO profiles (id, first_name, last_name, phone, role) VALUES ('b0820ea5-4478-4c37-aabf-5bc1d350ee29', 'pastor faith tfc', 'Unknown', '', 'guest') ON CONFLICT (id) DO NOTHING;
INSERT INTO auth.users (id, instance_id, aud, role, email, encrypted_password, email_confirmed_at, created_at, updated_at) VALUES ('ad3382d4-89e7-4c39-8e4e-2701c25414d1', '00000000-0000-0000-0000-000000000000', 'authenticated', 'authenticated', 'no-email-4879@example.com', '$argon2id$v=19$m=65536,t=3,p=4$fQ7fF7Zl6j7Q7fF7Zl6j7A$fQ7fF7Zl6j7Q7fF7Zl6j7A', now(), now(), now()) ON CONFLICT (id) DO NOTHING;
INSERT INTO profiles (id, first_name, last_name, phone, role) VALUES ('ad3382d4-89e7-4c39-8e4e-2701c25414d1', 'MR. CHARLES', 'BALOGUN', '', 'guest') ON CONFLICT (id) DO NOTHING;
INSERT INTO auth.users (id, instance_id, aud, role, email, encrypted_password, email_confirmed_at, created_at, updated_at) VALUES ('b05a2f68-b409-414f-85ca-4921e213c2eb', '00000000-0000-0000-0000-000000000000', 'authenticated', 'authenticated', 'no-email-4883@example.com', '$argon2id$v=19$m=65536,t=3,p=4$fQ7fF7Zl6j7Q7fF7Zl6j7A$fQ7fF7Zl6j7Q7fF7Zl6j7A', now(), now(), now()) ON CONFLICT (id) DO NOTHING;
INSERT INTO profiles (id, first_name, last_name, phone, role) VALUES ('b05a2f68-b409-414f-85ca-4921e213c2eb', 'SOLO', 'Unknown', '', 'guest') ON CONFLICT (id) DO NOTHING;
INSERT INTO auth.users (id, instance_id, aud, role, email, encrypted_password, email_confirmed_at, created_at, updated_at) VALUES ('c9a3e8f8-8ddc-4edb-bcd7-d37c06ce38ae', '00000000-0000-0000-0000-000000000000', 'authenticated', 'authenticated', 'no-email-4886@example.com', '$argon2id$v=19$m=65536,t=3,p=4$fQ7fF7Zl6j7Q7fF7Zl6j7A$fQ7fF7Zl6j7Q7fF7Zl6j7A', now(), now(), now()) ON CONFLICT (id) DO NOTHING;
INSERT INTO profiles (id, first_name, last_name, phone, role) VALUES ('c9a3e8f8-8ddc-4edb-bcd7-d37c06ce38ae', 'ERNEST', 'Unknown', '', 'guest') ON CONFLICT (id) DO NOTHING;
INSERT INTO auth.users (id, instance_id, aud, role, email, encrypted_password, email_confirmed_at, created_at, updated_at) VALUES ('81123f8d-e463-4248-a4aa-a1e577dea71b', '00000000-0000-0000-0000-000000000000', 'authenticated', 'authenticated', 'no-email-4889@example.com', '$argon2id$v=19$m=65536,t=3,p=4$fQ7fF7Zl6j7Q7fF7Zl6j7A$fQ7fF7Zl6j7Q7fF7Zl6j7A', now(), now(), now()) ON CONFLICT (id) DO NOTHING;
INSERT INTO profiles (id, first_name, last_name, phone, role) VALUES ('81123f8d-e463-4248-a4aa-a1e577dea71b', 'ELOGHOSA', 'Unknown', '', 'guest') ON CONFLICT (id) DO NOTHING;
INSERT INTO auth.users (id, instance_id, aud, role, email, encrypted_password, email_confirmed_at, created_at, updated_at) VALUES ('2fbc9b48-b91a-4796-b240-3298cf8c42a6', '00000000-0000-0000-0000-000000000000', 'authenticated', 'authenticated', 'no-email-4891@example.com', '$argon2id$v=19$m=65536,t=3,p=4$fQ7fF7Zl6j7Q7fF7Zl6j7A$fQ7fF7Zl6j7Q7fF7Zl6j7A', now(), now(), now()) ON CONFLICT (id) DO NOTHING;
INSERT INTO profiles (id, first_name, last_name, phone, role) VALUES ('2fbc9b48-b91a-4796-b240-3298cf8c42a6', 'MR BASHIR', 'Unknown', '', 'guest') ON CONFLICT (id) DO NOTHING;
INSERT INTO auth.users (id, instance_id, aud, role, email, encrypted_password, email_confirmed_at, created_at, updated_at) VALUES ('28050232-6071-47ac-a011-3f17c82150dd', '00000000-0000-0000-0000-000000000000', 'authenticated', 'authenticated', 'no-email-4901@example.com', '$argon2id$v=19$m=65536,t=3,p=4$fQ7fF7Zl6j7Q7fF7Zl6j7A$fQ7fF7Zl6j7Q7fF7Zl6j7A', now(), now(), now()) ON CONFLICT (id) DO NOTHING;
INSERT INTO profiles (id, first_name, last_name, phone, role) VALUES ('28050232-6071-47ac-a011-3f17c82150dd', 'IDRIS JIBRIL', 'Unknown', '', 'guest') ON CONFLICT (id) DO NOTHING;
INSERT INTO auth.users (id, instance_id, aud, role, email, encrypted_password, email_confirmed_at, created_at, updated_at) VALUES ('284fc190-41f2-4017-b3e0-27c79bff54a9', '00000000-0000-0000-0000-000000000000', 'authenticated', 'authenticated', 'no-email-4903@example.com', '$argon2id$v=19$m=65536,t=3,p=4$fQ7fF7Zl6j7Q7fF7Zl6j7A$fQ7fF7Zl6j7Q7fF7Zl6j7A', now(), now(), now()) ON CONFLICT (id) DO NOTHING;
INSERT INTO profiles (id, first_name, last_name, phone, role) VALUES ('284fc190-41f2-4017-b3e0-27c79bff54a9', 'IDIRIS JIBRIL', 'Unknown', '', 'guest') ON CONFLICT (id) DO NOTHING;
INSERT INTO auth.users (id, instance_id, aud, role, email, encrypted_password, email_confirmed_at, created_at, updated_at) VALUES ('d1213feb-d756-41f9-8dd1-15d1cedcab22', '00000000-0000-0000-0000-000000000000', 'authenticated', 'authenticated', 'no-email-4910@example.com', '$argon2id$v=19$m=65536,t=3,p=4$fQ7fF7Zl6j7Q7fF7Zl6j7A$fQ7fF7Zl6j7Q7fF7Zl6j7A', now(), now(), now()) ON CONFLICT (id) DO NOTHING;
INSERT INTO profiles (id, first_name, last_name, phone, role) VALUES ('d1213feb-d756-41f9-8dd1-15d1cedcab22', 'AARON BITRUS', 'Unknown', '', 'guest') ON CONFLICT (id) DO NOTHING;
INSERT INTO auth.users (id, instance_id, aud, role, email, encrypted_password, email_confirmed_at, created_at, updated_at) VALUES ('551deee9-c84c-419c-a900-172ee34612ac', '00000000-0000-0000-0000-000000000000', 'authenticated', 'authenticated', 'no-email-4915@example.com', '$argon2id$v=19$m=65536,t=3,p=4$fQ7fF7Zl6j7Q7fF7Zl6j7A$fQ7fF7Zl6j7Q7fF7Zl6j7A', now(), now(), now()) ON CONFLICT (id) DO NOTHING;
INSERT INTO profiles (id, first_name, last_name, phone, role) VALUES ('551deee9-c84c-419c-a900-172ee34612ac', 'AHSER', 'Unknown', '', 'guest') ON CONFLICT (id) DO NOTHING;
INSERT INTO auth.users (id, instance_id, aud, role, email, encrypted_password, email_confirmed_at, created_at, updated_at) VALUES ('b149fad8-863f-4d30-a63c-925f9fc063b1', '00000000-0000-0000-0000-000000000000', 'authenticated', 'authenticated', 'no-email-4918@example.com', '$argon2id$v=19$m=65536,t=3,p=4$fQ7fF7Zl6j7Q7fF7Zl6j7A$fQ7fF7Zl6j7Q7fF7Zl6j7A', now(), now(), now()) ON CONFLICT (id) DO NOTHING;
INSERT INTO profiles (id, first_name, last_name, phone, role) VALUES ('b149fad8-863f-4d30-a63c-925f9fc063b1', 'MR PROMISE', 'Unknown', '', 'guest') ON CONFLICT (id) DO NOTHING;
INSERT INTO auth.users (id, instance_id, aud, role, email, encrypted_password, email_confirmed_at, created_at, updated_at) VALUES ('ab05e685-7fbe-4169-a2c6-2c0521da6f7b', '00000000-0000-0000-0000-000000000000', 'authenticated', 'authenticated', 'no-email-4927@example.com', '$argon2id$v=19$m=65536,t=3,p=4$fQ7fF7Zl6j7Q7fF7Zl6j7A$fQ7fF7Zl6j7Q7fF7Zl6j7A', now(), now(), now()) ON CONFLICT (id) DO NOTHING;
INSERT INTO profiles (id, first_name, last_name, phone, role) VALUES ('ab05e685-7fbe-4169-a2c6-2c0521da6f7b', 'MUMMY CHIOMA', 'Unknown', '', 'guest') ON CONFLICT (id) DO NOTHING;
INSERT INTO auth.users (id, instance_id, aud, role, email, encrypted_password, email_confirmed_at, created_at, updated_at) VALUES ('f78dd6d5-72ff-453b-b9f5-8ca25e5b0221', '00000000-0000-0000-0000-000000000000', 'authenticated', 'authenticated', 'no-email-4932@example.com', '$argon2id$v=19$m=65536,t=3,p=4$fQ7fF7Zl6j7Q7fF7Zl6j7A$fQ7fF7Zl6j7Q7fF7Zl6j7A', now(), now(), now()) ON CONFLICT (id) DO NOTHING;
INSERT INTO profiles (id, first_name, last_name, phone, role) VALUES ('f78dd6d5-72ff-453b-b9f5-8ca25e5b0221', 'MR YASID', 'Unknown', '', 'guest') ON CONFLICT (id) DO NOTHING;
INSERT INTO auth.users (id, instance_id, aud, role, email, encrypted_password, email_confirmed_at, created_at, updated_at) VALUES ('fd9fa3b8-ca56-49e7-af53-a311260bc050', '00000000-0000-0000-0000-000000000000', 'authenticated', 'authenticated', 'no-email-4934@example.com', '$argon2id$v=19$m=65536,t=3,p=4$fQ7fF7Zl6j7Q7fF7Zl6j7A$fQ7fF7Zl6j7Q7fF7Zl6j7A', now(), now(), now()) ON CONFLICT (id) DO NOTHING;
INSERT INTO profiles (id, first_name, last_name, phone, role) VALUES ('fd9fa3b8-ca56-49e7-af53-a311260bc050', 'JESSICA', 'DANLADI', '', 'guest') ON CONFLICT (id) DO NOTHING;
INSERT INTO auth.users (id, instance_id, aud, role, email, encrypted_password, email_confirmed_at, created_at, updated_at) VALUES ('f667f638-1702-4081-bc35-303d0084a035', '00000000-0000-0000-0000-000000000000', 'authenticated', 'authenticated', 'no-email-4943@example.com', '$argon2id$v=19$m=65536,t=3,p=4$fQ7fF7Zl6j7Q7fF7Zl6j7A$fQ7fF7Zl6j7Q7fF7Zl6j7A', now(), now(), now()) ON CONFLICT (id) DO NOTHING;
INSERT INTO profiles (id, first_name, last_name, phone, role) VALUES ('f667f638-1702-4081-bc35-303d0084a035', 'ADEJOH', 'Unknown', '', 'guest') ON CONFLICT (id) DO NOTHING;
INSERT INTO auth.users (id, instance_id, aud, role, email, encrypted_password, email_confirmed_at, created_at, updated_at) VALUES ('04b5a45b-5798-4264-acef-dc2d3fcf711d', '00000000-0000-0000-0000-000000000000', 'authenticated', 'authenticated', 'no-email-4945@example.com', '$argon2id$v=19$m=65536,t=3,p=4$fQ7fF7Zl6j7Q7fF7Zl6j7A$fQ7fF7Zl6j7Q7fF7Zl6j7A', now(), now(), now()) ON CONFLICT (id) DO NOTHING;
INSERT INTO profiles (id, first_name, last_name, phone, role) VALUES ('04b5a45b-5798-4264-acef-dc2d3fcf711d', 'CHARLES', 'Unknown', '', 'guest') ON CONFLICT (id) DO NOTHING;
INSERT INTO auth.users (id, instance_id, aud, role, email, encrypted_password, email_confirmed_at, created_at, updated_at) VALUES ('a722f908-a6d7-4e98-8e4b-f34b4a3e7fbe', '00000000-0000-0000-0000-000000000000', 'authenticated', 'authenticated', 'no-email-4947@example.com', '$argon2id$v=19$m=65536,t=3,p=4$fQ7fF7Zl6j7Q7fF7Zl6j7A$fQ7fF7Zl6j7Q7fF7Zl6j7A', now(), now(), now()) ON CONFLICT (id) DO NOTHING;
INSERT INTO profiles (id, first_name, last_name, phone, role) VALUES ('a722f908-a6d7-4e98-8e4b-f34b4a3e7fbe', 'ASHER', 'Unknown', '', 'guest') ON CONFLICT (id) DO NOTHING;
INSERT INTO auth.users (id, instance_id, aud, role, email, encrypted_password, email_confirmed_at, created_at, updated_at) VALUES ('1631bddb-7f25-4026-b542-039b2d03dd9b', '00000000-0000-0000-0000-000000000000', 'authenticated', 'authenticated', 'no-email-4949@example.com', '$argon2id$v=19$m=65536,t=3,p=4$fQ7fF7Zl6j7Q7fF7Zl6j7A$fQ7fF7Zl6j7Q7fF7Zl6j7A', now(), now(), now()) ON CONFLICT (id) DO NOTHING;
INSERT INTO profiles (id, first_name, last_name, phone, role) VALUES ('1631bddb-7f25-4026-b542-039b2d03dd9b', 'EFE', 'Unknown', '', 'guest') ON CONFLICT (id) DO NOTHING;
INSERT INTO auth.users (id, instance_id, aud, role, email, encrypted_password, email_confirmed_at, created_at, updated_at) VALUES ('3f361755-62b7-4b3e-a2c7-0b6c89763ae6', '00000000-0000-0000-0000-000000000000', 'authenticated', 'authenticated', 'no-email-4954@example.com', '$argon2id$v=19$m=65536,t=3,p=4$fQ7fF7Zl6j7Q7fF7Zl6j7A$fQ7fF7Zl6j7Q7fF7Zl6j7A', now(), now(), now()) ON CONFLICT (id) DO NOTHING;
INSERT INTO profiles (id, first_name, last_name, phone, role) VALUES ('3f361755-62b7-4b3e-a2c7-0b6c89763ae6', 'SOLOMON', 'Unknown', '', 'guest') ON CONFLICT (id) DO NOTHING;
INSERT INTO auth.users (id, instance_id, aud, role, email, encrypted_password, email_confirmed_at, created_at, updated_at) VALUES ('eaf48ea9-efb1-4c69-a81c-9f58d227b7d9', '00000000-0000-0000-0000-000000000000', 'authenticated', 'authenticated', 'no-email-4957@example.com', '$argon2id$v=19$m=65536,t=3,p=4$fQ7fF7Zl6j7Q7fF7Zl6j7A$fQ7fF7Zl6j7Q7fF7Zl6j7A', now(), now(), now()) ON CONFLICT (id) DO NOTHING;
INSERT INTO profiles (id, first_name, last_name, phone, role) VALUES ('eaf48ea9-efb1-4c69-a81c-9f58d227b7d9', 'FAHD AYODELE', 'Unknown', '', 'guest') ON CONFLICT (id) DO NOTHING;
INSERT INTO auth.users (id, instance_id, aud, role, email, encrypted_password, email_confirmed_at, created_at, updated_at) VALUES ('7ab3f7ae-2744-4314-9493-e944dea7263a', '00000000-0000-0000-0000-000000000000', 'authenticated', 'authenticated', 'no-email-4972@example.com', '$argon2id$v=19$m=65536,t=3,p=4$fQ7fF7Zl6j7Q7fF7Zl6j7A$fQ7fF7Zl6j7Q7fF7Zl6j7A', now(), now(), now()) ON CONFLICT (id) DO NOTHING;
INSERT INTO profiles (id, first_name, last_name, phone, role) VALUES ('7ab3f7ae-2744-4314-9493-e944dea7263a', 'DANIEL', 'ONYEDIKA', '', 'guest') ON CONFLICT (id) DO NOTHING;
INSERT INTO auth.users (id, instance_id, aud, role, email, encrypted_password, email_confirmed_at, created_at, updated_at) VALUES ('3d6ac2f0-e4a7-4343-8e3e-3b6d88075618', '00000000-0000-0000-0000-000000000000', 'authenticated', 'authenticated', 'no-email-4975@example.com', '$argon2id$v=19$m=65536,t=3,p=4$fQ7fF7Zl6j7Q7fF7Zl6j7A$fQ7fF7Zl6j7Q7fF7Zl6j7A', now(), now(), now()) ON CONFLICT (id) DO NOTHING;
INSERT INTO profiles (id, first_name, last_name, phone, role) VALUES ('3d6ac2f0-e4a7-4343-8e3e-3b6d88075618', 'JUSTUS EVANS', 'Unknown', '', 'guest') ON CONFLICT (id) DO NOTHING;
INSERT INTO auth.users (id, instance_id, aud, role, email, encrypted_password, email_confirmed_at, created_at, updated_at) VALUES ('d0af9d72-7d3e-4542-85a2-b2c8948edaa3', '00000000-0000-0000-0000-000000000000', 'authenticated', 'authenticated', 'no-email-4981@example.com', '$argon2id$v=19$m=65536,t=3,p=4$fQ7fF7Zl6j7Q7fF7Zl6j7A$fQ7fF7Zl6j7Q7fF7Zl6j7A', now(), now(), now()) ON CONFLICT (id) DO NOTHING;
INSERT INTO profiles (id, first_name, last_name, phone, role) VALUES ('d0af9d72-7d3e-4542-85a2-b2c8948edaa3', 'ALIYU', 'BELLO', '07018701707', 'guest') ON CONFLICT (id) DO NOTHING;
INSERT INTO auth.users (id, instance_id, aud, role, email, encrypted_password, email_confirmed_at, created_at, updated_at) VALUES ('02382ad5-98b6-4580-95b1-5ca0faf63a54', '00000000-0000-0000-0000-000000000000', 'authenticated', 'authenticated', 'no-email-4984@example.com', '$argon2id$v=19$m=65536,t=3,p=4$fQ7fF7Zl6j7Q7fF7Zl6j7A$fQ7fF7Zl6j7Q7fF7Zl6j7A', now(), now(), now()) ON CONFLICT (id) DO NOTHING;
INSERT INTO profiles (id, first_name, last_name, phone, role) VALUES ('02382ad5-98b6-4580-95b1-5ca0faf63a54', 'MR. YUSUF', 'Unknown', '', 'guest') ON CONFLICT (id) DO NOTHING;
INSERT INTO auth.users (id, instance_id, aud, role, email, encrypted_password, email_confirmed_at, created_at, updated_at) VALUES ('98650441-1530-4cfc-9877-b4af627cc837', '00000000-0000-0000-0000-000000000000', 'authenticated', 'authenticated', 'no-email-4987@example.com', '$argon2id$v=19$m=65536,t=3,p=4$fQ7fF7Zl6j7Q7fF7Zl6j7A$fQ7fF7Zl6j7Q7fF7Zl6j7A', now(), now(), now()) ON CONFLICT (id) DO NOTHING;
INSERT INTO profiles (id, first_name, last_name, phone, role) VALUES ('98650441-1530-4cfc-9877-b4af627cc837', 'OSCAR', 'Unknown', '', 'guest') ON CONFLICT (id) DO NOTHING;
INSERT INTO auth.users (id, instance_id, aud, role, email, encrypted_password, email_confirmed_at, created_at, updated_at) VALUES ('1a6fdd77-eef7-4a04-ae44-6aab31182c27', '00000000-0000-0000-0000-000000000000', 'authenticated', 'authenticated', 'no-email-4990@example.com', '$argon2id$v=19$m=65536,t=3,p=4$fQ7fF7Zl6j7Q7fF7Zl6j7A$fQ7fF7Zl6j7Q7fF7Zl6j7A', now(), now(), now()) ON CONFLICT (id) DO NOTHING;
INSERT INTO profiles (id, first_name, last_name, phone, role) VALUES ('1a6fdd77-eef7-4a04-ae44-6aab31182c27', 'AARON BITRUS', 'Unknown', '', 'guest') ON CONFLICT (id) DO NOTHING;
INSERT INTO auth.users (id, instance_id, aud, role, email, encrypted_password, email_confirmed_at, created_at, updated_at) VALUES ('159d1706-8893-469b-8247-b0735bd9cfc8', '00000000-0000-0000-0000-000000000000', 'authenticated', 'authenticated', 'no-email-4995@example.com', '$argon2id$v=19$m=65536,t=3,p=4$fQ7fF7Zl6j7Q7fF7Zl6j7A$fQ7fF7Zl6j7Q7fF7Zl6j7A', now(), now(), now()) ON CONFLICT (id) DO NOTHING;
INSERT INTO profiles (id, first_name, last_name, phone, role) VALUES ('159d1706-8893-469b-8247-b0735bd9cfc8', 'MR OMINI', 'Unknown', '', 'guest') ON CONFLICT (id) DO NOTHING;
INSERT INTO auth.users (id, instance_id, aud, role, email, encrypted_password, email_confirmed_at, created_at, updated_at) VALUES ('4db35c2e-f804-46cf-90fa-a9af9a7abae0', '00000000-0000-0000-0000-000000000000', 'authenticated', 'authenticated', 'no-email-4998@example.com', '$argon2id$v=19$m=65536,t=3,p=4$fQ7fF7Zl6j7Q7fF7Zl6j7A$fQ7fF7Zl6j7Q7fF7Zl6j7A', now(), now(), now()) ON CONFLICT (id) DO NOTHING;
INSERT INTO profiles (id, first_name, last_name, phone, role) VALUES ('4db35c2e-f804-46cf-90fa-a9af9a7abae0', 'MR MICHAEL MSA BEE FOUNDATION', 'Unknown', '', 'guest') ON CONFLICT (id) DO NOTHING;
INSERT INTO auth.users (id, instance_id, aud, role, email, encrypted_password, email_confirmed_at, created_at, updated_at) VALUES ('bfb9fbd2-e28f-4fdb-a237-fc6238fc12f0', '00000000-0000-0000-0000-000000000000', 'authenticated', 'authenticated', 'no-email-5002@example.com', '$argon2id$v=19$m=65536,t=3,p=4$fQ7fF7Zl6j7Q7fF7Zl6j7A$fQ7fF7Zl6j7Q7fF7Zl6j7A', now(), now(), now()) ON CONFLICT (id) DO NOTHING;
INSERT INTO profiles (id, first_name, last_name, phone, role) VALUES ('bfb9fbd2-e28f-4fdb-a237-fc6238fc12f0', 'VANDUHE JEREMIAH', 'Unknown', '', 'guest') ON CONFLICT (id) DO NOTHING;
INSERT INTO auth.users (id, instance_id, aud, role, email, encrypted_password, email_confirmed_at, created_at, updated_at) VALUES ('7ef5d385-2ee1-4916-82c1-78eff13eac48', '00000000-0000-0000-0000-000000000000', 'authenticated', 'authenticated', 'no-email-5007@example.com', '$argon2id$v=19$m=65536,t=3,p=4$fQ7fF7Zl6j7Q7fF7Zl6j7A$fQ7fF7Zl6j7Q7fF7Zl6j7A', now(), now(), now()) ON CONFLICT (id) DO NOTHING;
INSERT INTO profiles (id, first_name, last_name, phone, role) VALUES ('7ef5d385-2ee1-4916-82c1-78eff13eac48', 'COLLINS OKIM', 'Unknown', '', 'guest') ON CONFLICT (id) DO NOTHING;
INSERT INTO auth.users (id, instance_id, aud, role, email, encrypted_password, email_confirmed_at, created_at, updated_at) VALUES ('2c607969-a447-448b-9a61-e80348f54dd8', '00000000-0000-0000-0000-000000000000', 'authenticated', 'authenticated', 'no-email-5016@example.com', '$argon2id$v=19$m=65536,t=3,p=4$fQ7fF7Zl6j7Q7fF7Zl6j7A$fQ7fF7Zl6j7Q7fF7Zl6j7A', now(), now(), now()) ON CONFLICT (id) DO NOTHING;
INSERT INTO profiles (id, first_name, last_name, phone, role) VALUES ('2c607969-a447-448b-9a61-e80348f54dd8', 'ASHER', 'Unknown', '', 'guest') ON CONFLICT (id) DO NOTHING;
INSERT INTO auth.users (id, instance_id, aud, role, email, encrypted_password, email_confirmed_at, created_at, updated_at) VALUES ('9540620e-02db-48e7-b4a3-8300021e3555', '00000000-0000-0000-0000-000000000000', 'authenticated', 'authenticated', 'no-email-5018@example.com', '$argon2id$v=19$m=65536,t=3,p=4$fQ7fF7Zl6j7Q7fF7Zl6j7A$fQ7fF7Zl6j7Q7fF7Zl6j7A', now(), now(), now()) ON CONFLICT (id) DO NOTHING;
INSERT INTO profiles (id, first_name, last_name, phone, role) VALUES ('9540620e-02db-48e7-b4a3-8300021e3555', 'EGHOSA', 'Unknown', '', 'guest') ON CONFLICT (id) DO NOTHING;
INSERT INTO auth.users (id, instance_id, aud, role, email, encrypted_password, email_confirmed_at, created_at, updated_at) VALUES ('1d116714-d16f-48dc-8e31-6184661912fe', '00000000-0000-0000-0000-000000000000', 'authenticated', 'authenticated', 'no-email-5020@example.com', '$argon2id$v=19$m=65536,t=3,p=4$fQ7fF7Zl6j7Q7fF7Zl6j7A$fQ7fF7Zl6j7Q7fF7Zl6j7A', now(), now(), now()) ON CONFLICT (id) DO NOTHING;
INSERT INTO profiles (id, first_name, last_name, phone, role) VALUES ('1d116714-d16f-48dc-8e31-6184661912fe', 'HELEN', 'Unknown', '', 'guest') ON CONFLICT (id) DO NOTHING;
INSERT INTO auth.users (id, instance_id, aud, role, email, encrypted_password, email_confirmed_at, created_at, updated_at) VALUES ('ad948c19-f657-4b27-b78a-bd2b128b41a8', '00000000-0000-0000-0000-000000000000', 'authenticated', 'authenticated', 'no-email-5022@example.com', '$argon2id$v=19$m=65536,t=3,p=4$fQ7fF7Zl6j7Q7fF7Zl6j7A$fQ7fF7Zl6j7Q7fF7Zl6j7A', now(), now(), now()) ON CONFLICT (id) DO NOTHING;
INSERT INTO profiles (id, first_name, last_name, phone, role) VALUES ('ad948c19-f657-4b27-b78a-bd2b128b41a8', 'ENE', 'Unknown', '', 'guest') ON CONFLICT (id) DO NOTHING;
INSERT INTO auth.users (id, instance_id, aud, role, email, encrypted_password, email_confirmed_at, created_at, updated_at) VALUES ('6d04097b-bada-489c-b37a-ad7752b1a095', '00000000-0000-0000-0000-000000000000', 'authenticated', 'authenticated', 'no-email-5027@example.com', '$argon2id$v=19$m=65536,t=3,p=4$fQ7fF7Zl6j7Q7fF7Zl6j7A$fQ7fF7Zl6j7Q7fF7Zl6j7A', now(), now(), now()) ON CONFLICT (id) DO NOTHING;
INSERT INTO profiles (id, first_name, last_name, phone, role) VALUES ('6d04097b-bada-489c-b37a-ad7752b1a095', 'OMINI', 'Unknown', '', 'guest') ON CONFLICT (id) DO NOTHING;
INSERT INTO auth.users (id, instance_id, aud, role, email, encrypted_password, email_confirmed_at, created_at, updated_at) VALUES ('c2f61518-1038-4a8e-8c7d-68bd822edc34', '00000000-0000-0000-0000-000000000000', 'authenticated', 'authenticated', 'no-email-5030@example.com', '$argon2id$v=19$m=65536,t=3,p=4$fQ7fF7Zl6j7Q7fF7Zl6j7A$fQ7fF7Zl6j7Q7fF7Zl6j7A', now(), now(), now()) ON CONFLICT (id) DO NOTHING;
INSERT INTO profiles (id, first_name, last_name, phone, role) VALUES ('c2f61518-1038-4a8e-8c7d-68bd822edc34', 'ECWA YOUTH WUSE2', 'Unknown', '', 'guest') ON CONFLICT (id) DO NOTHING;
INSERT INTO auth.users (id, instance_id, aud, role, email, encrypted_password, email_confirmed_at, created_at, updated_at) VALUES ('95bfa851-c682-44f6-91d1-6c58ffb180b7', '00000000-0000-0000-0000-000000000000', 'authenticated', 'authenticated', 'no-email-5040@example.com', '$argon2id$v=19$m=65536,t=3,p=4$fQ7fF7Zl6j7Q7fF7Zl6j7A$fQ7fF7Zl6j7Q7fF7Zl6j7A', now(), now(), now()) ON CONFLICT (id) DO NOTHING;
INSERT INTO profiles (id, first_name, last_name, phone, role) VALUES ('95bfa851-c682-44f6-91d1-6c58ffb180b7', 'JEFFERY', 'KELLY', '', 'guest') ON CONFLICT (id) DO NOTHING;
INSERT INTO auth.users (id, instance_id, aud, role, email, encrypted_password, email_confirmed_at, created_at, updated_at) VALUES ('6c941c0b-25bf-4e8c-b98d-d74280a3cc20', '00000000-0000-0000-0000-000000000000', 'authenticated', 'authenticated', 'no-email-5042@example.com', '$argon2id$v=19$m=65536,t=3,p=4$fQ7fF7Zl6j7Q7fF7Zl6j7A$fQ7fF7Zl6j7Q7fF7Zl6j7A', now(), now(), now()) ON CONFLICT (id) DO NOTHING;
INSERT INTO profiles (id, first_name, last_name, phone, role) VALUES ('6c941c0b-25bf-4e8c-b98d-d74280a3cc20', 'BEMSI', 'Unknown', '', 'guest') ON CONFLICT (id) DO NOTHING;
INSERT INTO auth.users (id, instance_id, aud, role, email, encrypted_password, email_confirmed_at, created_at, updated_at) VALUES ('b279c2e6-65bc-4484-b075-0b13062b92e0', '00000000-0000-0000-0000-000000000000', 'authenticated', 'authenticated', 'no-email-5047@example.com', '$argon2id$v=19$m=65536,t=3,p=4$fQ7fF7Zl6j7Q7fF7Zl6j7A$fQ7fF7Zl6j7Q7fF7Zl6j7A', now(), now(), now()) ON CONFLICT (id) DO NOTHING;
INSERT INTO profiles (id, first_name, last_name, phone, role) VALUES ('b279c2e6-65bc-4484-b075-0b13062b92e0', 'FRANCIS', 'Unknown', '', 'guest') ON CONFLICT (id) DO NOTHING;
INSERT INTO auth.users (id, instance_id, aud, role, email, encrypted_password, email_confirmed_at, created_at, updated_at) VALUES ('9fee7f44-f80c-45e0-898c-191a38f3ec5c', '00000000-0000-0000-0000-000000000000', 'authenticated', 'authenticated', 'no-email-5050@example.com', '$argon2id$v=19$m=65536,t=3,p=4$fQ7fF7Zl6j7Q7fF7Zl6j7A$fQ7fF7Zl6j7Q7fF7Zl6j7A', now(), now(), now()) ON CONFLICT (id) DO NOTHING;
INSERT INTO profiles (id, first_name, last_name, phone, role) VALUES ('9fee7f44-f80c-45e0-898c-191a38f3ec5c', 'EGHOSA', 'EGHOSA', '', 'guest') ON CONFLICT (id) DO NOTHING;
INSERT INTO auth.users (id, instance_id, aud, role, email, encrypted_password, email_confirmed_at, created_at, updated_at) VALUES ('5c381da2-9d83-49f3-970d-90493778a1de', '00000000-0000-0000-0000-000000000000', 'authenticated', 'authenticated', 'no-email-5052@example.com', '$argon2id$v=19$m=65536,t=3,p=4$fQ7fF7Zl6j7Q7fF7Zl6j7A$fQ7fF7Zl6j7Q7fF7Zl6j7A', now(), now(), now()) ON CONFLICT (id) DO NOTHING;
INSERT INTO profiles (id, first_name, last_name, phone, role) VALUES ('5c381da2-9d83-49f3-970d-90493778a1de', 'BEMSI', 'Unknown', '', 'guest') ON CONFLICT (id) DO NOTHING;
INSERT INTO auth.users (id, instance_id, aud, role, email, encrypted_password, email_confirmed_at, created_at, updated_at) VALUES ('bc5f12ad-63e7-4fe0-bea0-5051f33a0182', '00000000-0000-0000-0000-000000000000', 'authenticated', 'authenticated', 'no-email-5055@example.com', '$argon2id$v=19$m=65536,t=3,p=4$fQ7fF7Zl6j7Q7fF7Zl6j7A$fQ7fF7Zl6j7Q7fF7Zl6j7A', now(), now(), now()) ON CONFLICT (id) DO NOTHING;
INSERT INTO profiles (id, first_name, last_name, phone, role) VALUES ('bc5f12ad-63e7-4fe0-bea0-5051f33a0182', 'HELEN', 'Unknown', '', 'guest') ON CONFLICT (id) DO NOTHING;
INSERT INTO auth.users (id, instance_id, aud, role, email, encrypted_password, email_confirmed_at, created_at, updated_at) VALUES ('7c2ed4c0-6941-4c87-a60c-80019a43606c', '00000000-0000-0000-0000-000000000000', 'authenticated', 'authenticated', 'no-email-5059@example.com', '$argon2id$v=19$m=65536,t=3,p=4$fQ7fF7Zl6j7Q7fF7Zl6j7A$fQ7fF7Zl6j7Q7fF7Zl6j7A', now(), now(), now()) ON CONFLICT (id) DO NOTHING;
INSERT INTO profiles (id, first_name, last_name, phone, role) VALUES ('7c2ed4c0-6941-4c87-a60c-80019a43606c', 'FELIX', 'IDUGBE', '', 'guest') ON CONFLICT (id) DO NOTHING;
INSERT INTO auth.users (id, instance_id, aud, role, email, encrypted_password, email_confirmed_at, created_at, updated_at) VALUES ('2b2fd216-267e-4e3d-90a7-91fe7c3b6728', '00000000-0000-0000-0000-000000000000', 'authenticated', 'authenticated', 'no-email-5062@example.com', '$argon2id$v=19$m=65536,t=3,p=4$fQ7fF7Zl6j7Q7fF7Zl6j7A$fQ7fF7Zl6j7Q7fF7Zl6j7A', now(), now(), now()) ON CONFLICT (id) DO NOTHING;
INSERT INTO profiles (id, first_name, last_name, phone, role) VALUES ('2b2fd216-267e-4e3d-90a7-91fe7c3b6728', 'ISAH', 'ABDULLAHI', '', 'guest') ON CONFLICT (id) DO NOTHING;
INSERT INTO auth.users (id, instance_id, aud, role, email, encrypted_password, email_confirmed_at, created_at, updated_at) VALUES ('92bae30b-490a-4408-a85e-69ba40694712', '00000000-0000-0000-0000-000000000000', 'authenticated', 'authenticated', 'no-email-5065@example.com', '$argon2id$v=19$m=65536,t=3,p=4$fQ7fF7Zl6j7Q7fF7Zl6j7A$fQ7fF7Zl6j7Q7fF7Zl6j7A', now(), now(), now()) ON CONFLICT (id) DO NOTHING;
INSERT INTO profiles (id, first_name, last_name, phone, role) VALUES ('92bae30b-490a-4408-a85e-69ba40694712', 'PRINCESS', 'Unknown', '', 'guest') ON CONFLICT (id) DO NOTHING;
INSERT INTO auth.users (id, instance_id, aud, role, email, encrypted_password, email_confirmed_at, created_at, updated_at) VALUES ('680fd6e6-ff95-4599-8723-2d52833c5f29', '00000000-0000-0000-0000-000000000000', 'authenticated', 'authenticated', 'no-email-5069@example.com', '$argon2id$v=19$m=65536,t=3,p=4$fQ7fF7Zl6j7Q7fF7Zl6j7A$fQ7fF7Zl6j7Q7fF7Zl6j7A', now(), now(), now()) ON CONFLICT (id) DO NOTHING;
INSERT INTO profiles (id, first_name, last_name, phone, role) VALUES ('680fd6e6-ff95-4599-8723-2d52833c5f29', 'ECWA YOUTH WUSE2', 'Unknown', '', 'guest') ON CONFLICT (id) DO NOTHING;
INSERT INTO auth.users (id, instance_id, aud, role, email, encrypted_password, email_confirmed_at, created_at, updated_at) VALUES ('681bf12c-c92e-453e-a01e-2379ab5315d3', '00000000-0000-0000-0000-000000000000', 'authenticated', 'authenticated', 'no-email-5077@example.com', '$argon2id$v=19$m=65536,t=3,p=4$fQ7fF7Zl6j7Q7fF7Zl6j7A$fQ7fF7Zl6j7Q7fF7Zl6j7A', now(), now(), now()) ON CONFLICT (id) DO NOTHING;
INSERT INTO profiles (id, first_name, last_name, phone, role) VALUES ('681bf12c-c92e-453e-a01e-2379ab5315d3', 'BARR. SHEDRACK', 'Unknown', '', 'guest') ON CONFLICT (id) DO NOTHING;
INSERT INTO auth.users (id, instance_id, aud, role, email, encrypted_password, email_confirmed_at, created_at, updated_at) VALUES ('2ded165b-2106-4712-92bc-1f7ea4247cd9', '00000000-0000-0000-0000-000000000000', 'authenticated', 'authenticated', 'no-email-5080@example.com', '$argon2id$v=19$m=65536,t=3,p=4$fQ7fF7Zl6j7Q7fF7Zl6j7A$fQ7fF7Zl6j7Q7fF7Zl6j7A', now(), now(), now()) ON CONFLICT (id) DO NOTHING;
INSERT INTO profiles (id, first_name, last_name, phone, role) VALUES ('2ded165b-2106-4712-92bc-1f7ea4247cd9', 'OMINI', 'Unknown', '', 'guest') ON CONFLICT (id) DO NOTHING;
INSERT INTO auth.users (id, instance_id, aud, role, email, encrypted_password, email_confirmed_at, created_at, updated_at) VALUES ('5eb5b441-3093-459a-ae0f-066cbadce6a0', '00000000-0000-0000-0000-000000000000', 'authenticated', 'authenticated', 'yussuuf@gmail.com', '$argon2id$v=19$m=65536,t=3,p=4$fQ7fF7Zl6j7Q7fF7Zl6j7A$fQ7fF7Zl6j7Q7fF7Zl6j7A', now(), now(), now()) ON CONFLICT (id) DO NOTHING;
INSERT INTO profiles (id, first_name, last_name, phone, role) VALUES ('5eb5b441-3093-459a-ae0f-066cbadce6a0', 'YUSUF', 'IBRAHIM', '08024579707', 'guest') ON CONFLICT (id) DO NOTHING;
INSERT INTO auth.users (id, instance_id, aud, role, email, encrypted_password, email_confirmed_at, created_at, updated_at) VALUES ('38cf0fb5-cec4-42ca-a552-1d808dc4effa', '00000000-0000-0000-0000-000000000000', 'authenticated', 'authenticated', 'no-email-5087@example.com', '$argon2id$v=19$m=65536,t=3,p=4$fQ7fF7Zl6j7Q7fF7Zl6j7A$fQ7fF7Zl6j7Q7fF7Zl6j7A', now(), now(), now()) ON CONFLICT (id) DO NOTHING;
INSERT INTO profiles (id, first_name, last_name, phone, role) VALUES ('38cf0fb5-cec4-42ca-a552-1d808dc4effa', 'BARR. SHEDRACK', 'Unknown', '', 'guest') ON CONFLICT (id) DO NOTHING;
INSERT INTO auth.users (id, instance_id, aud, role, email, encrypted_password, email_confirmed_at, created_at, updated_at) VALUES ('4f112ec9-ec6c-4817-9603-7c1963e2ad4a', '00000000-0000-0000-0000-000000000000', 'authenticated', 'authenticated', 'no-email-5089@example.com', '$argon2id$v=19$m=65536,t=3,p=4$fQ7fF7Zl6j7Q7fF7Zl6j7A$fQ7fF7Zl6j7Q7fF7Zl6j7A', now(), now(), now()) ON CONFLICT (id) DO NOTHING;
INSERT INTO profiles (id, first_name, last_name, phone, role) VALUES ('4f112ec9-ec6c-4817-9603-7c1963e2ad4a', 'BARR. SHEDRACK', 'Unknown', '', 'guest') ON CONFLICT (id) DO NOTHING;
INSERT INTO auth.users (id, instance_id, aud, role, email, encrypted_password, email_confirmed_at, created_at, updated_at) VALUES ('47a441a6-de46-4aa2-bd7e-90903b10dfaf', '00000000-0000-0000-0000-000000000000', 'authenticated', 'authenticated', 'no-email-5093@example.com', '$argon2id$v=19$m=65536,t=3,p=4$fQ7fF7Zl6j7Q7fF7Zl6j7A$fQ7fF7Zl6j7Q7fF7Zl6j7A', now(), now(), now()) ON CONFLICT (id) DO NOTHING;
INSERT INTO profiles (id, first_name, last_name, phone, role) VALUES ('47a441a6-de46-4aa2-bd7e-90903b10dfaf', 'BLESSING', 'OJOBO', '', 'guest') ON CONFLICT (id) DO NOTHING;
INSERT INTO auth.users (id, instance_id, aud, role, email, encrypted_password, email_confirmed_at, created_at, updated_at) VALUES ('1d1fc4c3-da4f-4baa-99a6-a72d073bb80c', '00000000-0000-0000-0000-000000000000', 'authenticated', 'authenticated', 'no-email-5095@example.com', '$argon2id$v=19$m=65536,t=3,p=4$fQ7fF7Zl6j7Q7fF7Zl6j7A$fQ7fF7Zl6j7Q7fF7Zl6j7A', now(), now(), now()) ON CONFLICT (id) DO NOTHING;
INSERT INTO profiles (id, first_name, last_name, phone, role) VALUES ('1d1fc4c3-da4f-4baa-99a6-a72d073bb80c', 'BARR. SHEDRACK', 'Unknown', '', 'guest') ON CONFLICT (id) DO NOTHING;
INSERT INTO auth.users (id, instance_id, aud, role, email, encrypted_password, email_confirmed_at, created_at, updated_at) VALUES ('c49d3cd4-c713-460a-9703-175d3cc68619', '00000000-0000-0000-0000-000000000000', 'authenticated', 'authenticated', 'no-email-5097@example.com', '$argon2id$v=19$m=65536,t=3,p=4$fQ7fF7Zl6j7Q7fF7Zl6j7A$fQ7fF7Zl6j7Q7fF7Zl6j7A', now(), now(), now()) ON CONFLICT (id) DO NOTHING;
INSERT INTO profiles (id, first_name, last_name, phone, role) VALUES ('c49d3cd4-c713-460a-9703-175d3cc68619', 'BARR. SHEDRACK', 'Unknown', '', 'guest') ON CONFLICT (id) DO NOTHING;
INSERT INTO auth.users (id, instance_id, aud, role, email, encrypted_password, email_confirmed_at, created_at, updated_at) VALUES ('dfec103b-e35a-42b5-b0c2-9cb15f7b5843', '00000000-0000-0000-0000-000000000000', 'authenticated', 'authenticated', 'no-email-5099@example.com', '$argon2id$v=19$m=65536,t=3,p=4$fQ7fF7Zl6j7Q7fF7Zl6j7A$fQ7fF7Zl6j7Q7fF7Zl6j7A', now(), now(), now()) ON CONFLICT (id) DO NOTHING;
INSERT INTO profiles (id, first_name, last_name, phone, role) VALUES ('dfec103b-e35a-42b5-b0c2-9cb15f7b5843', 'BLESSING', 'OJOBO', '', 'guest') ON CONFLICT (id) DO NOTHING;
INSERT INTO auth.users (id, instance_id, aud, role, email, encrypted_password, email_confirmed_at, created_at, updated_at) VALUES ('67144c43-0b3f-4a44-80c4-2dfee865a380', '00000000-0000-0000-0000-000000000000', 'authenticated', 'authenticated', 'no-email-5105@example.com', '$argon2id$v=19$m=65536,t=3,p=4$fQ7fF7Zl6j7Q7fF7Zl6j7A$fQ7fF7Zl6j7Q7fF7Zl6j7A', now(), now(), now()) ON CONFLICT (id) DO NOTHING;
INSERT INTO profiles (id, first_name, last_name, phone, role) VALUES ('67144c43-0b3f-4a44-80c4-2dfee865a380', 'JOSEPH', 'ABIA', '09061127959', 'guest') ON CONFLICT (id) DO NOTHING;
INSERT INTO auth.users (id, instance_id, aud, role, email, encrypted_password, email_confirmed_at, created_at, updated_at) VALUES ('82f936de-ef17-49c3-a1ad-9aec229cbfaf', '00000000-0000-0000-0000-000000000000', 'authenticated', 'authenticated', 'no-email-5109@example.com', '$argon2id$v=19$m=65536,t=3,p=4$fQ7fF7Zl6j7Q7fF7Zl6j7A$fQ7fF7Zl6j7Q7fF7Zl6j7A', now(), now(), now()) ON CONFLICT (id) DO NOTHING;
INSERT INTO profiles (id, first_name, last_name, phone, role) VALUES ('82f936de-ef17-49c3-a1ad-9aec229cbfaf', 'SIMON AND FRANK', 'Unknown', '', 'guest') ON CONFLICT (id) DO NOTHING;
INSERT INTO auth.users (id, instance_id, aud, role, email, encrypted_password, email_confirmed_at, created_at, updated_at) VALUES ('fe580620-5d01-4f06-a72a-f06222674683', '00000000-0000-0000-0000-000000000000', 'authenticated', 'authenticated', 'no-email-5116@example.com', '$argon2id$v=19$m=65536,t=3,p=4$fQ7fF7Zl6j7Q7fF7Zl6j7A$fQ7fF7Zl6j7Q7fF7Zl6j7A', now(), now(), now()) ON CONFLICT (id) DO NOTHING;
INSERT INTO profiles (id, first_name, last_name, phone, role) VALUES ('fe580620-5d01-4f06-a72a-f06222674683', 'DORE JOSEPH', 'Unknown', '', 'guest') ON CONFLICT (id) DO NOTHING;
INSERT INTO auth.users (id, instance_id, aud, role, email, encrypted_password, email_confirmed_at, created_at, updated_at) VALUES ('a58f1b26-ea65-47c9-8690-db5505e34f7b', '00000000-0000-0000-0000-000000000000', 'authenticated', 'authenticated', 'no-email-5124@example.com', '$argon2id$v=19$m=65536,t=3,p=4$fQ7fF7Zl6j7Q7fF7Zl6j7A$fQ7fF7Zl6j7Q7fF7Zl6j7A', now(), now(), now()) ON CONFLICT (id) DO NOTHING;
INSERT INTO profiles (id, first_name, last_name, phone, role) VALUES ('a58f1b26-ea65-47c9-8690-db5505e34f7b', 'WISDOM', 'Unknown', '', 'guest') ON CONFLICT (id) DO NOTHING;
INSERT INTO auth.users (id, instance_id, aud, role, email, encrypted_password, email_confirmed_at, created_at, updated_at) VALUES ('6a267ec5-4a23-4d81-8994-1571c76e006d', '00000000-0000-0000-0000-000000000000', 'authenticated', 'authenticated', 'no-email-5128@example.com', '$argon2id$v=19$m=65536,t=3,p=4$fQ7fF7Zl6j7Q7fF7Zl6j7A$fQ7fF7Zl6j7Q7fF7Zl6j7A', now(), now(), now()) ON CONFLICT (id) DO NOTHING;
INSERT INTO profiles (id, first_name, last_name, phone, role) VALUES ('6a267ec5-4a23-4d81-8994-1571c76e006d', 'CHURCHILL', 'Unknown', '', 'guest') ON CONFLICT (id) DO NOTHING;
INSERT INTO auth.users (id, instance_id, aud, role, email, encrypted_password, email_confirmed_at, created_at, updated_at) VALUES ('ac84bf92-f027-4229-9211-85f2e3c5be27', '00000000-0000-0000-0000-000000000000', 'authenticated', 'authenticated', 'no-email-5130@example.com', '$argon2id$v=19$m=65536,t=3,p=4$fQ7fF7Zl6j7Q7fF7Zl6j7A$fQ7fF7Zl6j7Q7fF7Zl6j7A', now(), now(), now()) ON CONFLICT (id) DO NOTHING;
INSERT INTO profiles (id, first_name, last_name, phone, role) VALUES ('ac84bf92-f027-4229-9211-85f2e3c5be27', 'ABIA JOSEPH', 'Unknown', '', 'guest') ON CONFLICT (id) DO NOTHING;
INSERT INTO auth.users (id, instance_id, aud, role, email, encrypted_password, email_confirmed_at, created_at, updated_at) VALUES ('a95ad0d5-a83c-4249-a4a6-c65c091c28f5', '00000000-0000-0000-0000-000000000000', 'authenticated', 'authenticated', 'no-email-5135@example.com', '$argon2id$v=19$m=65536,t=3,p=4$fQ7fF7Zl6j7Q7fF7Zl6j7A$fQ7fF7Zl6j7Q7fF7Zl6j7A', now(), now(), now()) ON CONFLICT (id) DO NOTHING;
INSERT INTO profiles (id, first_name, last_name, phone, role) VALUES ('a95ad0d5-a83c-4249-a4a6-c65c091c28f5', 'YASID', 'Unknown', '', 'guest') ON CONFLICT (id) DO NOTHING;
INSERT INTO auth.users (id, instance_id, aud, role, email, encrypted_password, email_confirmed_at, created_at, updated_at) VALUES ('f618e702-f09a-4d5f-99f0-d139fc9c6b94', '00000000-0000-0000-0000-000000000000', 'authenticated', 'authenticated', 'no-email-5137@example.com', '$argon2id$v=19$m=65536,t=3,p=4$fQ7fF7Zl6j7Q7fF7Zl6j7A$fQ7fF7Zl6j7Q7fF7Zl6j7A', now(), now(), now()) ON CONFLICT (id) DO NOTHING;
INSERT INTO profiles (id, first_name, last_name, phone, role) VALUES ('f618e702-f09a-4d5f-99f0-d139fc9c6b94', 'YASID', 'Unknown', '', 'guest') ON CONFLICT (id) DO NOTHING;
INSERT INTO auth.users (id, instance_id, aud, role, email, encrypted_password, email_confirmed_at, created_at, updated_at) VALUES ('abffcda5-b7ca-4533-b7d3-156b245b5dfa', '00000000-0000-0000-0000-000000000000', 'authenticated', 'authenticated', 'no-email-5139@example.com', '$argon2id$v=19$m=65536,t=3,p=4$fQ7fF7Zl6j7Q7fF7Zl6j7A$fQ7fF7Zl6j7Q7fF7Zl6j7A', now(), now(), now()) ON CONFLICT (id) DO NOTHING;
INSERT INTO profiles (id, first_name, last_name, phone, role) VALUES ('abffcda5-b7ca-4533-b7d3-156b245b5dfa', 'CHURCHILL', 'Unknown', '', 'guest') ON CONFLICT (id) DO NOTHING;
INSERT INTO auth.users (id, instance_id, aud, role, email, encrypted_password, email_confirmed_at, created_at, updated_at) VALUES ('78ea59d6-8dce-4af7-ade1-28dae3e7a0bb', '00000000-0000-0000-0000-000000000000', 'authenticated', 'authenticated', 'no-email-5143@example.com', '$argon2id$v=19$m=65536,t=3,p=4$fQ7fF7Zl6j7Q7fF7Zl6j7A$fQ7fF7Zl6j7Q7fF7Zl6j7A', now(), now(), now()) ON CONFLICT (id) DO NOTHING;
INSERT INTO profiles (id, first_name, last_name, phone, role) VALUES ('78ea59d6-8dce-4af7-ade1-28dae3e7a0bb', 'SULEIMAN', 'Unknown', '', 'guest') ON CONFLICT (id) DO NOTHING;
INSERT INTO auth.users (id, instance_id, aud, role, email, encrypted_password, email_confirmed_at, created_at, updated_at) VALUES ('32b8e22c-651c-4119-823c-ce34d3759dfe', '00000000-0000-0000-0000-000000000000', 'authenticated', 'authenticated', 'okeipatrick3@gmail.com', '$argon2id$v=19$m=65536,t=3,p=4$fQ7fF7Zl6j7Q7fF7Zl6j7A$fQ7fF7Zl6j7Q7fF7Zl6j7A', now(), now(), now()) ON CONFLICT (id) DO NOTHING;
INSERT INTO profiles (id, first_name, last_name, phone, role) VALUES ('32b8e22c-651c-4119-823c-ce34d3759dfe', 'PATRICK', 'OKEI', '', 'guest') ON CONFLICT (id) DO NOTHING;
INSERT INTO auth.users (id, instance_id, aud, role, email, encrypted_password, email_confirmed_at, created_at, updated_at) VALUES ('dee03cd2-7d8c-47c6-9292-1067312ae973', '00000000-0000-0000-0000-000000000000', 'authenticated', 'authenticated', 'no-email-5160@example.com', '$argon2id$v=19$m=65536,t=3,p=4$fQ7fF7Zl6j7Q7fF7Zl6j7A$fQ7fF7Zl6j7Q7fF7Zl6j7A', now(), now(), now()) ON CONFLICT (id) DO NOTHING;
INSERT INTO profiles (id, first_name, last_name, phone, role) VALUES ('dee03cd2-7d8c-47c6-9292-1067312ae973', 'JOSEPH OGEDENGBE', 'Unknown', '', 'guest') ON CONFLICT (id) DO NOTHING;
INSERT INTO auth.users (id, instance_id, aud, role, email, encrypted_password, email_confirmed_at, created_at, updated_at) VALUES ('6ab1f213-abf2-4bfe-8f8f-bf511a49f7d4', '00000000-0000-0000-0000-000000000000', 'authenticated', 'authenticated', 'abrahamjibrin002@gmail.com', '$argon2id$v=19$m=65536,t=3,p=4$fQ7fF7Zl6j7Q7fF7Zl6j7A$fQ7fF7Zl6j7Q7fF7Zl6j7A', now(), now(), now()) ON CONFLICT (id) DO NOTHING;
INSERT INTO profiles (id, first_name, last_name, phone, role) VALUES ('6ab1f213-abf2-4bfe-8f8f-bf511a49f7d4', 'Abraham', 'Jibrin', '08142638448', 'guest') ON CONFLICT (id) DO NOTHING;
INSERT INTO auth.users (id, instance_id, aud, role, email, encrypted_password, email_confirmed_at, created_at, updated_at) VALUES ('cbf083b9-53b2-4c40-82a4-a18ce6b4bb43', '00000000-0000-0000-0000-000000000000', 'authenticated', 'authenticated', 'no-email-5169@example.com', '$argon2id$v=19$m=65536,t=3,p=4$fQ7fF7Zl6j7Q7fF7Zl6j7A$fQ7fF7Zl6j7Q7fF7Zl6j7A', now(), now(), now()) ON CONFLICT (id) DO NOTHING;
INSERT INTO profiles (id, first_name, last_name, phone, role) VALUES ('cbf083b9-53b2-4c40-82a4-a18ce6b4bb43', 'SARAH', 'Unknown', '', 'guest') ON CONFLICT (id) DO NOTHING;
INSERT INTO auth.users (id, instance_id, aud, role, email, encrypted_password, email_confirmed_at, created_at, updated_at) VALUES ('d4ec6229-2893-4535-9d66-c4223c03034b', '00000000-0000-0000-0000-000000000000', 'authenticated', 'authenticated', 'no-email-5171@example.com', '$argon2id$v=19$m=65536,t=3,p=4$fQ7fF7Zl6j7Q7fF7Zl6j7A$fQ7fF7Zl6j7Q7fF7Zl6j7A', now(), now(), now()) ON CONFLICT (id) DO NOTHING;
INSERT INTO profiles (id, first_name, last_name, phone, role) VALUES ('d4ec6229-2893-4535-9d66-c4223c03034b', 'MAU AGM', 'Unknown', '', 'guest') ON CONFLICT (id) DO NOTHING;
INSERT INTO auth.users (id, instance_id, aud, role, email, encrypted_password, email_confirmed_at, created_at, updated_at) VALUES ('a5a45196-afb0-42ad-bcd9-ec657af3f0c5', '00000000-0000-0000-0000-000000000000', 'authenticated', 'authenticated', 'no-email-5174@example.com', '$argon2id$v=19$m=65536,t=3,p=4$fQ7fF7Zl6j7Q7fF7Zl6j7A$fQ7fF7Zl6j7Q7fF7Zl6j7A', now(), now(), now()) ON CONFLICT (id) DO NOTHING;
INSERT INTO profiles (id, first_name, last_name, phone, role) VALUES ('a5a45196-afb0-42ad-bcd9-ec657af3f0c5', 'RUKKAIYA', 'Unknown', '', 'guest') ON CONFLICT (id) DO NOTHING;
INSERT INTO auth.users (id, instance_id, aud, role, email, encrypted_password, email_confirmed_at, created_at, updated_at) VALUES ('429d5b07-9502-45cb-a79a-ed4d5ebd5152', '00000000-0000-0000-0000-000000000000', 'authenticated', 'authenticated', 'no-email-5176@example.com', '$argon2id$v=19$m=65536,t=3,p=4$fQ7fF7Zl6j7Q7fF7Zl6j7A$fQ7fF7Zl6j7Q7fF7Zl6j7A', now(), now(), now()) ON CONFLICT (id) DO NOTHING;
INSERT INTO profiles (id, first_name, last_name, phone, role) VALUES ('429d5b07-9502-45cb-a79a-ed4d5ebd5152', 'DONALD', 'PETER', '08063511784', 'guest') ON CONFLICT (id) DO NOTHING;
INSERT INTO auth.users (id, instance_id, aud, role, email, encrypted_password, email_confirmed_at, created_at, updated_at) VALUES ('b2ab8523-8fed-44d1-baf3-26b855685f68', '00000000-0000-0000-0000-000000000000', 'authenticated', 'authenticated', 'no-email-5178@example.com', '$argon2id$v=19$m=65536,t=3,p=4$fQ7fF7Zl6j7Q7fF7Zl6j7A$fQ7fF7Zl6j7Q7fF7Zl6j7A', now(), now(), now()) ON CONFLICT (id) DO NOTHING;
INSERT INTO profiles (id, first_name, last_name, phone, role) VALUES ('b2ab8523-8fed-44d1-baf3-26b855685f68', 'Unknown', 'OBARO', '', 'guest') ON CONFLICT (id) DO NOTHING;
INSERT INTO auth.users (id, instance_id, aud, role, email, encrypted_password, email_confirmed_at, created_at, updated_at) VALUES ('eb5f3614-37b2-43c6-a91c-01574b341f2c', '00000000-0000-0000-0000-000000000000', 'authenticated', 'authenticated', 'no-email-5183@example.com', '$argon2id$v=19$m=65536,t=3,p=4$fQ7fF7Zl6j7Q7fF7Zl6j7A$fQ7fF7Zl6j7Q7fF7Zl6j7A', now(), now(), now()) ON CONFLICT (id) DO NOTHING;
INSERT INTO profiles (id, first_name, last_name, phone, role) VALUES ('eb5f3614-37b2-43c6-a91c-01574b341f2c', 'MR ROLAND', 'Unknown', '', 'guest') ON CONFLICT (id) DO NOTHING;
INSERT INTO auth.users (id, instance_id, aud, role, email, encrypted_password, email_confirmed_at, created_at, updated_at) VALUES ('b761d2c7-17e1-49c1-9447-241cda018d9e', '00000000-0000-0000-0000-000000000000', 'authenticated', 'authenticated', 'no-email-5187@example.com', '$argon2id$v=19$m=65536,t=3,p=4$fQ7fF7Zl6j7Q7fF7Zl6j7A$fQ7fF7Zl6j7Q7fF7Zl6j7A', now(), now(), now()) ON CONFLICT (id) DO NOTHING;
INSERT INTO profiles (id, first_name, last_name, phone, role) VALUES ('b761d2c7-17e1-49c1-9447-241cda018d9e', 'NDIDI', 'Unknown', '', 'guest') ON CONFLICT (id) DO NOTHING;
INSERT INTO auth.users (id, instance_id, aud, role, email, encrypted_password, email_confirmed_at, created_at, updated_at) VALUES ('d351d913-cc0d-486c-a863-fa4119f8125e', '00000000-0000-0000-0000-000000000000', 'authenticated', 'authenticated', 'no-email-5195@example.com', '$argon2id$v=19$m=65536,t=3,p=4$fQ7fF7Zl6j7Q7fF7Zl6j7A$fQ7fF7Zl6j7Q7fF7Zl6j7A', now(), now(), now()) ON CONFLICT (id) DO NOTHING;
INSERT INTO profiles (id, first_name, last_name, phone, role) VALUES ('d351d913-cc0d-486c-a863-fa4119f8125e', 'TOCHI', 'Unknown', '', 'guest') ON CONFLICT (id) DO NOTHING;
INSERT INTO auth.users (id, instance_id, aud, role, email, encrypted_password, email_confirmed_at, created_at, updated_at) VALUES ('696f2036-312d-4b62-a3e3-1d5399ce32b9', '00000000-0000-0000-0000-000000000000', 'authenticated', 'authenticated', 'no-email-5200@example.com', '$argon2id$v=19$m=65536,t=3,p=4$fQ7fF7Zl6j7Q7fF7Zl6j7A$fQ7fF7Zl6j7Q7fF7Zl6j7A', now(), now(), now()) ON CONFLICT (id) DO NOTHING;
INSERT INTO profiles (id, first_name, last_name, phone, role) VALUES ('696f2036-312d-4b62-a3e3-1d5399ce32b9', 'MR DONALD', 'Unknown', '', 'guest') ON CONFLICT (id) DO NOTHING;
INSERT INTO auth.users (id, instance_id, aud, role, email, encrypted_password, email_confirmed_at, created_at, updated_at) VALUES ('64e25daa-d52d-4b8f-b755-767ea959e4a6', '00000000-0000-0000-0000-000000000000', 'authenticated', 'authenticated', 'no-email-5203@example.com', '$argon2id$v=19$m=65536,t=3,p=4$fQ7fF7Zl6j7Q7fF7Zl6j7A$fQ7fF7Zl6j7Q7fF7Zl6j7A', now(), now(), now()) ON CONFLICT (id) DO NOTHING;
INSERT INTO profiles (id, first_name, last_name, phone, role) VALUES ('64e25daa-d52d-4b8f-b755-767ea959e4a6', 'BLESSING', 'OJOBO', '', 'guest') ON CONFLICT (id) DO NOTHING;
INSERT INTO auth.users (id, instance_id, aud, role, email, encrypted_password, email_confirmed_at, created_at, updated_at) VALUES ('bf439aeb-b6cc-4fc5-8742-0c27e3690070', '00000000-0000-0000-0000-000000000000', 'authenticated', 'authenticated', 'no-email-5214@example.com', '$argon2id$v=19$m=65536,t=3,p=4$fQ7fF7Zl6j7Q7fF7Zl6j7A$fQ7fF7Zl6j7Q7fF7Zl6j7A', now(), now(), now()) ON CONFLICT (id) DO NOTHING;
INSERT INTO profiles (id, first_name, last_name, phone, role) VALUES ('bf439aeb-b6cc-4fc5-8742-0c27e3690070', 'JENNIEEPHA', 'Unknown', '', 'guest') ON CONFLICT (id) DO NOTHING;
INSERT INTO auth.users (id, instance_id, aud, role, email, encrypted_password, email_confirmed_at, created_at, updated_at) VALUES ('98e255cc-19d9-4049-94ae-5f8cf51db4e6', '00000000-0000-0000-0000-000000000000', 'authenticated', 'authenticated', 'no-email-5217@example.com', '$argon2id$v=19$m=65536,t=3,p=4$fQ7fF7Zl6j7Q7fF7Zl6j7A$fQ7fF7Zl6j7Q7fF7Zl6j7A', now(), now(), now()) ON CONFLICT (id) DO NOTHING;
INSERT INTO profiles (id, first_name, last_name, phone, role) VALUES ('98e255cc-19d9-4049-94ae-5f8cf51db4e6', 'MR DONALD', 'Unknown', '', 'guest') ON CONFLICT (id) DO NOTHING;
INSERT INTO auth.users (id, instance_id, aud, role, email, encrypted_password, email_confirmed_at, created_at, updated_at) VALUES ('e1718f93-75c3-488b-9734-e48431305275', '00000000-0000-0000-0000-000000000000', 'authenticated', 'authenticated', 'no-email-5220@example.com', '$argon2id$v=19$m=65536,t=3,p=4$fQ7fF7Zl6j7Q7fF7Zl6j7A$fQ7fF7Zl6j7Q7fF7Zl6j7A', now(), now(), now()) ON CONFLICT (id) DO NOTHING;
INSERT INTO profiles (id, first_name, last_name, phone, role) VALUES ('e1718f93-75c3-488b-9734-e48431305275', 'ELIZABETH', 'EKWEOGWU', '', 'guest') ON CONFLICT (id) DO NOTHING;
INSERT INTO auth.users (id, instance_id, aud, role, email, encrypted_password, email_confirmed_at, created_at, updated_at) VALUES ('53aa0414-6725-4a8f-b882-a396037de47d', '00000000-0000-0000-0000-000000000000', 'authenticated', 'authenticated', 'no-email-5225@example.com', '$argon2id$v=19$m=65536,t=3,p=4$fQ7fF7Zl6j7Q7fF7Zl6j7A$fQ7fF7Zl6j7Q7fF7Zl6j7A', now(), now(), now()) ON CONFLICT (id) DO NOTHING;
INSERT INTO profiles (id, first_name, last_name, phone, role) VALUES ('53aa0414-6725-4a8f-b882-a396037de47d', 'ROLAND', 'IBE', '', 'guest') ON CONFLICT (id) DO NOTHING;
INSERT INTO auth.users (id, instance_id, aud, role, email, encrypted_password, email_confirmed_at, created_at, updated_at) VALUES ('47b6f9c3-b6c6-4cef-8d23-659075e5ef07', '00000000-0000-0000-0000-000000000000', 'authenticated', 'authenticated', 'no-email-5230@example.com', '$argon2id$v=19$m=65536,t=3,p=4$fQ7fF7Zl6j7Q7fF7Zl6j7A$fQ7fF7Zl6j7Q7fF7Zl6j7A', now(), now(), now()) ON CONFLICT (id) DO NOTHING;
INSERT INTO profiles (id, first_name, last_name, phone, role) VALUES ('47b6f9c3-b6c6-4cef-8d23-659075e5ef07', 'ELIZABETH', 'EKWEOGWU', '', 'guest') ON CONFLICT (id) DO NOTHING;
INSERT INTO auth.users (id, instance_id, aud, role, email, encrypted_password, email_confirmed_at, created_at, updated_at) VALUES ('8a97a818-09e1-4880-9339-3f94ffea5866', '00000000-0000-0000-0000-000000000000', 'authenticated', 'authenticated', 'no-email-5233@example.com', '$argon2id$v=19$m=65536,t=3,p=4$fQ7fF7Zl6j7Q7fF7Zl6j7A$fQ7fF7Zl6j7Q7fF7Zl6j7A', now(), now(), now()) ON CONFLICT (id) DO NOTHING;
INSERT INTO profiles (id, first_name, last_name, phone, role) VALUES ('8a97a818-09e1-4880-9339-3f94ffea5866', 'FRANK', 'Unknown', '', 'guest') ON CONFLICT (id) DO NOTHING;
INSERT INTO auth.users (id, instance_id, aud, role, email, encrypted_password, email_confirmed_at, created_at, updated_at) VALUES ('1ca9775d-6c13-44f2-bba0-be1ef72d4772', '00000000-0000-0000-0000-000000000000', 'authenticated', 'authenticated', 'no-email-5237@example.com', '$argon2id$v=19$m=65536,t=3,p=4$fQ7fF7Zl6j7Q7fF7Zl6j7A$fQ7fF7Zl6j7Q7fF7Zl6j7A', now(), now(), now()) ON CONFLICT (id) DO NOTHING;
INSERT INTO profiles (id, first_name, last_name, phone, role) VALUES ('1ca9775d-6c13-44f2-bba0-be1ef72d4772', 'SUNDAY', 'Unknown', '', 'guest') ON CONFLICT (id) DO NOTHING;
INSERT INTO auth.users (id, instance_id, aud, role, email, encrypted_password, email_confirmed_at, created_at, updated_at) VALUES ('eeddd355-e395-4153-ad5f-ce8484e51f35', '00000000-0000-0000-0000-000000000000', 'authenticated', 'authenticated', 'no-email-5240@example.com', '$argon2id$v=19$m=65536,t=3,p=4$fQ7fF7Zl6j7Q7fF7Zl6j7A$fQ7fF7Zl6j7Q7fF7Zl6j7A', now(), now(), now()) ON CONFLICT (id) DO NOTHING;
INSERT INTO profiles (id, first_name, last_name, phone, role) VALUES ('eeddd355-e395-4153-ad5f-ce8484e51f35', 'Unknown', 'CAPEBU', '', 'guest') ON CONFLICT (id) DO NOTHING;
INSERT INTO auth.users (id, instance_id, aud, role, email, encrypted_password, email_confirmed_at, created_at, updated_at) VALUES ('0ece25d1-a1f9-4925-9b3d-ad0a90cbe77f', '00000000-0000-0000-0000-000000000000', 'authenticated', 'authenticated', 'no-email-5242@example.com', '$argon2id$v=19$m=65536,t=3,p=4$fQ7fF7Zl6j7Q7fF7Zl6j7A$fQ7fF7Zl6j7Q7fF7Zl6j7A', now(), now(), now()) ON CONFLICT (id) DO NOTHING;
INSERT INTO profiles (id, first_name, last_name, phone, role) VALUES ('0ece25d1-a1f9-4925-9b3d-ad0a90cbe77f', 'ZUBBY', 'Unknown', '', 'guest') ON CONFLICT (id) DO NOTHING;
INSERT INTO auth.users (id, instance_id, aud, role, email, encrypted_password, email_confirmed_at, created_at, updated_at) VALUES ('a0a8e9e2-c86b-4b23-9455-532459378f2d', '00000000-0000-0000-0000-000000000000', 'authenticated', 'authenticated', 'no-email-5245@example.com', '$argon2id$v=19$m=65536,t=3,p=4$fQ7fF7Zl6j7Q7fF7Zl6j7A$fQ7fF7Zl6j7Q7fF7Zl6j7A', now(), now(), now()) ON CONFLICT (id) DO NOTHING;
INSERT INTO profiles (id, first_name, last_name, phone, role) VALUES ('a0a8e9e2-c86b-4b23-9455-532459378f2d', 'ZUBBY', 'ZUBBY', '', 'guest') ON CONFLICT (id) DO NOTHING;
INSERT INTO auth.users (id, instance_id, aud, role, email, encrypted_password, email_confirmed_at, created_at, updated_at) VALUES ('8e5f155a-8e97-49cd-b91e-6348ebc82453', '00000000-0000-0000-0000-000000000000', 'authenticated', 'authenticated', 'no-email-5248@example.com', '$argon2id$v=19$m=65536,t=3,p=4$fQ7fF7Zl6j7Q7fF7Zl6j7A$fQ7fF7Zl6j7Q7fF7Zl6j7A', now(), now(), now()) ON CONFLICT (id) DO NOTHING;
INSERT INTO profiles (id, first_name, last_name, phone, role) VALUES ('8e5f155a-8e97-49cd-b91e-6348ebc82453', 'BASHIR', 'Unknown', '', 'guest') ON CONFLICT (id) DO NOTHING;
INSERT INTO auth.users (id, instance_id, aud, role, email, encrypted_password, email_confirmed_at, created_at, updated_at) VALUES ('cd2d4371-122b-4419-84db-18ad2e929609', '00000000-0000-0000-0000-000000000000', 'authenticated', 'authenticated', 'no-email-5256@example.com', '$argon2id$v=19$m=65536,t=3,p=4$fQ7fF7Zl6j7Q7fF7Zl6j7A$fQ7fF7Zl6j7Q7fF7Zl6j7A', now(), now(), now()) ON CONFLICT (id) DO NOTHING;
INSERT INTO profiles (id, first_name, last_name, phone, role) VALUES ('cd2d4371-122b-4419-84db-18ad2e929609', 'ERNEST OJUA', 'Unknown', '', 'guest') ON CONFLICT (id) DO NOTHING;
INSERT INTO auth.users (id, instance_id, aud, role, email, encrypted_password, email_confirmed_at, created_at, updated_at) VALUES ('4e1cd34c-368b-4205-92a6-19eb8195f3a1', '00000000-0000-0000-0000-000000000000', 'authenticated', 'authenticated', 'no-email-5270@example.com', '$argon2id$v=19$m=65536,t=3,p=4$fQ7fF7Zl6j7Q7fF7Zl6j7A$fQ7fF7Zl6j7Q7fF7Zl6j7A', now(), now(), now()) ON CONFLICT (id) DO NOTHING;
INSERT INTO profiles (id, first_name, last_name, phone, role) VALUES ('4e1cd34c-368b-4205-92a6-19eb8195f3a1', 'ABDULSALAM', 'BABANYAYA', '', 'guest') ON CONFLICT (id) DO NOTHING;
INSERT INTO auth.users (id, instance_id, aud, role, email, encrypted_password, email_confirmed_at, created_at, updated_at) VALUES ('9fea67f0-67b4-4038-aa2b-92c2dcbb862a', '00000000-0000-0000-0000-000000000000', 'authenticated', 'authenticated', 'no-email-5274@example.com', '$argon2id$v=19$m=65536,t=3,p=4$fQ7fF7Zl6j7Q7fF7Zl6j7A$fQ7fF7Zl6j7Q7fF7Zl6j7A', now(), now(), now()) ON CONFLICT (id) DO NOTHING;
INSERT INTO profiles (id, first_name, last_name, phone, role) VALUES ('9fea67f0-67b4-4038-aa2b-92c2dcbb862a', 'MR. CHARLES', 'BALOGUN', '', 'guest') ON CONFLICT (id) DO NOTHING;
INSERT INTO auth.users (id, instance_id, aud, role, email, encrypted_password, email_confirmed_at, created_at, updated_at) VALUES ('a7ad4717-8a42-4d6e-9943-20598679cc68', '00000000-0000-0000-0000-000000000000', 'authenticated', 'authenticated', 'no-email-5276@example.com', '$argon2id$v=19$m=65536,t=3,p=4$fQ7fF7Zl6j7Q7fF7Zl6j7A$fQ7fF7Zl6j7Q7fF7Zl6j7A', now(), now(), now()) ON CONFLICT (id) DO NOTHING;
INSERT INTO profiles (id, first_name, last_name, phone, role) VALUES ('a7ad4717-8a42-4d6e-9943-20598679cc68', 'MR INNOCENT', 'Unknown', '', 'guest') ON CONFLICT (id) DO NOTHING;
INSERT INTO auth.users (id, instance_id, aud, role, email, encrypted_password, email_confirmed_at, created_at, updated_at) VALUES ('95400819-41a9-42a9-b6fe-8e96124daf26', '00000000-0000-0000-0000-000000000000', 'authenticated', 'authenticated', 'no-email-5282@example.com', '$argon2id$v=19$m=65536,t=3,p=4$fQ7fF7Zl6j7Q7fF7Zl6j7A$fQ7fF7Zl6j7Q7fF7Zl6j7A', now(), now(), now()) ON CONFLICT (id) DO NOTHING;
INSERT INTO profiles (id, first_name, last_name, phone, role) VALUES ('95400819-41a9-42a9-b6fe-8e96124daf26', 'MR CHARLES', 'Unknown', '', 'guest') ON CONFLICT (id) DO NOTHING;
INSERT INTO auth.users (id, instance_id, aud, role, email, encrypted_password, email_confirmed_at, created_at, updated_at) VALUES ('d37b5f28-8604-428e-b145-b96a128af6f8', '00000000-0000-0000-0000-000000000000', 'authenticated', 'authenticated', 'no-email-5286@example.com', '$argon2id$v=19$m=65536,t=3,p=4$fQ7fF7Zl6j7Q7fF7Zl6j7A$fQ7fF7Zl6j7Q7fF7Zl6j7A', now(), now(), now()) ON CONFLICT (id) DO NOTHING;
INSERT INTO profiles (id, first_name, last_name, phone, role) VALUES ('d37b5f28-8604-428e-b145-b96a128af6f8', 'BARR. SHEDRACK', 'Unknown', '', 'guest') ON CONFLICT (id) DO NOTHING;
INSERT INTO auth.users (id, instance_id, aud, role, email, encrypted_password, email_confirmed_at, created_at, updated_at) VALUES ('117b903e-f822-490e-bcb4-7447b557f4d4', '00000000-0000-0000-0000-000000000000', 'authenticated', 'authenticated', 'no-email-5290@example.com', '$argon2id$v=19$m=65536,t=3,p=4$fQ7fF7Zl6j7Q7fF7Zl6j7A$fQ7fF7Zl6j7Q7fF7Zl6j7A', now(), now(), now()) ON CONFLICT (id) DO NOTHING;
INSERT INTO profiles (id, first_name, last_name, phone, role) VALUES ('117b903e-f822-490e-bcb4-7447b557f4d4', 'VOKES', 'Unknown', '', 'guest') ON CONFLICT (id) DO NOTHING;
INSERT INTO auth.users (id, instance_id, aud, role, email, encrypted_password, email_confirmed_at, created_at, updated_at) VALUES ('5315fb0c-6a96-400d-81a3-3e2a4f4d4551', '00000000-0000-0000-0000-000000000000', 'authenticated', 'authenticated', 'no-email-5296@example.com', '$argon2id$v=19$m=65536,t=3,p=4$fQ7fF7Zl6j7Q7fF7Zl6j7A$fQ7fF7Zl6j7Q7fF7Zl6j7A', now(), now(), now()) ON CONFLICT (id) DO NOTHING;
INSERT INTO profiles (id, first_name, last_name, phone, role) VALUES ('5315fb0c-6a96-400d-81a3-3e2a4f4d4551', 'CHOP EMPIRE', 'Unknown', '', 'guest') ON CONFLICT (id) DO NOTHING;
INSERT INTO auth.users (id, instance_id, aud, role, email, encrypted_password, email_confirmed_at, created_at, updated_at) VALUES ('857b046f-6c0c-4856-9441-c2c4487291e0', '00000000-0000-0000-0000-000000000000', 'authenticated', 'authenticated', 'no-email-5300@example.com', '$argon2id$v=19$m=65536,t=3,p=4$fQ7fF7Zl6j7Q7fF7Zl6j7A$fQ7fF7Zl6j7Q7fF7Zl6j7A', now(), now(), now()) ON CONFLICT (id) DO NOTHING;
INSERT INTO profiles (id, first_name, last_name, phone, role) VALUES ('857b046f-6c0c-4856-9441-c2c4487291e0', 'MR JAMES', 'ASHI', '', 'guest') ON CONFLICT (id) DO NOTHING;
INSERT INTO auth.users (id, instance_id, aud, role, email, encrypted_password, email_confirmed_at, created_at, updated_at) VALUES ('29b11b40-eae3-472b-8c77-d3bf8a9cd047', '00000000-0000-0000-0000-000000000000', 'authenticated', 'authenticated', 'fobilow@gmail.com', '$argon2id$v=19$m=65536,t=3,p=4$fQ7fF7Zl6j7Q7fF7Zl6j7A$fQ7fF7Zl6j7Q7fF7Zl6j7A', now(), now(), now()) ON CONFLICT (id) DO NOTHING;
INSERT INTO profiles (id, first_name, last_name, phone, role) VALUES ('29b11b40-eae3-472b-8c77-d3bf8a9cd047', 'OKECHUKWU', 'UGWU', '09029394431', 'guest') ON CONFLICT (id) DO NOTHING;
INSERT INTO auth.users (id, instance_id, aud, role, email, encrypted_password, email_confirmed_at, created_at, updated_at) VALUES ('92cf9fca-58c4-47ee-8ce1-30c1a1b0aac7', '00000000-0000-0000-0000-000000000000', 'authenticated', 'authenticated', 'no-email-5307@example.com', '$argon2id$v=19$m=65536,t=3,p=4$fQ7fF7Zl6j7Q7fF7Zl6j7A$fQ7fF7Zl6j7Q7fF7Zl6j7A', now(), now(), now()) ON CONFLICT (id) DO NOTHING;
INSERT INTO profiles (id, first_name, last_name, phone, role) VALUES ('92cf9fca-58c4-47ee-8ce1-30c1a1b0aac7', 'MR PECU', 'Unknown', '', 'guest') ON CONFLICT (id) DO NOTHING;
INSERT INTO auth.users (id, instance_id, aud, role, email, encrypted_password, email_confirmed_at, created_at, updated_at) VALUES ('b79290fb-b794-4821-880e-1c0792dac1a8', '00000000-0000-0000-0000-000000000000', 'authenticated', 'authenticated', 'no-email-5318@example.com', '$argon2id$v=19$m=65536,t=3,p=4$fQ7fF7Zl6j7Q7fF7Zl6j7A$fQ7fF7Zl6j7Q7fF7Zl6j7A', now(), now(), now()) ON CONFLICT (id) DO NOTHING;
INSERT INTO profiles (id, first_name, last_name, phone, role) VALUES ('b79290fb-b794-4821-880e-1c0792dac1a8', 'BALOGUN', 'CHARLES', '08165241644', 'guest') ON CONFLICT (id) DO NOTHING;
INSERT INTO auth.users (id, instance_id, aud, role, email, encrypted_password, email_confirmed_at, created_at, updated_at) VALUES ('d3ccc015-4073-4c6f-8f11-a8e5cd133653', '00000000-0000-0000-0000-000000000000', 'authenticated', 'authenticated', 'no-email-5322@example.com', '$argon2id$v=19$m=65536,t=3,p=4$fQ7fF7Zl6j7Q7fF7Zl6j7A$fQ7fF7Zl6j7Q7fF7Zl6j7A', now(), now(), now()) ON CONFLICT (id) DO NOTHING;
INSERT INTO profiles (id, first_name, last_name, phone, role) VALUES ('d3ccc015-4073-4c6f-8f11-a8e5cd133653', 'THOMAS', 'Unknown', '', 'guest') ON CONFLICT (id) DO NOTHING;
INSERT INTO auth.users (id, instance_id, aud, role, email, encrypted_password, email_confirmed_at, created_at, updated_at) VALUES ('dc94e124-d983-4ea2-a672-e17361687746', '00000000-0000-0000-0000-000000000000', 'authenticated', 'authenticated', 'nmadiamond1@gmail.com', '$argon2id$v=19$m=65536,t=3,p=4$fQ7fF7Zl6j7Q7fF7Zl6j7A$fQ7fF7Zl6j7Q7fF7Zl6j7A', now(), now(), now()) ON CONFLICT (id) DO NOTHING;
INSERT INTO profiles (id, first_name, last_name, phone, role) VALUES ('dc94e124-d983-4ea2-a672-e17361687746', 'Glory', 'Samuel', '08030742452', 'guest') ON CONFLICT (id) DO NOTHING;
INSERT INTO auth.users (id, instance_id, aud, role, email, encrypted_password, email_confirmed_at, created_at, updated_at) VALUES ('3e7271f6-d523-42cd-bfa2-3c2902f25883', '00000000-0000-0000-0000-000000000000', 'authenticated', 'authenticated', 'no-email-5328@example.com', '$argon2id$v=19$m=65536,t=3,p=4$fQ7fF7Zl6j7Q7fF7Zl6j7A$fQ7fF7Zl6j7Q7fF7Zl6j7A', now(), now(), now()) ON CONFLICT (id) DO NOTHING;
INSERT INTO profiles (id, first_name, last_name, phone, role) VALUES ('3e7271f6-d523-42cd-bfa2-3c2902f25883', 'MR THOMAS', 'Unknown', '', 'guest') ON CONFLICT (id) DO NOTHING;
INSERT INTO auth.users (id, instance_id, aud, role, email, encrypted_password, email_confirmed_at, created_at, updated_at) VALUES ('4493155a-144d-4865-8ebb-4ccfd838f4b1', '00000000-0000-0000-0000-000000000000', 'authenticated', 'authenticated', 'no-email-5330@example.com', '$argon2id$v=19$m=65536,t=3,p=4$fQ7fF7Zl6j7Q7fF7Zl6j7A$fQ7fF7Zl6j7Q7fF7Zl6j7A', now(), now(), now()) ON CONFLICT (id) DO NOTHING;
INSERT INTO profiles (id, first_name, last_name, phone, role) VALUES ('4493155a-144d-4865-8ebb-4ccfd838f4b1', 'MR ALIYU', 'Unknown', '', 'guest') ON CONFLICT (id) DO NOTHING;
INSERT INTO auth.users (id, instance_id, aud, role, email, encrypted_password, email_confirmed_at, created_at, updated_at) VALUES ('014266da-a86c-4f30-9215-9c4946964db3', '00000000-0000-0000-0000-000000000000', 'authenticated', 'authenticated', 'no-email-5336@example.com', '$argon2id$v=19$m=65536,t=3,p=4$fQ7fF7Zl6j7Q7fF7Zl6j7A$fQ7fF7Zl6j7Q7fF7Zl6j7A', now(), now(), now()) ON CONFLICT (id) DO NOTHING;
INSERT INTO profiles (id, first_name, last_name, phone, role) VALUES ('014266da-a86c-4f30-9215-9c4946964db3', 'OLUMIDE', 'AWOYO', '', 'guest') ON CONFLICT (id) DO NOTHING;
INSERT INTO auth.users (id, instance_id, aud, role, email, encrypted_password, email_confirmed_at, created_at, updated_at) VALUES ('9d2b2a97-c8ba-4a11-8055-401f9df19c67', '00000000-0000-0000-0000-000000000000', 'authenticated', 'authenticated', 'no-email-5340@example.com', '$argon2id$v=19$m=65536,t=3,p=4$fQ7fF7Zl6j7Q7fF7Zl6j7A$fQ7fF7Zl6j7Q7fF7Zl6j7A', now(), now(), now()) ON CONFLICT (id) DO NOTHING;
INSERT INTO profiles (id, first_name, last_name, phone, role) VALUES ('9d2b2a97-c8ba-4a11-8055-401f9df19c67', 'BARR. SHEDRACK', 'Unknown', '', 'guest') ON CONFLICT (id) DO NOTHING;
INSERT INTO auth.users (id, instance_id, aud, role, email, encrypted_password, email_confirmed_at, created_at, updated_at) VALUES ('c663f875-ad4a-4c08-9dff-849c2a39ea78', '00000000-0000-0000-0000-000000000000', 'authenticated', 'authenticated', 'no-email-5342@example.com', '$argon2id$v=19$m=65536,t=3,p=4$fQ7fF7Zl6j7Q7fF7Zl6j7A$fQ7fF7Zl6j7Q7fF7Zl6j7A', now(), now(), now()) ON CONFLICT (id) DO NOTHING;
INSERT INTO profiles (id, first_name, last_name, phone, role) VALUES ('c663f875-ad4a-4c08-9dff-849c2a39ea78', 'MR BASHIR', 'Unknown', '', 'guest') ON CONFLICT (id) DO NOTHING;
INSERT INTO auth.users (id, instance_id, aud, role, email, encrypted_password, email_confirmed_at, created_at, updated_at) VALUES ('96d99e53-f443-40ea-947d-87078896d1d7', '00000000-0000-0000-0000-000000000000', 'authenticated', 'authenticated', 'no-email-5345@example.com', '$argon2id$v=19$m=65536,t=3,p=4$fQ7fF7Zl6j7Q7fF7Zl6j7A$fQ7fF7Zl6j7Q7fF7Zl6j7A', now(), now(), now()) ON CONFLICT (id) DO NOTHING;
INSERT INTO profiles (id, first_name, last_name, phone, role) VALUES ('96d99e53-f443-40ea-947d-87078896d1d7', 'MADAM', 'Unknown', '', 'guest') ON CONFLICT (id) DO NOTHING;
INSERT INTO auth.users (id, instance_id, aud, role, email, encrypted_password, email_confirmed_at, created_at, updated_at) VALUES ('19ff57cf-153a-48ac-827b-632b6a6045c5', '00000000-0000-0000-0000-000000000000', 'authenticated', 'authenticated', 'no-email-5349@example.com', '$argon2id$v=19$m=65536,t=3,p=4$fQ7fF7Zl6j7Q7fF7Zl6j7A$fQ7fF7Zl6j7Q7fF7Zl6j7A', now(), now(), now()) ON CONFLICT (id) DO NOTHING;
INSERT INTO profiles (id, first_name, last_name, phone, role) VALUES ('19ff57cf-153a-48ac-827b-632b6a6045c5', 'EHINOME', 'Unknown', '', 'guest') ON CONFLICT (id) DO NOTHING;
INSERT INTO auth.users (id, instance_id, aud, role, email, encrypted_password, email_confirmed_at, created_at, updated_at) VALUES ('e80cb319-5ec9-4c10-80be-fe4f6934aab1', '00000000-0000-0000-0000-000000000000', 'authenticated', 'authenticated', 'no-email-5355@example.com', '$argon2id$v=19$m=65536,t=3,p=4$fQ7fF7Zl6j7Q7fF7Zl6j7A$fQ7fF7Zl6j7Q7fF7Zl6j7A', now(), now(), now()) ON CONFLICT (id) DO NOTHING;
INSERT INTO profiles (id, first_name, last_name, phone, role) VALUES ('e80cb319-5ec9-4c10-80be-fe4f6934aab1', 'ROSEMARY', 'Unknown', '', 'guest') ON CONFLICT (id) DO NOTHING;
INSERT INTO auth.users (id, instance_id, aud, role, email, encrypted_password, email_confirmed_at, created_at, updated_at) VALUES ('9160830d-12b9-464f-a619-6d49cd15ccac', '00000000-0000-0000-0000-000000000000', 'authenticated', 'authenticated', 'no-email-5360@example.com', '$argon2id$v=19$m=65536,t=3,p=4$fQ7fF7Zl6j7Q7fF7Zl6j7A$fQ7fF7Zl6j7Q7fF7Zl6j7A', now(), now(), now()) ON CONFLICT (id) DO NOTHING;
INSERT INTO profiles (id, first_name, last_name, phone, role) VALUES ('9160830d-12b9-464f-a619-6d49cd15ccac', 'SAMSON GABRIEL', 'FUNOM', '', 'guest') ON CONFLICT (id) DO NOTHING;
INSERT INTO auth.users (id, instance_id, aud, role, email, encrypted_password, email_confirmed_at, created_at, updated_at) VALUES ('d0f6eed4-727e-45c2-9c99-bfaba5750645', '00000000-0000-0000-0000-000000000000', 'authenticated', 'authenticated', 'no-email-5370@example.com', '$argon2id$v=19$m=65536,t=3,p=4$fQ7fF7Zl6j7Q7fF7Zl6j7A$fQ7fF7Zl6j7Q7fF7Zl6j7A', now(), now(), now()) ON CONFLICT (id) DO NOTHING;
INSERT INTO profiles (id, first_name, last_name, phone, role) VALUES ('d0f6eed4-727e-45c2-9c99-bfaba5750645', 'ENOCK T-PUMPY', 'Unknown', '', 'guest') ON CONFLICT (id) DO NOTHING;
INSERT INTO auth.users (id, instance_id, aud, role, email, encrypted_password, email_confirmed_at, created_at, updated_at) VALUES ('fd156bd1-1074-413f-955c-02efc1bc39c0', '00000000-0000-0000-0000-000000000000', 'authenticated', 'authenticated', 'no-email-5372@example.com', '$argon2id$v=19$m=65536,t=3,p=4$fQ7fF7Zl6j7Q7fF7Zl6j7A$fQ7fF7Zl6j7Q7fF7Zl6j7A', now(), now(), now()) ON CONFLICT (id) DO NOTHING;
INSERT INTO profiles (id, first_name, last_name, phone, role) VALUES ('fd156bd1-1074-413f-955c-02efc1bc39c0', 'CHARLES', 'BALOGUN', '', 'guest') ON CONFLICT (id) DO NOTHING;
INSERT INTO auth.users (id, instance_id, aud, role, email, encrypted_password, email_confirmed_at, created_at, updated_at) VALUES ('8a76eb73-dbd2-4613-9696-0332f409b361', '00000000-0000-0000-0000-000000000000', 'authenticated', 'authenticated', 'no-email-5374@example.com', '$argon2id$v=19$m=65536,t=3,p=4$fQ7fF7Zl6j7Q7fF7Zl6j7A$fQ7fF7Zl6j7Q7fF7Zl6j7A', now(), now(), now()) ON CONFLICT (id) DO NOTHING;
INSERT INTO profiles (id, first_name, last_name, phone, role) VALUES ('8a76eb73-dbd2-4613-9696-0332f409b361', 'IMRAN', 'ZAKARI', '', 'guest') ON CONFLICT (id) DO NOTHING;
INSERT INTO auth.users (id, instance_id, aud, role, email, encrypted_password, email_confirmed_at, created_at, updated_at) VALUES ('aa7f0efd-7361-47a9-8a2d-1d7817b6e2e0', '00000000-0000-0000-0000-000000000000', 'authenticated', 'authenticated', 'no-email-5385@example.com', '$argon2id$v=19$m=65536,t=3,p=4$fQ7fF7Zl6j7Q7fF7Zl6j7A$fQ7fF7Zl6j7Q7fF7Zl6j7A', now(), now(), now()) ON CONFLICT (id) DO NOTHING;
INSERT INTO profiles (id, first_name, last_name, phone, role) VALUES ('aa7f0efd-7361-47a9-8a2d-1d7817b6e2e0', 'UZOCHUKWU', 'UCHECHUKWU', '08147472877', 'guest') ON CONFLICT (id) DO NOTHING;
INSERT INTO auth.users (id, instance_id, aud, role, email, encrypted_password, email_confirmed_at, created_at, updated_at) VALUES ('9b3d67df-67ac-47ec-9090-1368e6ec1393', '00000000-0000-0000-0000-000000000000', 'authenticated', 'authenticated', 'no-email-5388@example.com', '$argon2id$v=19$m=65536,t=3,p=4$fQ7fF7Zl6j7Q7fF7Zl6j7A$fQ7fF7Zl6j7Q7fF7Zl6j7A', now(), now(), now()) ON CONFLICT (id) DO NOTHING;
INSERT INTO profiles (id, first_name, last_name, phone, role) VALUES ('9b3d67df-67ac-47ec-9090-1368e6ec1393', 'JOSEPH OMEIZA', 'Unknown', '', 'guest') ON CONFLICT (id) DO NOTHING;
INSERT INTO auth.users (id, instance_id, aud, role, email, encrypted_password, email_confirmed_at, created_at, updated_at) VALUES ('9560550e-8fed-4e25-8620-754026ef3795', '00000000-0000-0000-0000-000000000000', 'authenticated', 'authenticated', 'no-email-5395@example.com', '$argon2id$v=19$m=65536,t=3,p=4$fQ7fF7Zl6j7Q7fF7Zl6j7A$fQ7fF7Zl6j7Q7fF7Zl6j7A', now(), now(), now()) ON CONFLICT (id) DO NOTHING;
INSERT INTO profiles (id, first_name, last_name, phone, role) VALUES ('9560550e-8fed-4e25-8620-754026ef3795', 'GLORY SAMUEL', 'Unknown', '', 'guest') ON CONFLICT (id) DO NOTHING;
INSERT INTO auth.users (id, instance_id, aud, role, email, encrypted_password, email_confirmed_at, created_at, updated_at) VALUES ('b4169d37-0d74-4b79-a882-36a0544a751c', '00000000-0000-0000-0000-000000000000', 'authenticated', 'authenticated', 'no-email-5397@example.com', '$argon2id$v=19$m=65536,t=3,p=4$fQ7fF7Zl6j7Q7fF7Zl6j7A$fQ7fF7Zl6j7Q7fF7Zl6j7A', now(), now(), now()) ON CONFLICT (id) DO NOTHING;
INSERT INTO profiles (id, first_name, last_name, phone, role) VALUES ('b4169d37-0d74-4b79-a882-36a0544a751c', 'AMIR', 'Unknown', '', 'guest') ON CONFLICT (id) DO NOTHING;
INSERT INTO auth.users (id, instance_id, aud, role, email, encrypted_password, email_confirmed_at, created_at, updated_at) VALUES ('14a558a6-44bc-471f-9afa-516bc0b9681c', '00000000-0000-0000-0000-000000000000', 'authenticated', 'authenticated', 'no-email-5400@example.com', '$argon2id$v=19$m=65536,t=3,p=4$fQ7fF7Zl6j7Q7fF7Zl6j7A$fQ7fF7Zl6j7Q7fF7Zl6j7A', now(), now(), now()) ON CONFLICT (id) DO NOTHING;
INSERT INTO profiles (id, first_name, last_name, phone, role) VALUES ('14a558a6-44bc-471f-9afa-516bc0b9681c', 'MR UBONG', 'Unknown', '', 'guest') ON CONFLICT (id) DO NOTHING;
INSERT INTO auth.users (id, instance_id, aud, role, email, encrypted_password, email_confirmed_at, created_at, updated_at) VALUES ('d6f0ebe7-0c28-42c6-b6fe-16c651ce3325', '00000000-0000-0000-0000-000000000000', 'authenticated', 'authenticated', 'no-email-5402@example.com', '$argon2id$v=19$m=65536,t=3,p=4$fQ7fF7Zl6j7Q7fF7Zl6j7A$fQ7fF7Zl6j7Q7fF7Zl6j7A', now(), now(), now()) ON CONFLICT (id) DO NOTHING;
INSERT INTO profiles (id, first_name, last_name, phone, role) VALUES ('d6f0ebe7-0c28-42c6-b6fe-16c651ce3325', 'JAMES ASHI', 'Unknown', '', 'guest') ON CONFLICT (id) DO NOTHING;
INSERT INTO auth.users (id, instance_id, aud, role, email, encrypted_password, email_confirmed_at, created_at, updated_at) VALUES ('89ad6148-ff40-4720-901c-d162ff923c01', '00000000-0000-0000-0000-000000000000', 'authenticated', 'authenticated', 'no-email-5404@example.com', '$argon2id$v=19$m=65536,t=3,p=4$fQ7fF7Zl6j7Q7fF7Zl6j7A$fQ7fF7Zl6j7Q7fF7Zl6j7A', now(), now(), now()) ON CONFLICT (id) DO NOTHING;
INSERT INTO profiles (id, first_name, last_name, phone, role) VALUES ('89ad6148-ff40-4720-901c-d162ff923c01', 'FATIMA', 'JIBRIL', '', 'guest') ON CONFLICT (id) DO NOTHING;
INSERT INTO auth.users (id, instance_id, aud, role, email, encrypted_password, email_confirmed_at, created_at, updated_at) VALUES ('badf5d11-b7c3-41cb-8456-ea89cacc91bc', '00000000-0000-0000-0000-000000000000', 'authenticated', 'authenticated', 'no-email-5406@example.com', '$argon2id$v=19$m=65536,t=3,p=4$fQ7fF7Zl6j7Q7fF7Zl6j7A$fQ7fF7Zl6j7Q7fF7Zl6j7A', now(), now(), now()) ON CONFLICT (id) DO NOTHING;
INSERT INTO profiles (id, first_name, last_name, phone, role) VALUES ('badf5d11-b7c3-41cb-8456-ea89cacc91bc', 'FATIMA', 'JIBRIL', '', 'guest') ON CONFLICT (id) DO NOTHING;
INSERT INTO auth.users (id, instance_id, aud, role, email, encrypted_password, email_confirmed_at, created_at, updated_at) VALUES ('1fb8df0b-3303-4656-9f74-41548006e104', '00000000-0000-0000-0000-000000000000', 'authenticated', 'authenticated', 'no-email-5409@example.com', '$argon2id$v=19$m=65536,t=3,p=4$fQ7fF7Zl6j7Q7fF7Zl6j7A$fQ7fF7Zl6j7Q7fF7Zl6j7A', now(), now(), now()) ON CONFLICT (id) DO NOTHING;
INSERT INTO profiles (id, first_name, last_name, phone, role) VALUES ('1fb8df0b-3303-4656-9f74-41548006e104', 'FATIMA', 'JIBRIL', '', 'guest') ON CONFLICT (id) DO NOTHING;
INSERT INTO auth.users (id, instance_id, aud, role, email, encrypted_password, email_confirmed_at, created_at, updated_at) VALUES ('eb421af0-2d6e-4117-90f1-09dd11b03af3', '00000000-0000-0000-0000-000000000000', 'authenticated', 'authenticated', 'no-email-5420@example.com', '$argon2id$v=19$m=65536,t=3,p=4$fQ7fF7Zl6j7Q7fF7Zl6j7A$fQ7fF7Zl6j7Q7fF7Zl6j7A', now(), now(), now()) ON CONFLICT (id) DO NOTHING;
INSERT INTO profiles (id, first_name, last_name, phone, role) VALUES ('eb421af0-2d6e-4117-90f1-09dd11b03af3', 'DORE JOSEPH', 'Unknown', '', 'guest') ON CONFLICT (id) DO NOTHING;
INSERT INTO auth.users (id, instance_id, aud, role, email, encrypted_password, email_confirmed_at, created_at, updated_at) VALUES ('978511b9-60ba-4c2c-8815-1d3f46b2e2a3', '00000000-0000-0000-0000-000000000000', 'authenticated', 'authenticated', 'no-email-5423@example.com', '$argon2id$v=19$m=65536,t=3,p=4$fQ7fF7Zl6j7Q7fF7Zl6j7A$fQ7fF7Zl6j7Q7fF7Zl6j7A', now(), now(), now()) ON CONFLICT (id) DO NOTHING;
INSERT INTO profiles (id, first_name, last_name, phone, role) VALUES ('978511b9-60ba-4c2c-8815-1d3f46b2e2a3', 'AUGUSTINE', 'Unknown', '', 'guest') ON CONFLICT (id) DO NOTHING;
INSERT INTO auth.users (id, instance_id, aud, role, email, encrypted_password, email_confirmed_at, created_at, updated_at) VALUES ('b7a707e1-fdd9-49b2-8e0a-1ffce7707f55', '00000000-0000-0000-0000-000000000000', 'authenticated', 'authenticated', 'no-email-5429@example.com', '$argon2id$v=19$m=65536,t=3,p=4$fQ7fF7Zl6j7Q7fF7Zl6j7A$fQ7fF7Zl6j7Q7fF7Zl6j7A', now(), now(), now()) ON CONFLICT (id) DO NOTHING;
INSERT INTO profiles (id, first_name, last_name, phone, role) VALUES ('b7a707e1-fdd9-49b2-8e0a-1ffce7707f55', 'MOHAMMED', 'GIDADO', '', 'guest') ON CONFLICT (id) DO NOTHING;
INSERT INTO auth.users (id, instance_id, aud, role, email, encrypted_password, email_confirmed_at, created_at, updated_at) VALUES ('53eb7577-ee64-4563-b97b-07f5f640d84b', '00000000-0000-0000-0000-000000000000', 'authenticated', 'authenticated', 'no-email-5441@example.com', '$argon2id$v=19$m=65536,t=3,p=4$fQ7fF7Zl6j7Q7fF7Zl6j7A$fQ7fF7Zl6j7Q7fF7Zl6j7A', now(), now(), now()) ON CONFLICT (id) DO NOTHING;
INSERT INTO profiles (id, first_name, last_name, phone, role) VALUES ('53eb7577-ee64-4563-b97b-07f5f640d84b', 'UMAR', 'AABDULRAHAM', '09088076840', 'guest') ON CONFLICT (id) DO NOTHING;
INSERT INTO auth.users (id, instance_id, aud, role, email, encrypted_password, email_confirmed_at, created_at, updated_at) VALUES ('96c041d0-1ab1-4f31-8f81-dac3271318b4', '00000000-0000-0000-0000-000000000000', 'authenticated', 'authenticated', 'no-email-5443@example.com', '$argon2id$v=19$m=65536,t=3,p=4$fQ7fF7Zl6j7Q7fF7Zl6j7A$fQ7fF7Zl6j7Q7fF7Zl6j7A', now(), now(), now()) ON CONFLICT (id) DO NOTHING;
INSERT INTO profiles (id, first_name, last_name, phone, role) VALUES ('96c041d0-1ab1-4f31-8f81-dac3271318b4', 'MR EFE', 'Unknown', '', 'guest') ON CONFLICT (id) DO NOTHING;
INSERT INTO auth.users (id, instance_id, aud, role, email, encrypted_password, email_confirmed_at, created_at, updated_at) VALUES ('870dc6e6-d7ba-41e5-a665-43a55d32aff4', '00000000-0000-0000-0000-000000000000', 'authenticated', 'authenticated', 'no-email-5454@example.com', '$argon2id$v=19$m=65536,t=3,p=4$fQ7fF7Zl6j7Q7fF7Zl6j7A$fQ7fF7Zl6j7Q7fF7Zl6j7A', now(), now(), now()) ON CONFLICT (id) DO NOTHING;
INSERT INTO profiles (id, first_name, last_name, phone, role) VALUES ('870dc6e6-d7ba-41e5-a665-43a55d32aff4', 'ASHER', 'Unknown', '', 'guest') ON CONFLICT (id) DO NOTHING;
INSERT INTO auth.users (id, instance_id, aud, role, email, encrypted_password, email_confirmed_at, created_at, updated_at) VALUES ('8e9e3462-5c44-4a8d-8a17-68b93b8be3a1', '00000000-0000-0000-0000-000000000000', 'authenticated', 'authenticated', 'no-email-5456@example.com', '$argon2id$v=19$m=65536,t=3,p=4$fQ7fF7Zl6j7Q7fF7Zl6j7A$fQ7fF7Zl6j7Q7fF7Zl6j7A', now(), now(), now()) ON CONFLICT (id) DO NOTHING;
INSERT INTO profiles (id, first_name, last_name, phone, role) VALUES ('8e9e3462-5c44-4a8d-8a17-68b93b8be3a1', 'ROYZ', 'Unknown', '', 'guest') ON CONFLICT (id) DO NOTHING;
INSERT INTO auth.users (id, instance_id, aud, role, email, encrypted_password, email_confirmed_at, created_at, updated_at) VALUES ('56e0dc77-631c-4df4-aaee-8cb91e72d06e', '00000000-0000-0000-0000-000000000000', 'authenticated', 'authenticated', 'no-email-5459@example.com', '$argon2id$v=19$m=65536,t=3,p=4$fQ7fF7Zl6j7Q7fF7Zl6j7A$fQ7fF7Zl6j7Q7fF7Zl6j7A', now(), now(), now()) ON CONFLICT (id) DO NOTHING;
INSERT INTO profiles (id, first_name, last_name, phone, role) VALUES ('56e0dc77-631c-4df4-aaee-8cb91e72d06e', 'ROYZ', 'Unknown', '', 'guest') ON CONFLICT (id) DO NOTHING;
INSERT INTO auth.users (id, instance_id, aud, role, email, encrypted_password, email_confirmed_at, created_at, updated_at) VALUES ('7c72c6e4-9075-4522-90eb-986db217f1e8', '00000000-0000-0000-0000-000000000000', 'authenticated', 'authenticated', 'no-email-5462@example.com', '$argon2id$v=19$m=65536,t=3,p=4$fQ7fF7Zl6j7Q7fF7Zl6j7A$fQ7fF7Zl6j7Q7fF7Zl6j7A', now(), now(), now()) ON CONFLICT (id) DO NOTHING;
INSERT INTO profiles (id, first_name, last_name, phone, role) VALUES ('7c72c6e4-9075-4522-90eb-986db217f1e8', 'IMA', 'Unknown', '', 'guest') ON CONFLICT (id) DO NOTHING;
INSERT INTO auth.users (id, instance_id, aud, role, email, encrypted_password, email_confirmed_at, created_at, updated_at) VALUES ('b5bd2a9d-f472-4e9a-aa78-552738834d77', '00000000-0000-0000-0000-000000000000', 'authenticated', 'authenticated', 'no-email-5475@example.com', '$argon2id$v=19$m=65536,t=3,p=4$fQ7fF7Zl6j7Q7fF7Zl6j7A$fQ7fF7Zl6j7Q7fF7Zl6j7A', now(), now(), now()) ON CONFLICT (id) DO NOTHING;
INSERT INTO profiles (id, first_name, last_name, phone, role) VALUES ('b5bd2a9d-f472-4e9a-aa78-552738834d77', 'MR JUDE', 'Unknown', '', 'guest') ON CONFLICT (id) DO NOTHING;
INSERT INTO auth.users (id, instance_id, aud, role, email, encrypted_password, email_confirmed_at, created_at, updated_at) VALUES ('aebc3581-53b0-462c-aa14-81d975372067', '00000000-0000-0000-0000-000000000000', 'authenticated', 'authenticated', 'no-email-5478@example.com', '$argon2id$v=19$m=65536,t=3,p=4$fQ7fF7Zl6j7Q7fF7Zl6j7A$fQ7fF7Zl6j7Q7fF7Zl6j7A', now(), now(), now()) ON CONFLICT (id) DO NOTHING;
INSERT INTO profiles (id, first_name, last_name, phone, role) VALUES ('aebc3581-53b0-462c-aa14-81d975372067', 'MR. SULEIMAN', 'Unknown', '', 'guest') ON CONFLICT (id) DO NOTHING;
INSERT INTO auth.users (id, instance_id, aud, role, email, encrypted_password, email_confirmed_at, created_at, updated_at) VALUES ('a3ee6a9e-ac2f-4464-8255-c193689e526a', '00000000-0000-0000-0000-000000000000', 'authenticated', 'authenticated', 'no-email-5481@example.com', '$argon2id$v=19$m=65536,t=3,p=4$fQ7fF7Zl6j7Q7fF7Zl6j7A$fQ7fF7Zl6j7Q7fF7Zl6j7A', now(), now(), now()) ON CONFLICT (id) DO NOTHING;
INSERT INTO profiles (id, first_name, last_name, phone, role) VALUES ('a3ee6a9e-ac2f-4464-8255-c193689e526a', 'MR JAMES', 'Unknown', '', 'guest') ON CONFLICT (id) DO NOTHING;
INSERT INTO auth.users (id, instance_id, aud, role, email, encrypted_password, email_confirmed_at, created_at, updated_at) VALUES ('cf7c8a69-960a-4556-9f4b-fb680a5e28b6', '00000000-0000-0000-0000-000000000000', 'authenticated', 'authenticated', 'no-email-5484@example.com', '$argon2id$v=19$m=65536,t=3,p=4$fQ7fF7Zl6j7Q7fF7Zl6j7A$fQ7fF7Zl6j7Q7fF7Zl6j7A', now(), now(), now()) ON CONFLICT (id) DO NOTHING;
INSERT INTO profiles (id, first_name, last_name, phone, role) VALUES ('cf7c8a69-960a-4556-9f4b-fb680a5e28b6', 'MR JAMES', 'Unknown', '', 'guest') ON CONFLICT (id) DO NOTHING;
INSERT INTO auth.users (id, instance_id, aud, role, email, encrypted_password, email_confirmed_at, created_at, updated_at) VALUES ('4278bb35-50a5-4657-92ef-fd2fff0c73d5', '00000000-0000-0000-0000-000000000000', 'authenticated', 'authenticated', 'no-email-5487@example.com', '$argon2id$v=19$m=65536,t=3,p=4$fQ7fF7Zl6j7Q7fF7Zl6j7A$fQ7fF7Zl6j7Q7fF7Zl6j7A', now(), now(), now()) ON CONFLICT (id) DO NOTHING;
INSERT INTO profiles (id, first_name, last_name, phone, role) VALUES ('4278bb35-50a5-4657-92ef-fd2fff0c73d5', 'SYLVESTER', 'OKUNGBOWA', '08161752385', 'guest') ON CONFLICT (id) DO NOTHING;
INSERT INTO auth.users (id, instance_id, aud, role, email, encrypted_password, email_confirmed_at, created_at, updated_at) VALUES ('bc7080d7-a0bd-425d-8882-f67cc0fc0603', '00000000-0000-0000-0000-000000000000', 'authenticated', 'authenticated', 'no-email-5492@example.com', '$argon2id$v=19$m=65536,t=3,p=4$fQ7fF7Zl6j7Q7fF7Zl6j7A$fQ7fF7Zl6j7Q7fF7Zl6j7A', now(), now(), now()) ON CONFLICT (id) DO NOTHING;
INSERT INTO profiles (id, first_name, last_name, phone, role) VALUES ('bc7080d7-a0bd-425d-8882-f67cc0fc0603', 'DAMILOLA', 'ATITEBI', '', 'guest') ON CONFLICT (id) DO NOTHING;
INSERT INTO auth.users (id, instance_id, aud, role, email, encrypted_password, email_confirmed_at, created_at, updated_at) VALUES ('43bb8ee0-433e-4684-9373-8debb6e8fa56', '00000000-0000-0000-0000-000000000000', 'authenticated', 'authenticated', 'no-email-5494@example.com', '$argon2id$v=19$m=65536,t=3,p=4$fQ7fF7Zl6j7Q7fF7Zl6j7A$fQ7fF7Zl6j7Q7fF7Zl6j7A', now(), now(), now()) ON CONFLICT (id) DO NOTHING;
INSERT INTO profiles (id, first_name, last_name, phone, role) VALUES ('43bb8ee0-433e-4684-9373-8debb6e8fa56', 'DOGO (ROYZ)', 'Unknown', '', 'guest') ON CONFLICT (id) DO NOTHING;
INSERT INTO auth.users (id, instance_id, aud, role, email, encrypted_password, email_confirmed_at, created_at, updated_at) VALUES ('67cde5d7-d0ad-4549-9b1b-c53397c2157e', '00000000-0000-0000-0000-000000000000', 'authenticated', 'authenticated', 'no-email-5501@example.com', '$argon2id$v=19$m=65536,t=3,p=4$fQ7fF7Zl6j7Q7fF7Zl6j7A$fQ7fF7Zl6j7Q7fF7Zl6j7A', now(), now(), now()) ON CONFLICT (id) DO NOTHING;
INSERT INTO profiles (id, first_name, last_name, phone, role) VALUES ('67cde5d7-d0ad-4549-9b1b-c53397c2157e', '04 SET', 'Unknown', '', 'guest') ON CONFLICT (id) DO NOTHING;
INSERT INTO auth.users (id, instance_id, aud, role, email, encrypted_password, email_confirmed_at, created_at, updated_at) VALUES ('48433278-d664-4f77-80cf-b50ff36f6537', '00000000-0000-0000-0000-000000000000', 'authenticated', 'authenticated', 'no-email-5504@example.com', '$argon2id$v=19$m=65536,t=3,p=4$fQ7fF7Zl6j7Q7fF7Zl6j7A$fQ7fF7Zl6j7Q7fF7Zl6j7A', now(), now(), now()) ON CONFLICT (id) DO NOTHING;
INSERT INTO profiles (id, first_name, last_name, phone, role) VALUES ('48433278-d664-4f77-80cf-b50ff36f6537', 'FAHD AYODELE', 'Unknown', '', 'guest') ON CONFLICT (id) DO NOTHING;
INSERT INTO auth.users (id, instance_id, aud, role, email, encrypted_password, email_confirmed_at, created_at, updated_at) VALUES ('4d005d72-9b4a-4588-9bc4-b42e0616e015', '00000000-0000-0000-0000-000000000000', 'authenticated', 'authenticated', 'no-email-5510@example.com', '$argon2id$v=19$m=65536,t=3,p=4$fQ7fF7Zl6j7Q7fF7Zl6j7A$fQ7fF7Zl6j7Q7fF7Zl6j7A', now(), now(), now()) ON CONFLICT (id) DO NOTHING;
INSERT INTO profiles (id, first_name, last_name, phone, role) VALUES ('4d005d72-9b4a-4588-9bc4-b42e0616e015', 'MR BASHIR', 'Unknown', '', 'guest') ON CONFLICT (id) DO NOTHING;
INSERT INTO auth.users (id, instance_id, aud, role, email, encrypted_password, email_confirmed_at, created_at, updated_at) VALUES ('35fddeda-db03-4723-9315-63f3aad2dfc9', '00000000-0000-0000-0000-000000000000', 'authenticated', 'authenticated', 'no-email-5512@example.com', '$argon2id$v=19$m=65536,t=3,p=4$fQ7fF7Zl6j7Q7fF7Zl6j7A$fQ7fF7Zl6j7Q7fF7Zl6j7A', now(), now(), now()) ON CONFLICT (id) DO NOTHING;
INSERT INTO profiles (id, first_name, last_name, phone, role) VALUES ('35fddeda-db03-4723-9315-63f3aad2dfc9', 'FELIX IDUGBE', 'Unknown', '', 'guest') ON CONFLICT (id) DO NOTHING;
INSERT INTO auth.users (id, instance_id, aud, role, email, encrypted_password, email_confirmed_at, created_at, updated_at) VALUES ('4f60c7b9-2519-4ed3-bbc7-b8748d384a2b', '00000000-0000-0000-0000-000000000000', 'authenticated', 'authenticated', 'no-email-5517@example.com', '$argon2id$v=19$m=65536,t=3,p=4$fQ7fF7Zl6j7Q7fF7Zl6j7A$fQ7fF7Zl6j7Q7fF7Zl6j7A', now(), now(), now()) ON CONFLICT (id) DO NOTHING;
INSERT INTO profiles (id, first_name, last_name, phone, role) VALUES ('4f60c7b9-2519-4ed3-bbc7-b8748d384a2b', 'IBRAHIM', 'GOMINA', '', 'guest') ON CONFLICT (id) DO NOTHING;
INSERT INTO auth.users (id, instance_id, aud, role, email, encrypted_password, email_confirmed_at, created_at, updated_at) VALUES ('f6ac1510-a04f-42ba-8e89-433b7294f0b4', '00000000-0000-0000-0000-000000000000', 'authenticated', 'authenticated', 'no-email-5523@example.com', '$argon2id$v=19$m=65536,t=3,p=4$fQ7fF7Zl6j7Q7fF7Zl6j7A$fQ7fF7Zl6j7Q7fF7Zl6j7A', now(), now(), now()) ON CONFLICT (id) DO NOTHING;
INSERT INTO profiles (id, first_name, last_name, phone, role) VALUES ('f6ac1510-a04f-42ba-8e89-433b7294f0b4', 'ENOCK T-PUMPY', 'Unknown', '', 'guest') ON CONFLICT (id) DO NOTHING;
INSERT INTO auth.users (id, instance_id, aud, role, email, encrypted_password, email_confirmed_at, created_at, updated_at) VALUES ('5be60739-b8b9-4908-bb38-e4bd45694040', '00000000-0000-0000-0000-000000000000', 'authenticated', 'authenticated', 'no-email-5527@example.com', '$argon2id$v=19$m=65536,t=3,p=4$fQ7fF7Zl6j7Q7fF7Zl6j7A$fQ7fF7Zl6j7Q7fF7Zl6j7A', now(), now(), now()) ON CONFLICT (id) DO NOTHING;
INSERT INTO profiles (id, first_name, last_name, phone, role) VALUES ('5be60739-b8b9-4908-bb38-e4bd45694040', 'DENNIS (OTI)', 'Unknown', '', 'guest') ON CONFLICT (id) DO NOTHING;
INSERT INTO auth.users (id, instance_id, aud, role, email, encrypted_password, email_confirmed_at, created_at, updated_at) VALUES ('fabf8860-c59a-4541-8516-7668a151efe1', '00000000-0000-0000-0000-000000000000', 'authenticated', 'authenticated', 'no-email-5529@example.com', '$argon2id$v=19$m=65536,t=3,p=4$fQ7fF7Zl6j7Q7fF7Zl6j7A$fQ7fF7Zl6j7Q7fF7Zl6j7A', now(), now(), now()) ON CONFLICT (id) DO NOTHING;
INSERT INTO profiles (id, first_name, last_name, phone, role) VALUES ('fabf8860-c59a-4541-8516-7668a151efe1', 'USMAN BASHIR', 'Unknown', '', 'guest') ON CONFLICT (id) DO NOTHING;
INSERT INTO auth.users (id, instance_id, aud, role, email, encrypted_password, email_confirmed_at, created_at, updated_at) VALUES ('a5b96186-af74-4592-ac3a-d878b604eb12', '00000000-0000-0000-0000-000000000000', 'authenticated', 'authenticated', 'no-email-5532@example.com', '$argon2id$v=19$m=65536,t=3,p=4$fQ7fF7Zl6j7Q7fF7Zl6j7A$fQ7fF7Zl6j7Q7fF7Zl6j7A', now(), now(), now()) ON CONFLICT (id) DO NOTHING;
INSERT INTO profiles (id, first_name, last_name, phone, role) VALUES ('a5b96186-af74-4592-ac3a-d878b604eb12', 'MR YUSUF', 'Unknown', '', 'guest') ON CONFLICT (id) DO NOTHING;
INSERT INTO auth.users (id, instance_id, aud, role, email, encrypted_password, email_confirmed_at, created_at, updated_at) VALUES ('1e7440c8-637e-4bfe-b575-0883c9be540f', '00000000-0000-0000-0000-000000000000', 'authenticated', 'authenticated', 'no-email-5537@example.com', '$argon2id$v=19$m=65536,t=3,p=4$fQ7fF7Zl6j7Q7fF7Zl6j7A$fQ7fF7Zl6j7Q7fF7Zl6j7A', now(), now(), now()) ON CONFLICT (id) DO NOTHING;
INSERT INTO profiles (id, first_name, last_name, phone, role) VALUES ('1e7440c8-637e-4bfe-b575-0883c9be540f', 'MERCY', 'ELECHI', '07089964119', 'guest') ON CONFLICT (id) DO NOTHING;
INSERT INTO auth.users (id, instance_id, aud, role, email, encrypted_password, email_confirmed_at, created_at, updated_at) VALUES ('40674528-c9aa-4f14-8118-85c87c19984a', '00000000-0000-0000-0000-000000000000', 'authenticated', 'authenticated', 'no-email-5544@example.com', '$argon2id$v=19$m=65536,t=3,p=4$fQ7fF7Zl6j7Q7fF7Zl6j7A$fQ7fF7Zl6j7Q7fF7Zl6j7A', now(), now(), now()) ON CONFLICT (id) DO NOTHING;
INSERT INTO profiles (id, first_name, last_name, phone, role) VALUES ('40674528-c9aa-4f14-8118-85c87c19984a', 'MR. DONALD', 'Unknown', '', 'guest') ON CONFLICT (id) DO NOTHING;
INSERT INTO auth.users (id, instance_id, aud, role, email, encrypted_password, email_confirmed_at, created_at, updated_at) VALUES ('3fdcbcde-92a8-4979-bc6f-dbe066137391', '00000000-0000-0000-0000-000000000000', 'authenticated', 'authenticated', 'no-email-5547@example.com', '$argon2id$v=19$m=65536,t=3,p=4$fQ7fF7Zl6j7Q7fF7Zl6j7A$fQ7fF7Zl6j7Q7fF7Zl6j7A', now(), now(), now()) ON CONFLICT (id) DO NOTHING;
INSERT INTO profiles (id, first_name, last_name, phone, role) VALUES ('3fdcbcde-92a8-4979-bc6f-dbe066137391', 'USMAN', 'Unknown', '', 'guest') ON CONFLICT (id) DO NOTHING;
INSERT INTO auth.users (id, instance_id, aud, role, email, encrypted_password, email_confirmed_at, created_at, updated_at) VALUES ('523c9e06-fd5b-4cad-8da3-024cc7272b2d', '00000000-0000-0000-0000-000000000000', 'authenticated', 'authenticated', 'no-email-5549@example.com', '$argon2id$v=19$m=65536,t=3,p=4$fQ7fF7Zl6j7Q7fF7Zl6j7A$fQ7fF7Zl6j7Q7fF7Zl6j7A', now(), now(), now()) ON CONFLICT (id) DO NOTHING;
INSERT INTO profiles (id, first_name, last_name, phone, role) VALUES ('523c9e06-fd5b-4cad-8da3-024cc7272b2d', 'MR BASHIR', 'Unknown', '', 'guest') ON CONFLICT (id) DO NOTHING;
INSERT INTO auth.users (id, instance_id, aud, role, email, encrypted_password, email_confirmed_at, created_at, updated_at) VALUES ('a2c6b8b0-1279-4204-b2fd-3868dc2451b0', '00000000-0000-0000-0000-000000000000', 'authenticated', 'authenticated', 'no-email-5553@example.com', '$argon2id$v=19$m=65536,t=3,p=4$fQ7fF7Zl6j7Q7fF7Zl6j7A$fQ7fF7Zl6j7Q7fF7Zl6j7A', now(), now(), now()) ON CONFLICT (id) DO NOTHING;
INSERT INTO profiles (id, first_name, last_name, phone, role) VALUES ('a2c6b8b0-1279-4204-b2fd-3868dc2451b0', 'MR BASHIR', 'Unknown', '', 'guest') ON CONFLICT (id) DO NOTHING;
INSERT INTO auth.users (id, instance_id, aud, role, email, encrypted_password, email_confirmed_at, created_at, updated_at) VALUES ('b03439d2-3014-47eb-83c8-3ac186f35831', '00000000-0000-0000-0000-000000000000', 'authenticated', 'authenticated', 'no-email-5556@example.com', '$argon2id$v=19$m=65536,t=3,p=4$fQ7fF7Zl6j7Q7fF7Zl6j7A$fQ7fF7Zl6j7Q7fF7Zl6j7A', now(), now(), now()) ON CONFLICT (id) DO NOTHING;
INSERT INTO profiles (id, first_name, last_name, phone, role) VALUES ('b03439d2-3014-47eb-83c8-3ac186f35831', 'ANTHONY', 'Unknown', '', 'guest') ON CONFLICT (id) DO NOTHING;
INSERT INTO auth.users (id, instance_id, aud, role, email, encrypted_password, email_confirmed_at, created_at, updated_at) VALUES ('333a6a41-aadb-4980-b7ac-3eabc4d932c8', '00000000-0000-0000-0000-000000000000', 'authenticated', 'authenticated', 'no-email-5558@example.com', '$argon2id$v=19$m=65536,t=3,p=4$fQ7fF7Zl6j7Q7fF7Zl6j7A$fQ7fF7Zl6j7Q7fF7Zl6j7A', now(), now(), now()) ON CONFLICT (id) DO NOTHING;
INSERT INTO profiles (id, first_name, last_name, phone, role) VALUES ('333a6a41-aadb-4980-b7ac-3eabc4d932c8', 'PATIENCE', 'Unknown', '08138565625', 'guest') ON CONFLICT (id) DO NOTHING;
INSERT INTO auth.users (id, instance_id, aud, role, email, encrypted_password, email_confirmed_at, created_at, updated_at) VALUES ('d47d51ee-fa19-43c9-abec-47f9b3298f2a', '00000000-0000-0000-0000-000000000000', 'authenticated', 'authenticated', 'no-email-5560@example.com', '$argon2id$v=19$m=65536,t=3,p=4$fQ7fF7Zl6j7Q7fF7Zl6j7A$fQ7fF7Zl6j7Q7fF7Zl6j7A', now(), now(), now()) ON CONFLICT (id) DO NOTHING;
INSERT INTO profiles (id, first_name, last_name, phone, role) VALUES ('d47d51ee-fa19-43c9-abec-47f9b3298f2a', 'ADAI', 'Unknown', '', 'guest') ON CONFLICT (id) DO NOTHING;
INSERT INTO auth.users (id, instance_id, aud, role, email, encrypted_password, email_confirmed_at, created_at, updated_at) VALUES ('7c61a236-b7e4-4380-9768-ffa323d897e5', '00000000-0000-0000-0000-000000000000', 'authenticated', 'authenticated', 'no-email-5567@example.com', '$argon2id$v=19$m=65536,t=3,p=4$fQ7fF7Zl6j7Q7fF7Zl6j7A$fQ7fF7Zl6j7Q7fF7Zl6j7A', now(), now(), now()) ON CONFLICT (id) DO NOTHING;
INSERT INTO profiles (id, first_name, last_name, phone, role) VALUES ('7c61a236-b7e4-4380-9768-ffa323d897e5', 'SALIHU', 'Unknown', '', 'guest') ON CONFLICT (id) DO NOTHING;
INSERT INTO auth.users (id, instance_id, aud, role, email, encrypted_password, email_confirmed_at, created_at, updated_at) VALUES ('5c12e804-db73-4649-90eb-b54d24207d83', '00000000-0000-0000-0000-000000000000', 'authenticated', 'authenticated', 'no-email-5572@example.com', '$argon2id$v=19$m=65536,t=3,p=4$fQ7fF7Zl6j7Q7fF7Zl6j7A$fQ7fF7Zl6j7Q7fF7Zl6j7A', now(), now(), now()) ON CONFLICT (id) DO NOTHING;
INSERT INTO profiles (id, first_name, last_name, phone, role) VALUES ('5c12e804-db73-4649-90eb-b54d24207d83', 'SHETTIMA', 'Unknown', '', 'guest') ON CONFLICT (id) DO NOTHING;
INSERT INTO auth.users (id, instance_id, aud, role, email, encrypted_password, email_confirmed_at, created_at, updated_at) VALUES ('a2e433d9-62bc-422e-a66c-a0ddf4086553', '00000000-0000-0000-0000-000000000000', 'authenticated', 'authenticated', 'no-email-5583@example.com', '$argon2id$v=19$m=65536,t=3,p=4$fQ7fF7Zl6j7Q7fF7Zl6j7A$fQ7fF7Zl6j7Q7fF7Zl6j7A', now(), now(), now()) ON CONFLICT (id) DO NOTHING;
INSERT INTO profiles (id, first_name, last_name, phone, role) VALUES ('a2e433d9-62bc-422e-a66c-a0ddf4086553', 'SOLOMON', 'IGWOBA', '08023189164', 'guest') ON CONFLICT (id) DO NOTHING;
INSERT INTO auth.users (id, instance_id, aud, role, email, encrypted_password, email_confirmed_at, created_at, updated_at) VALUES ('1449c592-d61a-417a-8f63-1b1600b3204e', '00000000-0000-0000-0000-000000000000', 'authenticated', 'authenticated', 'no-email-5587@example.com', '$argon2id$v=19$m=65536,t=3,p=4$fQ7fF7Zl6j7Q7fF7Zl6j7A$fQ7fF7Zl6j7Q7fF7Zl6j7A', now(), now(), now()) ON CONFLICT (id) DO NOTHING;
INSERT INTO profiles (id, first_name, last_name, phone, role) VALUES ('1449c592-d61a-417a-8f63-1b1600b3204e', 'MR BASHIR', 'MR BASHIR', '', 'guest') ON CONFLICT (id) DO NOTHING;
INSERT INTO auth.users (id, instance_id, aud, role, email, encrypted_password, email_confirmed_at, created_at, updated_at) VALUES ('4c0ff56f-7520-4b7d-ae46-28a4577e52a2', '00000000-0000-0000-0000-000000000000', 'authenticated', 'authenticated', 'no-email-5593@example.com', '$argon2id$v=19$m=65536,t=3,p=4$fQ7fF7Zl6j7Q7fF7Zl6j7A$fQ7fF7Zl6j7Q7fF7Zl6j7A', now(), now(), now()) ON CONFLICT (id) DO NOTHING;
INSERT INTO profiles (id, first_name, last_name, phone, role) VALUES ('4c0ff56f-7520-4b7d-ae46-28a4577e52a2', 'PRECIOUS', 'INWANG', '', 'guest') ON CONFLICT (id) DO NOTHING;
INSERT INTO auth.users (id, instance_id, aud, role, email, encrypted_password, email_confirmed_at, created_at, updated_at) VALUES ('6ebabc30-4d0f-4c2a-8c6c-59dc67d75bf1', '00000000-0000-0000-0000-000000000000', 'authenticated', 'authenticated', 'no-email-5597@example.com', '$argon2id$v=19$m=65536,t=3,p=4$fQ7fF7Zl6j7Q7fF7Zl6j7A$fQ7fF7Zl6j7Q7fF7Zl6j7A', now(), now(), now()) ON CONFLICT (id) DO NOTHING;
INSERT INTO profiles (id, first_name, last_name, phone, role) VALUES ('6ebabc30-4d0f-4c2a-8c6c-59dc67d75bf1', 'FROM MR IFEANYI', 'Unknown', '', 'guest') ON CONFLICT (id) DO NOTHING;
INSERT INTO auth.users (id, instance_id, aud, role, email, encrypted_password, email_confirmed_at, created_at, updated_at) VALUES ('15980b40-3afd-4685-8149-a85c9c4ed74d', '00000000-0000-0000-0000-000000000000', 'authenticated', 'authenticated', 'no-email-5599@example.com', '$argon2id$v=19$m=65536,t=3,p=4$fQ7fF7Zl6j7Q7fF7Zl6j7A$fQ7fF7Zl6j7Q7fF7Zl6j7A', now(), now(), now()) ON CONFLICT (id) DO NOTHING;
INSERT INTO profiles (id, first_name, last_name, phone, role) VALUES ('15980b40-3afd-4685-8149-a85c9c4ed74d', 'HELEN', 'ATTAH', '', 'guest') ON CONFLICT (id) DO NOTHING;
INSERT INTO auth.users (id, instance_id, aud, role, email, encrypted_password, email_confirmed_at, created_at, updated_at) VALUES ('8b35f4de-f589-4201-a051-7a5f72d114fb', '00000000-0000-0000-0000-000000000000', 'authenticated', 'authenticated', 'no-email-5604@example.com', '$argon2id$v=19$m=65536,t=3,p=4$fQ7fF7Zl6j7Q7fF7Zl6j7A$fQ7fF7Zl6j7Q7fF7Zl6j7A', now(), now(), now()) ON CONFLICT (id) DO NOTHING;
INSERT INTO profiles (id, first_name, last_name, phone, role) VALUES ('8b35f4de-f589-4201-a051-7a5f72d114fb', 'TRACY', 'HARRISON', '09060000234', 'guest') ON CONFLICT (id) DO NOTHING;
INSERT INTO auth.users (id, instance_id, aud, role, email, encrypted_password, email_confirmed_at, created_at, updated_at) VALUES ('b82beeee-7ec1-4c8d-9dec-c0ebe2eb45a6', '00000000-0000-0000-0000-000000000000', 'authenticated', 'authenticated', 'no-email-5610@example.com', '$argon2id$v=19$m=65536,t=3,p=4$fQ7fF7Zl6j7Q7fF7Zl6j7A$fQ7fF7Zl6j7Q7fF7Zl6j7A', now(), now(), now()) ON CONFLICT (id) DO NOTHING;
INSERT INTO profiles (id, first_name, last_name, phone, role) VALUES ('b82beeee-7ec1-4c8d-9dec-c0ebe2eb45a6', 'DAMILOLA', 'ATITEBI', '', 'guest') ON CONFLICT (id) DO NOTHING;
INSERT INTO auth.users (id, instance_id, aud, role, email, encrypted_password, email_confirmed_at, created_at, updated_at) VALUES ('caf4174d-313c-4100-a54d-dc8dffdc7227', '00000000-0000-0000-0000-000000000000', 'authenticated', 'authenticated', 'no-email-5616@example.com', '$argon2id$v=19$m=65536,t=3,p=4$fQ7fF7Zl6j7Q7fF7Zl6j7A$fQ7fF7Zl6j7Q7fF7Zl6j7A', now(), now(), now()) ON CONFLICT (id) DO NOTHING;
INSERT INTO profiles (id, first_name, last_name, phone, role) VALUES ('caf4174d-313c-4100-a54d-dc8dffdc7227', 'SAMSON GABRIEL', 'FUNOM', '', 'guest') ON CONFLICT (id) DO NOTHING;
INSERT INTO auth.users (id, instance_id, aud, role, email, encrypted_password, email_confirmed_at, created_at, updated_at) VALUES ('03e833e3-604d-4452-b025-10a0557cb55d', '00000000-0000-0000-0000-000000000000', 'authenticated', 'authenticated', 'no-email-5620@example.com', '$argon2id$v=19$m=65536,t=3,p=4$fQ7fF7Zl6j7Q7fF7Zl6j7A$fQ7fF7Zl6j7Q7fF7Zl6j7A', now(), now(), now()) ON CONFLICT (id) DO NOTHING;
INSERT INTO profiles (id, first_name, last_name, phone, role) VALUES ('03e833e3-604d-4452-b025-10a0557cb55d', 'IBUKUN', 'Unknown', '', 'guest') ON CONFLICT (id) DO NOTHING;
INSERT INTO auth.users (id, instance_id, aud, role, email, encrypted_password, email_confirmed_at, created_at, updated_at) VALUES ('04b016d8-2aa9-4008-8c77-e406f836ddf7', '00000000-0000-0000-0000-000000000000', 'authenticated', 'authenticated', 'no-email-5624@example.com', '$argon2id$v=19$m=65536,t=3,p=4$fQ7fF7Zl6j7Q7fF7Zl6j7A$fQ7fF7Zl6j7Q7fF7Zl6j7A', now(), now(), now()) ON CONFLICT (id) DO NOTHING;
INSERT INTO profiles (id, first_name, last_name, phone, role) VALUES ('04b016d8-2aa9-4008-8c77-e406f836ddf7', 'INNOCENT', 'Unknown', '', 'guest') ON CONFLICT (id) DO NOTHING;
INSERT INTO auth.users (id, instance_id, aud, role, email, encrypted_password, email_confirmed_at, created_at, updated_at) VALUES ('ceed1704-10bd-40fa-be3f-62cfe2700548', '00000000-0000-0000-0000-000000000000', 'authenticated', 'authenticated', 'no-email-5626@example.com', '$argon2id$v=19$m=65536,t=3,p=4$fQ7fF7Zl6j7Q7fF7Zl6j7A$fQ7fF7Zl6j7Q7fF7Zl6j7A', now(), now(), now()) ON CONFLICT (id) DO NOTHING;
INSERT INTO profiles (id, first_name, last_name, phone, role) VALUES ('ceed1704-10bd-40fa-be3f-62cfe2700548', 'EFFIONG BASSEY', 'Unknown', '', 'guest') ON CONFLICT (id) DO NOTHING;
INSERT INTO auth.users (id, instance_id, aud, role, email, encrypted_password, email_confirmed_at, created_at, updated_at) VALUES ('1eec9168-ccd9-45e6-8b7a-ab89b68b1fe7', '00000000-0000-0000-0000-000000000000', 'authenticated', 'authenticated', 'no-email-5629@example.com', '$argon2id$v=19$m=65536,t=3,p=4$fQ7fF7Zl6j7Q7fF7Zl6j7A$fQ7fF7Zl6j7Q7fF7Zl6j7A', now(), now(), now()) ON CONFLICT (id) DO NOTHING;
INSERT INTO profiles (id, first_name, last_name, phone, role) VALUES ('1eec9168-ccd9-45e6-8b7a-ab89b68b1fe7', 'FRIDAY', 'Unknown', '', 'guest') ON CONFLICT (id) DO NOTHING;
INSERT INTO auth.users (id, instance_id, aud, role, email, encrypted_password, email_confirmed_at, created_at, updated_at) VALUES ('ea0f0500-b5cd-415b-ae15-49f2f608d343', '00000000-0000-0000-0000-000000000000', 'authenticated', 'authenticated', 'no-email-5636@example.com', '$argon2id$v=19$m=65536,t=3,p=4$fQ7fF7Zl6j7Q7fF7Zl6j7A$fQ7fF7Zl6j7Q7fF7Zl6j7A', now(), now(), now()) ON CONFLICT (id) DO NOTHING;
INSERT INTO profiles (id, first_name, last_name, phone, role) VALUES ('ea0f0500-b5cd-415b-ae15-49f2f608d343', 'FELIX IDUGBE', 'Unknown', '', 'guest') ON CONFLICT (id) DO NOTHING;
INSERT INTO auth.users (id, instance_id, aud, role, email, encrypted_password, email_confirmed_at, created_at, updated_at) VALUES ('41d04f25-b427-4239-94bb-dba2f2226153', '00000000-0000-0000-0000-000000000000', 'authenticated', 'authenticated', 'no-email-5638@example.com', '$argon2id$v=19$m=65536,t=3,p=4$fQ7fF7Zl6j7Q7fF7Zl6j7A$fQ7fF7Zl6j7Q7fF7Zl6j7A', now(), now(), now()) ON CONFLICT (id) DO NOTHING;
INSERT INTO profiles (id, first_name, last_name, phone, role) VALUES ('41d04f25-b427-4239-94bb-dba2f2226153', 'SAMSON', 'Unknown', '', 'guest') ON CONFLICT (id) DO NOTHING;
INSERT INTO auth.users (id, instance_id, aud, role, email, encrypted_password, email_confirmed_at, created_at, updated_at) VALUES ('38de6718-eab2-42f8-bef4-d5dd0c129923', '00000000-0000-0000-0000-000000000000', 'authenticated', 'authenticated', 'no-email-5642@example.com', '$argon2id$v=19$m=65536,t=3,p=4$fQ7fF7Zl6j7Q7fF7Zl6j7A$fQ7fF7Zl6j7Q7fF7Zl6j7A', now(), now(), now()) ON CONFLICT (id) DO NOTHING;
INSERT INTO profiles (id, first_name, last_name, phone, role) VALUES ('38de6718-eab2-42f8-bef4-d5dd0c129923', 'LEGGES', 'Unknown', '', 'guest') ON CONFLICT (id) DO NOTHING;
INSERT INTO auth.users (id, instance_id, aud, role, email, encrypted_password, email_confirmed_at, created_at, updated_at) VALUES ('ddd280e9-b9c8-43ab-a4c6-b33e8e6aa0f0', '00000000-0000-0000-0000-000000000000', 'authenticated', 'authenticated', 'no-email-5644@example.com', '$argon2id$v=19$m=65536,t=3,p=4$fQ7fF7Zl6j7Q7fF7Zl6j7A$fQ7fF7Zl6j7Q7fF7Zl6j7A', now(), now(), now()) ON CONFLICT (id) DO NOTHING;
INSERT INTO profiles (id, first_name, last_name, phone, role) VALUES ('ddd280e9-b9c8-43ab-a4c6-b33e8e6aa0f0', 'AMINA', 'Unknown', '', 'guest') ON CONFLICT (id) DO NOTHING;
INSERT INTO auth.users (id, instance_id, aud, role, email, encrypted_password, email_confirmed_at, created_at, updated_at) VALUES ('fc4a4f46-5da1-4a34-8bdd-752085de59b2', '00000000-0000-0000-0000-000000000000', 'authenticated', 'authenticated', 'no-email-5646@example.com', '$argon2id$v=19$m=65536,t=3,p=4$fQ7fF7Zl6j7Q7fF7Zl6j7A$fQ7fF7Zl6j7Q7fF7Zl6j7A', now(), now(), now()) ON CONFLICT (id) DO NOTHING;
INSERT INTO profiles (id, first_name, last_name, phone, role) VALUES ('fc4a4f46-5da1-4a34-8bdd-752085de59b2', 'AMINA', 'Unknown', '', 'guest') ON CONFLICT (id) DO NOTHING;
INSERT INTO auth.users (id, instance_id, aud, role, email, encrypted_password, email_confirmed_at, created_at, updated_at) VALUES ('eb9ccdd8-0362-4f5b-8e73-99c4368e04c8', '00000000-0000-0000-0000-000000000000', 'authenticated', 'authenticated', 'no-email-5648@example.com', '$argon2id$v=19$m=65536,t=3,p=4$fQ7fF7Zl6j7Q7fF7Zl6j7A$fQ7fF7Zl6j7Q7fF7Zl6j7A', now(), now(), now()) ON CONFLICT (id) DO NOTHING;
INSERT INTO profiles (id, first_name, last_name, phone, role) VALUES ('eb9ccdd8-0362-4f5b-8e73-99c4368e04c8', 'AMINA', 'Unknown', '', 'guest') ON CONFLICT (id) DO NOTHING;
INSERT INTO auth.users (id, instance_id, aud, role, email, encrypted_password, email_confirmed_at, created_at, updated_at) VALUES ('2b71e6c5-c949-48fd-92ce-13063c3cabb5', '00000000-0000-0000-0000-000000000000', 'authenticated', 'authenticated', 'no-email-5650@example.com', '$argon2id$v=19$m=65536,t=3,p=4$fQ7fF7Zl6j7Q7fF7Zl6j7A$fQ7fF7Zl6j7Q7fF7Zl6j7A', now(), now(), now()) ON CONFLICT (id) DO NOTHING;
INSERT INTO profiles (id, first_name, last_name, phone, role) VALUES ('2b71e6c5-c949-48fd-92ce-13063c3cabb5', 'AMINA', 'Unknown', '', 'guest') ON CONFLICT (id) DO NOTHING;
INSERT INTO auth.users (id, instance_id, aud, role, email, encrypted_password, email_confirmed_at, created_at, updated_at) VALUES ('2d97b4bb-f373-4c92-8ea7-a2da7437b954', '00000000-0000-0000-0000-000000000000', 'authenticated', 'authenticated', 'no-email-5652@example.com', '$argon2id$v=19$m=65536,t=3,p=4$fQ7fF7Zl6j7Q7fF7Zl6j7A$fQ7fF7Zl6j7Q7fF7Zl6j7A', now(), now(), now()) ON CONFLICT (id) DO NOTHING;
INSERT INTO profiles (id, first_name, last_name, phone, role) VALUES ('2d97b4bb-f373-4c92-8ea7-a2da7437b954', 'AMINA', 'Unknown', '', 'guest') ON CONFLICT (id) DO NOTHING;
INSERT INTO auth.users (id, instance_id, aud, role, email, encrypted_password, email_confirmed_at, created_at, updated_at) VALUES ('60693bf4-2997-461c-a54b-5e7705787eb1', '00000000-0000-0000-0000-000000000000', 'authenticated', 'authenticated', 'no-email-5661@example.com', '$argon2id$v=19$m=65536,t=3,p=4$fQ7fF7Zl6j7Q7fF7Zl6j7A$fQ7fF7Zl6j7Q7fF7Zl6j7A', now(), now(), now()) ON CONFLICT (id) DO NOTHING;
INSERT INTO profiles (id, first_name, last_name, phone, role) VALUES ('60693bf4-2997-461c-a54b-5e7705787eb1', 'DENNIS (OTI)', 'Unknown', '', 'guest') ON CONFLICT (id) DO NOTHING;
INSERT INTO auth.users (id, instance_id, aud, role, email, encrypted_password, email_confirmed_at, created_at, updated_at) VALUES ('265b389f-ae9d-4346-b1e7-686152a38e2a', '00000000-0000-0000-0000-000000000000', 'authenticated', 'authenticated', 'no-email-5663@example.com', '$argon2id$v=19$m=65536,t=3,p=4$fQ7fF7Zl6j7Q7fF7Zl6j7A$fQ7fF7Zl6j7Q7fF7Zl6j7A', now(), now(), now()) ON CONFLICT (id) DO NOTHING;
INSERT INTO profiles (id, first_name, last_name, phone, role) VALUES ('265b389f-ae9d-4346-b1e7-686152a38e2a', 'DENNIS (OTI)', 'DENNIS (OTI)', '', 'guest') ON CONFLICT (id) DO NOTHING;
INSERT INTO auth.users (id, instance_id, aud, role, email, encrypted_password, email_confirmed_at, created_at, updated_at) VALUES ('70ed35be-42f5-4fb8-9edf-79e2fca0efb7', '00000000-0000-0000-0000-000000000000', 'authenticated', 'authenticated', 'no-email-5667@example.com', '$argon2id$v=19$m=65536,t=3,p=4$fQ7fF7Zl6j7Q7fF7Zl6j7A$fQ7fF7Zl6j7Q7fF7Zl6j7A', now(), now(), now()) ON CONFLICT (id) DO NOTHING;
INSERT INTO profiles (id, first_name, last_name, phone, role) VALUES ('70ed35be-42f5-4fb8-9edf-79e2fca0efb7', 'MR IBRAHIM', 'Unknown', '', 'guest') ON CONFLICT (id) DO NOTHING;
INSERT INTO auth.users (id, instance_id, aud, role, email, encrypted_password, email_confirmed_at, created_at, updated_at) VALUES ('f7419418-800e-42ec-8b08-c92bcf1d1442', '00000000-0000-0000-0000-000000000000', 'authenticated', 'authenticated', 'no-email-5669@example.com', '$argon2id$v=19$m=65536,t=3,p=4$fQ7fF7Zl6j7Q7fF7Zl6j7A$fQ7fF7Zl6j7Q7fF7Zl6j7A', now(), now(), now()) ON CONFLICT (id) DO NOTHING;
INSERT INTO profiles (id, first_name, last_name, phone, role) VALUES ('f7419418-800e-42ec-8b08-c92bcf1d1442', 'BELLACREARE', 'Unknown', '', 'guest') ON CONFLICT (id) DO NOTHING;
INSERT INTO auth.users (id, instance_id, aud, role, email, encrypted_password, email_confirmed_at, created_at, updated_at) VALUES ('be5ee5e4-ca99-4336-892b-83d432368ebd', '00000000-0000-0000-0000-000000000000', 'authenticated', 'authenticated', 'no-email-5673@example.com', '$argon2id$v=19$m=65536,t=3,p=4$fQ7fF7Zl6j7Q7fF7Zl6j7A$fQ7fF7Zl6j7Q7fF7Zl6j7A', now(), now(), now()) ON CONFLICT (id) DO NOTHING;
INSERT INTO profiles (id, first_name, last_name, phone, role) VALUES ('be5ee5e4-ca99-4336-892b-83d432368ebd', 'PETRINA', 'NANGWE', '', 'guest') ON CONFLICT (id) DO NOTHING;
INSERT INTO auth.users (id, instance_id, aud, role, email, encrypted_password, email_confirmed_at, created_at, updated_at) VALUES ('9cea56a7-1f69-4af7-8250-38527e73fd98', '00000000-0000-0000-0000-000000000000', 'authenticated', 'authenticated', 'no-email-5676@example.com', '$argon2id$v=19$m=65536,t=3,p=4$fQ7fF7Zl6j7Q7fF7Zl6j7A$fQ7fF7Zl6j7Q7fF7Zl6j7A', now(), now(), now()) ON CONFLICT (id) DO NOTHING;
INSERT INTO profiles (id, first_name, last_name, phone, role) VALUES ('9cea56a7-1f69-4af7-8250-38527e73fd98', 'PETRINA', 'NANGWE', '', 'guest') ON CONFLICT (id) DO NOTHING;
INSERT INTO auth.users (id, instance_id, aud, role, email, encrypted_password, email_confirmed_at, created_at, updated_at) VALUES ('52778a75-fe4b-4081-89bb-97a5567241dc', '00000000-0000-0000-0000-000000000000', 'authenticated', 'authenticated', 'no-email-5682@example.com', '$argon2id$v=19$m=65536,t=3,p=4$fQ7fF7Zl6j7Q7fF7Zl6j7A$fQ7fF7Zl6j7Q7fF7Zl6j7A', now(), now(), now()) ON CONFLICT (id) DO NOTHING;
INSERT INTO profiles (id, first_name, last_name, phone, role) VALUES ('52778a75-fe4b-4081-89bb-97a5567241dc', 'IDASIMEOKUMA', 'ABBEY', '', 'guest') ON CONFLICT (id) DO NOTHING;
INSERT INTO auth.users (id, instance_id, aud, role, email, encrypted_password, email_confirmed_at, created_at, updated_at) VALUES ('953dddd6-f011-41b0-9ea1-cbb8d019edc5', '00000000-0000-0000-0000-000000000000', 'authenticated', 'authenticated', 'no-email-5685@example.com', '$argon2id$v=19$m=65536,t=3,p=4$fQ7fF7Zl6j7Q7fF7Zl6j7A$fQ7fF7Zl6j7Q7fF7Zl6j7A', now(), now(), now()) ON CONFLICT (id) DO NOTHING;
INSERT INTO profiles (id, first_name, last_name, phone, role) VALUES ('953dddd6-f011-41b0-9ea1-cbb8d019edc5', 'MR YUSUF', 'Unknown', '', 'guest') ON CONFLICT (id) DO NOTHING;
INSERT INTO auth.users (id, instance_id, aud, role, email, encrypted_password, email_confirmed_at, created_at, updated_at) VALUES ('4d13fc9d-b86e-4708-97c3-1c89d20c6529', '00000000-0000-0000-0000-000000000000', 'authenticated', 'authenticated', 'no-email-5688@example.com', '$argon2id$v=19$m=65536,t=3,p=4$fQ7fF7Zl6j7Q7fF7Zl6j7A$fQ7fF7Zl6j7Q7fF7Zl6j7A', now(), now(), now()) ON CONFLICT (id) DO NOTHING;
INSERT INTO profiles (id, first_name, last_name, phone, role) VALUES ('4d13fc9d-b86e-4708-97c3-1c89d20c6529', 'BARR. SHEDRACK', 'Unknown', '', 'guest') ON CONFLICT (id) DO NOTHING;
INSERT INTO auth.users (id, instance_id, aud, role, email, encrypted_password, email_confirmed_at, created_at, updated_at) VALUES ('760d2ac5-e829-4029-86ad-77ade55bb04c', '00000000-0000-0000-0000-000000000000', 'authenticated', 'authenticated', 'no-email-5690@example.com', '$argon2id$v=19$m=65536,t=3,p=4$fQ7fF7Zl6j7Q7fF7Zl6j7A$fQ7fF7Zl6j7Q7fF7Zl6j7A', now(), now(), now()) ON CONFLICT (id) DO NOTHING;
INSERT INTO profiles (id, first_name, last_name, phone, role) VALUES ('760d2ac5-e829-4029-86ad-77ade55bb04c', 'IBRAHIM', 'Unknown', '', 'guest') ON CONFLICT (id) DO NOTHING;
INSERT INTO auth.users (id, instance_id, aud, role, email, encrypted_password, email_confirmed_at, created_at, updated_at) VALUES ('fe57f8c1-b33a-4c03-9cca-a4e96f6fccf9', '00000000-0000-0000-0000-000000000000', 'authenticated', 'authenticated', 'no-email-5692@example.com', '$argon2id$v=19$m=65536,t=3,p=4$fQ7fF7Zl6j7Q7fF7Zl6j7A$fQ7fF7Zl6j7Q7fF7Zl6j7A', now(), now(), now()) ON CONFLICT (id) DO NOTHING;
INSERT INTO profiles (id, first_name, last_name, phone, role) VALUES ('fe57f8c1-b33a-4c03-9cca-a4e96f6fccf9', 'EVANS', 'Unknown', '', 'guest') ON CONFLICT (id) DO NOTHING;
INSERT INTO auth.users (id, instance_id, aud, role, email, encrypted_password, email_confirmed_at, created_at, updated_at) VALUES ('e902e32a-e510-4eb3-8f36-172be6ecb1b7', '00000000-0000-0000-0000-000000000000', 'authenticated', 'authenticated', 'no-email-5694@example.com', '$argon2id$v=19$m=65536,t=3,p=4$fQ7fF7Zl6j7Q7fF7Zl6j7A$fQ7fF7Zl6j7Q7fF7Zl6j7A', now(), now(), now()) ON CONFLICT (id) DO NOTHING;
INSERT INTO profiles (id, first_name, last_name, phone, role) VALUES ('e902e32a-e510-4eb3-8f36-172be6ecb1b7', 'IBUKUN', 'Unknown', '', 'guest') ON CONFLICT (id) DO NOTHING;
INSERT INTO auth.users (id, instance_id, aud, role, email, encrypted_password, email_confirmed_at, created_at, updated_at) VALUES ('acebdc03-96e8-4484-aba7-e93a0128c66c', '00000000-0000-0000-0000-000000000000', 'authenticated', 'authenticated', 'no-email-5697@example.com', '$argon2id$v=19$m=65536,t=3,p=4$fQ7fF7Zl6j7Q7fF7Zl6j7A$fQ7fF7Zl6j7Q7fF7Zl6j7A', now(), now(), now()) ON CONFLICT (id) DO NOTHING;
INSERT INTO profiles (id, first_name, last_name, phone, role) VALUES ('acebdc03-96e8-4484-aba7-e93a0128c66c', 'MR. SULEIMAN', 'Unknown', '', 'guest') ON CONFLICT (id) DO NOTHING;
INSERT INTO auth.users (id, instance_id, aud, role, email, encrypted_password, email_confirmed_at, created_at, updated_at) VALUES ('2ba606f8-8563-42bf-b1f0-ab5ee862baac', '00000000-0000-0000-0000-000000000000', 'authenticated', 'authenticated', 'no-email-5700@example.com', '$argon2id$v=19$m=65536,t=3,p=4$fQ7fF7Zl6j7Q7fF7Zl6j7A$fQ7fF7Zl6j7Q7fF7Zl6j7A', now(), now(), now()) ON CONFLICT (id) DO NOTHING;
INSERT INTO profiles (id, first_name, last_name, phone, role) VALUES ('2ba606f8-8563-42bf-b1f0-ab5ee862baac', 'VICTOR GAGA', 'Unknown', '', 'guest') ON CONFLICT (id) DO NOTHING;
INSERT INTO auth.users (id, instance_id, aud, role, email, encrypted_password, email_confirmed_at, created_at, updated_at) VALUES ('ef44141e-7c1d-4051-b246-8e5893b50f22', '00000000-0000-0000-0000-000000000000', 'authenticated', 'authenticated', 'no-email-5702@example.com', '$argon2id$v=19$m=65536,t=3,p=4$fQ7fF7Zl6j7Q7fF7Zl6j7A$fQ7fF7Zl6j7Q7fF7Zl6j7A', now(), now(), now()) ON CONFLICT (id) DO NOTHING;
INSERT INTO profiles (id, first_name, last_name, phone, role) VALUES ('ef44141e-7c1d-4051-b246-8e5893b50f22', 'VICTOR GAGA', 'Unknown', '', 'guest') ON CONFLICT (id) DO NOTHING;
INSERT INTO auth.users (id, instance_id, aud, role, email, encrypted_password, email_confirmed_at, created_at, updated_at) VALUES ('b3f73c98-1398-456e-aa16-9aa106a42bf2', '00000000-0000-0000-0000-000000000000', 'authenticated', 'authenticated', 'no-email-5707@example.com', '$argon2id$v=19$m=65536,t=3,p=4$fQ7fF7Zl6j7Q7fF7Zl6j7A$fQ7fF7Zl6j7Q7fF7Zl6j7A', now(), now(), now()) ON CONFLICT (id) DO NOTHING;
INSERT INTO profiles (id, first_name, last_name, phone, role) VALUES ('b3f73c98-1398-456e-aa16-9aa106a42bf2', 'ABIMBOLA', 'Unknown', '', 'guest') ON CONFLICT (id) DO NOTHING;
INSERT INTO auth.users (id, instance_id, aud, role, email, encrypted_password, email_confirmed_at, created_at, updated_at) VALUES ('5e20c17f-23c6-44d1-a3ed-1257e9d63b39', '00000000-0000-0000-0000-000000000000', 'authenticated', 'authenticated', 'no-email-5710@example.com', '$argon2id$v=19$m=65536,t=3,p=4$fQ7fF7Zl6j7Q7fF7Zl6j7A$fQ7fF7Zl6j7Q7fF7Zl6j7A', now(), now(), now()) ON CONFLICT (id) DO NOTHING;
INSERT INTO profiles (id, first_name, last_name, phone, role) VALUES ('5e20c17f-23c6-44d1-a3ed-1257e9d63b39', 'BELLA', 'Unknown', '', 'guest') ON CONFLICT (id) DO NOTHING;
INSERT INTO auth.users (id, instance_id, aud, role, email, encrypted_password, email_confirmed_at, created_at, updated_at) VALUES ('42a441e1-7019-4396-9b6f-bdc9a22aa0bc', '00000000-0000-0000-0000-000000000000', 'authenticated', 'authenticated', 'no-email-5716@example.com', '$argon2id$v=19$m=65536,t=3,p=4$fQ7fF7Zl6j7Q7fF7Zl6j7A$fQ7fF7Zl6j7Q7fF7Zl6j7A', now(), now(), now()) ON CONFLICT (id) DO NOTHING;
INSERT INTO profiles (id, first_name, last_name, phone, role) VALUES ('42a441e1-7019-4396-9b6f-bdc9a22aa0bc', 'ABDULATEEF MAYOWA', 'ABDULSBASIT', '07080902824', 'guest') ON CONFLICT (id) DO NOTHING;
INSERT INTO auth.users (id, instance_id, aud, role, email, encrypted_password, email_confirmed_at, created_at, updated_at) VALUES ('14ccc230-2890-4849-bd3c-05737ca95c14', '00000000-0000-0000-0000-000000000000', 'authenticated', 'authenticated', 'no-email-5719@example.com', '$argon2id$v=19$m=65536,t=3,p=4$fQ7fF7Zl6j7Q7fF7Zl6j7A$fQ7fF7Zl6j7Q7fF7Zl6j7A', now(), now(), now()) ON CONFLICT (id) DO NOTHING;
INSERT INTO profiles (id, first_name, last_name, phone, role) VALUES ('14ccc230-2890-4849-bd3c-05737ca95c14', 'SEGUN', 'ADEYIBI', '', 'guest') ON CONFLICT (id) DO NOTHING;
INSERT INTO auth.users (id, instance_id, aud, role, email, encrypted_password, email_confirmed_at, created_at, updated_at) VALUES ('ef65f71c-b3a6-4038-a228-e8e4fdb2d607', '00000000-0000-0000-0000-000000000000', 'authenticated', 'authenticated', 'auxanojohn@gmail.com', '$argon2id$v=19$m=65536,t=3,p=4$fQ7fF7Zl6j7Q7fF7Zl6j7A$fQ7fF7Zl6j7Q7fF7Zl6j7A', now(), now(), now()) ON CONFLICT (id) DO NOTHING;
INSERT INTO profiles (id, first_name, last_name, phone, role) VALUES ('ef65f71c-b3a6-4038-a228-e8e4fdb2d607', 'JOHN', 'EICHIE', '07037461181', 'guest') ON CONFLICT (id) DO NOTHING;
INSERT INTO auth.users (id, instance_id, aud, role, email, encrypted_password, email_confirmed_at, created_at, updated_at) VALUES ('73fadb4e-286a-4f9f-a09d-8c4ebac50654', '00000000-0000-0000-0000-000000000000', 'authenticated', 'authenticated', 'no-email-5725@example.com', '$argon2id$v=19$m=65536,t=3,p=4$fQ7fF7Zl6j7Q7fF7Zl6j7A$fQ7fF7Zl6j7Q7fF7Zl6j7A', now(), now(), now()) ON CONFLICT (id) DO NOTHING;
INSERT INTO profiles (id, first_name, last_name, phone, role) VALUES ('73fadb4e-286a-4f9f-a09d-8c4ebac50654', 'Nifemi', 'Unknown', '', 'guest') ON CONFLICT (id) DO NOTHING;
INSERT INTO auth.users (id, instance_id, aud, role, email, encrypted_password, email_confirmed_at, created_at, updated_at) VALUES ('03d53900-0d7d-4584-955e-1711d6e3b4eb', '00000000-0000-0000-0000-000000000000', 'authenticated', 'authenticated', 'no-email-5727@example.com', '$argon2id$v=19$m=65536,t=3,p=4$fQ7fF7Zl6j7Q7fF7Zl6j7A$fQ7fF7Zl6j7Q7fF7Zl6j7A', now(), now(), now()) ON CONFLICT (id) DO NOTHING;
INSERT INTO profiles (id, first_name, last_name, phone, role) VALUES ('03d53900-0d7d-4584-955e-1711d6e3b4eb', 'PRAISE PETER', 'PRAISE PETER', '', 'guest') ON CONFLICT (id) DO NOTHING;
INSERT INTO auth.users (id, instance_id, aud, role, email, encrypted_password, email_confirmed_at, created_at, updated_at) VALUES ('e834a690-64f0-402a-b8dd-30047ac2bfdd', '00000000-0000-0000-0000-000000000000', 'authenticated', 'authenticated', 'no-email-5729@example.com', '$argon2id$v=19$m=65536,t=3,p=4$fQ7fF7Zl6j7Q7fF7Zl6j7A$fQ7fF7Zl6j7Q7fF7Zl6j7A', now(), now(), now()) ON CONFLICT (id) DO NOTHING;
INSERT INTO profiles (id, first_name, last_name, phone, role) VALUES ('e834a690-64f0-402a-b8dd-30047ac2bfdd', 'PRAISE PETER', 'Unknown', '', 'guest') ON CONFLICT (id) DO NOTHING;
INSERT INTO auth.users (id, instance_id, aud, role, email, encrypted_password, email_confirmed_at, created_at, updated_at) VALUES ('9441497b-ab39-4fed-a374-73c4dd10f77c', '00000000-0000-0000-0000-000000000000', 'authenticated', 'authenticated', 'no-email-5733@example.com', '$argon2id$v=19$m=65536,t=3,p=4$fQ7fF7Zl6j7Q7fF7Zl6j7A$fQ7fF7Zl6j7Q7fF7Zl6j7A', now(), now(), now()) ON CONFLICT (id) DO NOTHING;
INSERT INTO profiles (id, first_name, last_name, phone, role) VALUES ('9441497b-ab39-4fed-a374-73c4dd10f77c', 'GABRIEL SAMSON', 'FUNOM', '', 'guest') ON CONFLICT (id) DO NOTHING;
INSERT INTO auth.users (id, instance_id, aud, role, email, encrypted_password, email_confirmed_at, created_at, updated_at) VALUES ('378b1891-fc7a-4914-a856-65f8dc72bb92', '00000000-0000-0000-0000-000000000000', 'authenticated', 'authenticated', 'no-email-5742@example.com', '$argon2id$v=19$m=65536,t=3,p=4$fQ7fF7Zl6j7Q7fF7Zl6j7A$fQ7fF7Zl6j7Q7fF7Zl6j7A', now(), now(), now()) ON CONFLICT (id) DO NOTHING;
INSERT INTO profiles (id, first_name, last_name, phone, role) VALUES ('378b1891-fc7a-4914-a856-65f8dc72bb92', 'MR HANIF', 'Unknown', '', 'guest') ON CONFLICT (id) DO NOTHING;
INSERT INTO auth.users (id, instance_id, aud, role, email, encrypted_password, email_confirmed_at, created_at, updated_at) VALUES ('48d8452d-97c2-4c5e-9c15-23a04f4d8004', '00000000-0000-0000-0000-000000000000', 'authenticated', 'authenticated', 'no-email-5748@example.com', '$argon2id$v=19$m=65536,t=3,p=4$fQ7fF7Zl6j7Q7fF7Zl6j7A$fQ7fF7Zl6j7Q7fF7Zl6j7A', now(), now(), now()) ON CONFLICT (id) DO NOTHING;
INSERT INTO profiles (id, first_name, last_name, phone, role) VALUES ('48d8452d-97c2-4c5e-9c15-23a04f4d8004', 'MR SULEIMAN', 'Unknown', '', 'guest') ON CONFLICT (id) DO NOTHING;
INSERT INTO auth.users (id, instance_id, aud, role, email, encrypted_password, email_confirmed_at, created_at, updated_at) VALUES ('c30889be-9156-4270-8aea-e4a0bd9bd9f7', '00000000-0000-0000-0000-000000000000', 'authenticated', 'authenticated', 'no-email-5751@example.com', '$argon2id$v=19$m=65536,t=3,p=4$fQ7fF7Zl6j7Q7fF7Zl6j7A$fQ7fF7Zl6j7Q7fF7Zl6j7A', now(), now(), now()) ON CONFLICT (id) DO NOTHING;
INSERT INTO profiles (id, first_name, last_name, phone, role) VALUES ('c30889be-9156-4270-8aea-e4a0bd9bd9f7', 'CHURCHILL', 'Unknown', '', 'guest') ON CONFLICT (id) DO NOTHING;
INSERT INTO auth.users (id, instance_id, aud, role, email, encrypted_password, email_confirmed_at, created_at, updated_at) VALUES ('add082aa-bd3b-4dfd-af7e-12b2f40ffe80', '00000000-0000-0000-0000-000000000000', 'authenticated', 'authenticated', 'no-email-5753@example.com', '$argon2id$v=19$m=65536,t=3,p=4$fQ7fF7Zl6j7Q7fF7Zl6j7A$fQ7fF7Zl6j7Q7fF7Zl6j7A', now(), now(), now()) ON CONFLICT (id) DO NOTHING;
INSERT INTO profiles (id, first_name, last_name, phone, role) VALUES ('add082aa-bd3b-4dfd-af7e-12b2f40ffe80', 'FRANNY', 'Unknown', '', 'guest') ON CONFLICT (id) DO NOTHING;
INSERT INTO auth.users (id, instance_id, aud, role, email, encrypted_password, email_confirmed_at, created_at, updated_at) VALUES ('b692eb41-19b5-485f-b2d2-dac93d47274f', '00000000-0000-0000-0000-000000000000', 'authenticated', 'authenticated', 'no-email-5755@example.com', '$argon2id$v=19$m=65536,t=3,p=4$fQ7fF7Zl6j7Q7fF7Zl6j7A$fQ7fF7Zl6j7Q7fF7Zl6j7A', now(), now(), now()) ON CONFLICT (id) DO NOTHING;
INSERT INTO profiles (id, first_name, last_name, phone, role) VALUES ('b692eb41-19b5-485f-b2d2-dac93d47274f', 'KELLY', 'Unknown', '', 'guest') ON CONFLICT (id) DO NOTHING;
INSERT INTO auth.users (id, instance_id, aud, role, email, encrypted_password, email_confirmed_at, created_at, updated_at) VALUES ('430323a6-cc83-4e3b-88c5-26b3ec8af02c', '00000000-0000-0000-0000-000000000000', 'authenticated', 'authenticated', 'no-email-5758@example.com', '$argon2id$v=19$m=65536,t=3,p=4$fQ7fF7Zl6j7Q7fF7Zl6j7A$fQ7fF7Zl6j7Q7fF7Zl6j7A', now(), now(), now()) ON CONFLICT (id) DO NOTHING;
INSERT INTO profiles (id, first_name, last_name, phone, role) VALUES ('430323a6-cc83-4e3b-88c5-26b3ec8af02c', 'MR VICTOR', 'Unknown', '', 'guest') ON CONFLICT (id) DO NOTHING;
INSERT INTO auth.users (id, instance_id, aud, role, email, encrypted_password, email_confirmed_at, created_at, updated_at) VALUES ('774b04cb-5efb-407e-8ff7-71680ca680c9', '00000000-0000-0000-0000-000000000000', 'authenticated', 'authenticated', 'no-email-5763@example.com', '$argon2id$v=19$m=65536,t=3,p=4$fQ7fF7Zl6j7Q7fF7Zl6j7A$fQ7fF7Zl6j7Q7fF7Zl6j7A', now(), now(), now()) ON CONFLICT (id) DO NOTHING;
INSERT INTO profiles (id, first_name, last_name, phone, role) VALUES ('774b04cb-5efb-407e-8ff7-71680ca680c9', 'MICHEAL ODITHA', 'Unknown', '', 'guest') ON CONFLICT (id) DO NOTHING;
INSERT INTO auth.users (id, instance_id, aud, role, email, encrypted_password, email_confirmed_at, created_at, updated_at) VALUES ('1128dcfe-cd34-4669-baee-35cbff2ab54b', '00000000-0000-0000-0000-000000000000', 'authenticated', 'authenticated', 'no-email-5773@example.com', '$argon2id$v=19$m=65536,t=3,p=4$fQ7fF7Zl6j7Q7fF7Zl6j7A$fQ7fF7Zl6j7Q7fF7Zl6j7A', now(), now(), now()) ON CONFLICT (id) DO NOTHING;
INSERT INTO profiles (id, first_name, last_name, phone, role) VALUES ('1128dcfe-cd34-4669-baee-35cbff2ab54b', 'AMINA', 'Unknown', '', 'guest') ON CONFLICT (id) DO NOTHING;
INSERT INTO auth.users (id, instance_id, aud, role, email, encrypted_password, email_confirmed_at, created_at, updated_at) VALUES ('b56bbd81-b39f-4439-9dbf-d3aa5cabb721', '00000000-0000-0000-0000-000000000000', 'authenticated', 'authenticated', 'no-email-5775@example.com', '$argon2id$v=19$m=65536,t=3,p=4$fQ7fF7Zl6j7Q7fF7Zl6j7A$fQ7fF7Zl6j7Q7fF7Zl6j7A', now(), now(), now()) ON CONFLICT (id) DO NOTHING;
INSERT INTO profiles (id, first_name, last_name, phone, role) VALUES ('b56bbd81-b39f-4439-9dbf-d3aa5cabb721', 'PROMISE', 'Unknown', '', 'guest') ON CONFLICT (id) DO NOTHING;
INSERT INTO auth.users (id, instance_id, aud, role, email, encrypted_password, email_confirmed_at, created_at, updated_at) VALUES ('384a6706-ef2f-4e35-bf13-fae718553428', '00000000-0000-0000-0000-000000000000', 'authenticated', 'authenticated', 'no-email-5777@example.com', '$argon2id$v=19$m=65536,t=3,p=4$fQ7fF7Zl6j7Q7fF7Zl6j7A$fQ7fF7Zl6j7Q7fF7Zl6j7A', now(), now(), now()) ON CONFLICT (id) DO NOTHING;
INSERT INTO profiles (id, first_name, last_name, phone, role) VALUES ('384a6706-ef2f-4e35-bf13-fae718553428', 'MUSTY', 'Unknown', '', 'guest') ON CONFLICT (id) DO NOTHING;
INSERT INTO auth.users (id, instance_id, aud, role, email, encrypted_password, email_confirmed_at, created_at, updated_at) VALUES ('648e581c-a42d-4c40-b0d1-913298ea8f2c', '00000000-0000-0000-0000-000000000000', 'authenticated', 'authenticated', 'no-email-5779@example.com', '$argon2id$v=19$m=65536,t=3,p=4$fQ7fF7Zl6j7Q7fF7Zl6j7A$fQ7fF7Zl6j7Q7fF7Zl6j7A', now(), now(), now()) ON CONFLICT (id) DO NOTHING;
INSERT INTO profiles (id, first_name, last_name, phone, role) VALUES ('648e581c-a42d-4c40-b0d1-913298ea8f2c', 'UMAR', 'Unknown', '', 'guest') ON CONFLICT (id) DO NOTHING;
INSERT INTO auth.users (id, instance_id, aud, role, email, encrypted_password, email_confirmed_at, created_at, updated_at) VALUES ('60434f6c-a665-447d-8f80-a99fd3fa1114', '00000000-0000-0000-0000-000000000000', 'authenticated', 'authenticated', 'no-email-5787@example.com', '$argon2id$v=19$m=65536,t=3,p=4$fQ7fF7Zl6j7Q7fF7Zl6j7A$fQ7fF7Zl6j7Q7fF7Zl6j7A', now(), now(), now()) ON CONFLICT (id) DO NOTHING;
INSERT INTO profiles (id, first_name, last_name, phone, role) VALUES ('60434f6c-a665-447d-8f80-a99fd3fa1114', 'MICHAEL', 'ODITAH', '', 'guest') ON CONFLICT (id) DO NOTHING;
INSERT INTO auth.users (id, instance_id, aud, role, email, encrypted_password, email_confirmed_at, created_at, updated_at) VALUES ('3b6d7c37-15ca-4866-b369-27e683718169', '00000000-0000-0000-0000-000000000000', 'authenticated', 'authenticated', 'no-email-5790@example.com', '$argon2id$v=19$m=65536,t=3,p=4$fQ7fF7Zl6j7Q7fF7Zl6j7A$fQ7fF7Zl6j7Q7fF7Zl6j7A', now(), now(), now()) ON CONFLICT (id) DO NOTHING;
INSERT INTO profiles (id, first_name, last_name, phone, role) VALUES ('3b6d7c37-15ca-4866-b369-27e683718169', 'MALIK', 'Unknown', '', 'guest') ON CONFLICT (id) DO NOTHING;
INSERT INTO auth.users (id, instance_id, aud, role, email, encrypted_password, email_confirmed_at, created_at, updated_at) VALUES ('777dce07-be4d-4c4f-8519-217203c4ae48', '00000000-0000-0000-0000-000000000000', 'authenticated', 'authenticated', 'no-email-5793@example.com', '$argon2id$v=19$m=65536,t=3,p=4$fQ7fF7Zl6j7Q7fF7Zl6j7A$fQ7fF7Zl6j7Q7fF7Zl6j7A', now(), now(), now()) ON CONFLICT (id) DO NOTHING;
INSERT INTO profiles (id, first_name, last_name, phone, role) VALUES ('777dce07-be4d-4c4f-8519-217203c4ae48', 'FAITH', 'Unknown', '', 'guest') ON CONFLICT (id) DO NOTHING;
INSERT INTO auth.users (id, instance_id, aud, role, email, encrypted_password, email_confirmed_at, created_at, updated_at) VALUES ('54040d03-a324-473c-8f0a-cf6487884375', '00000000-0000-0000-0000-000000000000', 'authenticated', 'authenticated', 'no-email-5796@example.com', '$argon2id$v=19$m=65536,t=3,p=4$fQ7fF7Zl6j7Q7fF7Zl6j7A$fQ7fF7Zl6j7Q7fF7Zl6j7A', now(), now(), now()) ON CONFLICT (id) DO NOTHING;
INSERT INTO profiles (id, first_name, last_name, phone, role) VALUES ('54040d03-a324-473c-8f0a-cf6487884375', 'TURKU', 'Unknown', '', 'guest') ON CONFLICT (id) DO NOTHING;
INSERT INTO auth.users (id, instance_id, aud, role, email, encrypted_password, email_confirmed_at, created_at, updated_at) VALUES ('4350211e-f12e-41c2-8899-b8ae57672f3d', '00000000-0000-0000-0000-000000000000', 'authenticated', 'authenticated', 'no-email-5799@example.com', '$argon2id$v=19$m=65536,t=3,p=4$fQ7fF7Zl6j7Q7fF7Zl6j7A$fQ7fF7Zl6j7Q7fF7Zl6j7A', now(), now(), now()) ON CONFLICT (id) DO NOTHING;
INSERT INTO profiles (id, first_name, last_name, phone, role) VALUES ('4350211e-f12e-41c2-8899-b8ae57672f3d', 'YVONNE', 'Unknown', '', 'guest') ON CONFLICT (id) DO NOTHING;
INSERT INTO auth.users (id, instance_id, aud, role, email, encrypted_password, email_confirmed_at, created_at, updated_at) VALUES ('55ccf280-3058-4432-afd1-d3f41d2c200e', '00000000-0000-0000-0000-000000000000', 'authenticated', 'authenticated', 'no-email-5803@example.com', '$argon2id$v=19$m=65536,t=3,p=4$fQ7fF7Zl6j7Q7fF7Zl6j7A$fQ7fF7Zl6j7Q7fF7Zl6j7A', now(), now(), now()) ON CONFLICT (id) DO NOTHING;
INSERT INTO profiles (id, first_name, last_name, phone, role) VALUES ('55ccf280-3058-4432-afd1-d3f41d2c200e', 'BETHEL', 'Unknown', '', 'guest') ON CONFLICT (id) DO NOTHING;
INSERT INTO auth.users (id, instance_id, aud, role, email, encrypted_password, email_confirmed_at, created_at, updated_at) VALUES ('3b97a2fd-9312-448b-9a82-6c7b5b98cc2f', '00000000-0000-0000-0000-000000000000', 'authenticated', 'authenticated', 'no-email-5808@example.com', '$argon2id$v=19$m=65536,t=3,p=4$fQ7fF7Zl6j7Q7fF7Zl6j7A$fQ7fF7Zl6j7Q7fF7Zl6j7A', now(), now(), now()) ON CONFLICT (id) DO NOTHING;
INSERT INTO profiles (id, first_name, last_name, phone, role) VALUES ('3b97a2fd-9312-448b-9a82-6c7b5b98cc2f', 'EMEKA', 'Unknown', '', 'guest') ON CONFLICT (id) DO NOTHING;
INSERT INTO auth.users (id, instance_id, aud, role, email, encrypted_password, email_confirmed_at, created_at, updated_at) VALUES ('4313b691-7ae6-47b5-bb23-a1067f12c3ea', '00000000-0000-0000-0000-000000000000', 'authenticated', 'authenticated', 'no-email-5813@example.com', '$argon2id$v=19$m=65536,t=3,p=4$fQ7fF7Zl6j7Q7fF7Zl6j7A$fQ7fF7Zl6j7Q7fF7Zl6j7A', now(), now(), now()) ON CONFLICT (id) DO NOTHING;
INSERT INTO profiles (id, first_name, last_name, phone, role) VALUES ('4313b691-7ae6-47b5-bb23-a1067f12c3ea', 'GOD''S GIFT', 'Unknown', '', 'guest') ON CONFLICT (id) DO NOTHING;
INSERT INTO auth.users (id, instance_id, aud, role, email, encrypted_password, email_confirmed_at, created_at, updated_at) VALUES ('65cf7b97-fb5c-4112-acf7-9d26caaa303e', '00000000-0000-0000-0000-000000000000', 'authenticated', 'authenticated', 'no-email-5815@example.com', '$argon2id$v=19$m=65536,t=3,p=4$fQ7fF7Zl6j7Q7fF7Zl6j7A$fQ7fF7Zl6j7Q7fF7Zl6j7A', now(), now(), now()) ON CONFLICT (id) DO NOTHING;
INSERT INTO profiles (id, first_name, last_name, phone, role) VALUES ('65cf7b97-fb5c-4112-acf7-9d26caaa303e', 'FRANCIS', 'Unknown', '', 'guest') ON CONFLICT (id) DO NOTHING;
INSERT INTO auth.users (id, instance_id, aud, role, email, encrypted_password, email_confirmed_at, created_at, updated_at) VALUES ('adc3d8f4-aac4-45e3-80da-4adbddf98cba', '00000000-0000-0000-0000-000000000000', 'authenticated', 'authenticated', 'no-email-5818@example.com', '$argon2id$v=19$m=65536,t=3,p=4$fQ7fF7Zl6j7Q7fF7Zl6j7A$fQ7fF7Zl6j7Q7fF7Zl6j7A', now(), now(), now()) ON CONFLICT (id) DO NOTHING;
INSERT INTO profiles (id, first_name, last_name, phone, role) VALUES ('adc3d8f4-aac4-45e3-80da-4adbddf98cba', 'STORMZ', 'Unknown', '', 'guest') ON CONFLICT (id) DO NOTHING;
INSERT INTO auth.users (id, instance_id, aud, role, email, encrypted_password, email_confirmed_at, created_at, updated_at) VALUES ('3adbbd72-7aee-4ae1-ab97-19246c0865e0', '00000000-0000-0000-0000-000000000000', 'authenticated', 'authenticated', 'no-email-5821@example.com', '$argon2id$v=19$m=65536,t=3,p=4$fQ7fF7Zl6j7Q7fF7Zl6j7A$fQ7fF7Zl6j7Q7fF7Zl6j7A', now(), now(), now()) ON CONFLICT (id) DO NOTHING;
INSERT INTO profiles (id, first_name, last_name, phone, role) VALUES ('3adbbd72-7aee-4ae1-ab97-19246c0865e0', 'BAYO', 'Unknown', '', 'guest') ON CONFLICT (id) DO NOTHING;
INSERT INTO auth.users (id, instance_id, aud, role, email, encrypted_password, email_confirmed_at, created_at, updated_at) VALUES ('724ea26c-efa5-43bf-9c54-bfb57acce3f9', '00000000-0000-0000-0000-000000000000', 'authenticated', 'authenticated', 'no-email-5826@example.com', '$argon2id$v=19$m=65536,t=3,p=4$fQ7fF7Zl6j7Q7fF7Zl6j7A$fQ7fF7Zl6j7Q7fF7Zl6j7A', now(), now(), now()) ON CONFLICT (id) DO NOTHING;
INSERT INTO profiles (id, first_name, last_name, phone, role) VALUES ('724ea26c-efa5-43bf-9c54-bfb57acce3f9', 'EMMY', 'Unknown', '', 'guest') ON CONFLICT (id) DO NOTHING;
INSERT INTO auth.users (id, instance_id, aud, role, email, encrypted_password, email_confirmed_at, created_at, updated_at) VALUES ('ee170c2e-ab7e-4078-b4bd-bbcfda15b3ac', '00000000-0000-0000-0000-000000000000', 'authenticated', 'authenticated', 'no-email-5828@example.com', '$argon2id$v=19$m=65536,t=3,p=4$fQ7fF7Zl6j7Q7fF7Zl6j7A$fQ7fF7Zl6j7Q7fF7Zl6j7A', now(), now(), now()) ON CONFLICT (id) DO NOTHING;
INSERT INTO profiles (id, first_name, last_name, phone, role) VALUES ('ee170c2e-ab7e-4078-b4bd-bbcfda15b3ac', 'EFE HONOUR', 'Unknown', '', 'guest') ON CONFLICT (id) DO NOTHING;
INSERT INTO auth.users (id, instance_id, aud, role, email, encrypted_password, email_confirmed_at, created_at, updated_at) VALUES ('23342839-5956-4f14-9c7c-af86fe9c2f14', '00000000-0000-0000-0000-000000000000', 'authenticated', 'authenticated', 'no-email-5831@example.com', '$argon2id$v=19$m=65536,t=3,p=4$fQ7fF7Zl6j7Q7fF7Zl6j7A$fQ7fF7Zl6j7Q7fF7Zl6j7A', now(), now(), now()) ON CONFLICT (id) DO NOTHING;
INSERT INTO profiles (id, first_name, last_name, phone, role) VALUES ('23342839-5956-4f14-9c7c-af86fe9c2f14', 'BASHIR', 'Unknown', '', 'guest') ON CONFLICT (id) DO NOTHING;
INSERT INTO auth.users (id, instance_id, aud, role, email, encrypted_password, email_confirmed_at, created_at, updated_at) VALUES ('d5cc760c-0cff-4a43-bce5-2d35aa70742a', '00000000-0000-0000-0000-000000000000', 'authenticated', 'authenticated', 'oyebodejolayemi@gmail.com', '$argon2id$v=19$m=65536,t=3,p=4$fQ7fF7Zl6j7Q7fF7Zl6j7A$fQ7fF7Zl6j7Q7fF7Zl6j7A', now(), now(), now()) ON CONFLICT (id) DO NOTHING;
INSERT INTO profiles (id, first_name, last_name, phone, role) VALUES ('d5cc760c-0cff-4a43-bce5-2d35aa70742a', 'Muhammad', 'Oyebode', '09133153388', 'guest') ON CONFLICT (id) DO NOTHING;
INSERT INTO auth.users (id, instance_id, aud, role, email, encrypted_password, email_confirmed_at, created_at, updated_at) VALUES ('f1e41109-f923-4a78-91cc-8a8a7af1e63e', '00000000-0000-0000-0000-000000000000', 'authenticated', 'authenticated', 'no-email-5844@example.com', '$argon2id$v=19$m=65536,t=3,p=4$fQ7fF7Zl6j7Q7fF7Zl6j7A$fQ7fF7Zl6j7Q7fF7Zl6j7A', now(), now(), now()) ON CONFLICT (id) DO NOTHING;
INSERT INTO profiles (id, first_name, last_name, phone, role) VALUES ('f1e41109-f923-4a78-91cc-8a8a7af1e63e', 'BETHEL', 'Unknown', '', 'guest') ON CONFLICT (id) DO NOTHING;
INSERT INTO auth.users (id, instance_id, aud, role, email, encrypted_password, email_confirmed_at, created_at, updated_at) VALUES ('f13dc15a-4af6-43ba-b415-d86a278e12d0', '00000000-0000-0000-0000-000000000000', 'authenticated', 'authenticated', 'no-email-5846@example.com', '$argon2id$v=19$m=65536,t=3,p=4$fQ7fF7Zl6j7Q7fF7Zl6j7A$fQ7fF7Zl6j7Q7fF7Zl6j7A', now(), now(), now()) ON CONFLICT (id) DO NOTHING;
INSERT INTO profiles (id, first_name, last_name, phone, role) VALUES ('f13dc15a-4af6-43ba-b415-d86a278e12d0', 'MICHAEL', 'Unknown', '', 'guest') ON CONFLICT (id) DO NOTHING;
INSERT INTO auth.users (id, instance_id, aud, role, email, encrypted_password, email_confirmed_at, created_at, updated_at) VALUES ('fdcdf9dc-2fa9-4325-ae42-299b2d2bdf06', '00000000-0000-0000-0000-000000000000', 'authenticated', 'authenticated', 'no-email-5849@example.com', '$argon2id$v=19$m=65536,t=3,p=4$fQ7fF7Zl6j7Q7fF7Zl6j7A$fQ7fF7Zl6j7Q7fF7Zl6j7A', now(), now(), now()) ON CONFLICT (id) DO NOTHING;
INSERT INTO profiles (id, first_name, last_name, phone, role) VALUES ('fdcdf9dc-2fa9-4325-ae42-299b2d2bdf06', 'MR. KK', 'Unknown', '', 'guest') ON CONFLICT (id) DO NOTHING;
INSERT INTO auth.users (id, instance_id, aud, role, email, encrypted_password, email_confirmed_at, created_at, updated_at) VALUES ('680ec0af-426b-46f2-91f7-ee1e1c3999ca', '00000000-0000-0000-0000-000000000000', 'authenticated', 'authenticated', 'no-email-5854@example.com', '$argon2id$v=19$m=65536,t=3,p=4$fQ7fF7Zl6j7Q7fF7Zl6j7A$fQ7fF7Zl6j7Q7fF7Zl6j7A', now(), now(), now()) ON CONFLICT (id) DO NOTHING;
INSERT INTO profiles (id, first_name, last_name, phone, role) VALUES ('680ec0af-426b-46f2-91f7-ee1e1c3999ca', 'MR. FELIX', 'Unknown', '', 'guest') ON CONFLICT (id) DO NOTHING;
INSERT INTO auth.users (id, instance_id, aud, role, email, encrypted_password, email_confirmed_at, created_at, updated_at) VALUES ('8d088785-7608-4467-9ae8-a830203a91af', '00000000-0000-0000-0000-000000000000', 'authenticated', 'authenticated', 'no-email-5858@example.com', '$argon2id$v=19$m=65536,t=3,p=4$fQ7fF7Zl6j7Q7fF7Zl6j7A$fQ7fF7Zl6j7Q7fF7Zl6j7A', now(), now(), now()) ON CONFLICT (id) DO NOTHING;
INSERT INTO profiles (id, first_name, last_name, phone, role) VALUES ('8d088785-7608-4467-9ae8-a830203a91af', 'MICHAEL', 'Unknown', '', 'guest') ON CONFLICT (id) DO NOTHING;
INSERT INTO auth.users (id, instance_id, aud, role, email, encrypted_password, email_confirmed_at, created_at, updated_at) VALUES ('bdc9ebaf-1fd4-4ae4-8471-6d4a2cef9c9b', '00000000-0000-0000-0000-000000000000', 'authenticated', 'authenticated', 'no-email-5861@example.com', '$argon2id$v=19$m=65536,t=3,p=4$fQ7fF7Zl6j7Q7fF7Zl6j7A$fQ7fF7Zl6j7Q7fF7Zl6j7A', now(), now(), now()) ON CONFLICT (id) DO NOTHING;
INSERT INTO profiles (id, first_name, last_name, phone, role) VALUES ('bdc9ebaf-1fd4-4ae4-8471-6d4a2cef9c9b', 'MR VICTOR', 'Unknown', '', 'guest') ON CONFLICT (id) DO NOTHING;
INSERT INTO auth.users (id, instance_id, aud, role, email, encrypted_password, email_confirmed_at, created_at, updated_at) VALUES ('beab92bb-25c3-417c-9266-39c847f23785', '00000000-0000-0000-0000-000000000000', 'authenticated', 'authenticated', 'no-email-5864@example.com', '$argon2id$v=19$m=65536,t=3,p=4$fQ7fF7Zl6j7Q7fF7Zl6j7A$fQ7fF7Zl6j7Q7fF7Zl6j7A', now(), now(), now()) ON CONFLICT (id) DO NOTHING;
INSERT INTO profiles (id, first_name, last_name, phone, role) VALUES ('beab92bb-25c3-417c-9266-39c847f23785', 'JERRY', 'Unknown', '', 'guest') ON CONFLICT (id) DO NOTHING;
INSERT INTO auth.users (id, instance_id, aud, role, email, encrypted_password, email_confirmed_at, created_at, updated_at) VALUES ('324809fa-38c1-4576-8893-aef7aae03790', '00000000-0000-0000-0000-000000000000', 'authenticated', 'authenticated', 'no-email-5873@example.com', '$argon2id$v=19$m=65536,t=3,p=4$fQ7fF7Zl6j7Q7fF7Zl6j7A$fQ7fF7Zl6j7Q7fF7Zl6j7A', now(), now(), now()) ON CONFLICT (id) DO NOTHING;
INSERT INTO profiles (id, first_name, last_name, phone, role) VALUES ('324809fa-38c1-4576-8893-aef7aae03790', 'MR. CHARLES', 'BALOGUN', '', 'guest') ON CONFLICT (id) DO NOTHING;
INSERT INTO auth.users (id, instance_id, aud, role, email, encrypted_password, email_confirmed_at, created_at, updated_at) VALUES ('f9f6b731-59dc-4002-9524-913769ce36de', '00000000-0000-0000-0000-000000000000', 'authenticated', 'authenticated', 'no-email-5876@example.com', '$argon2id$v=19$m=65536,t=3,p=4$fQ7fF7Zl6j7Q7fF7Zl6j7A$fQ7fF7Zl6j7Q7fF7Zl6j7A', now(), now(), now()) ON CONFLICT (id) DO NOTHING;
INSERT INTO profiles (id, first_name, last_name, phone, role) VALUES ('f9f6b731-59dc-4002-9524-913769ce36de', 'VICTOR WINNER', 'NMERE', '07014353572', 'guest') ON CONFLICT (id) DO NOTHING;
INSERT INTO auth.users (id, instance_id, aud, role, email, encrypted_password, email_confirmed_at, created_at, updated_at) VALUES ('0028ebf4-6289-4c62-9b75-8651bbf89a83', '00000000-0000-0000-0000-000000000000', 'authenticated', 'authenticated', 'no-email-5883@example.com', '$argon2id$v=19$m=65536,t=3,p=4$fQ7fF7Zl6j7Q7fF7Zl6j7A$fQ7fF7Zl6j7Q7fF7Zl6j7A', now(), now(), now()) ON CONFLICT (id) DO NOTHING;
INSERT INTO profiles (id, first_name, last_name, phone, role) VALUES ('0028ebf4-6289-4c62-9b75-8651bbf89a83', 'MUSTY', 'Unknown', '', 'guest') ON CONFLICT (id) DO NOTHING;
INSERT INTO auth.users (id, instance_id, aud, role, email, encrypted_password, email_confirmed_at, created_at, updated_at) VALUES ('a0a38711-c194-4f08-9e21-781d9280bcaa', '00000000-0000-0000-0000-000000000000', 'authenticated', 'authenticated', 'no-email-5891@example.com', '$argon2id$v=19$m=65536,t=3,p=4$fQ7fF7Zl6j7Q7fF7Zl6j7A$fQ7fF7Zl6j7Q7fF7Zl6j7A', now(), now(), now()) ON CONFLICT (id) DO NOTHING;
INSERT INTO profiles (id, first_name, last_name, phone, role) VALUES ('a0a38711-c194-4f08-9e21-781d9280bcaa', 'SAGIR', 'MUSA', '', 'guest') ON CONFLICT (id) DO NOTHING;
INSERT INTO auth.users (id, instance_id, aud, role, email, encrypted_password, email_confirmed_at, created_at, updated_at) VALUES ('0627d4fb-b263-49b7-b1d2-aec27bccdc5d', '00000000-0000-0000-0000-000000000000', 'authenticated', 'authenticated', 'no-email-5893@example.com', '$argon2id$v=19$m=65536,t=3,p=4$fQ7fF7Zl6j7Q7fF7Zl6j7A$fQ7fF7Zl6j7Q7fF7Zl6j7A', now(), now(), now()) ON CONFLICT (id) DO NOTHING;
INSERT INTO profiles (id, first_name, last_name, phone, role) VALUES ('0627d4fb-b263-49b7-b1d2-aec27bccdc5d', 'MAYOWA', 'Unknown', '', 'guest') ON CONFLICT (id) DO NOTHING;
INSERT INTO auth.users (id, instance_id, aud, role, email, encrypted_password, email_confirmed_at, created_at, updated_at) VALUES ('ffa73445-39e3-4e49-882f-e1f022a70698', '00000000-0000-0000-0000-000000000000', 'authenticated', 'authenticated', 'no-email-5898@example.com', '$argon2id$v=19$m=65536,t=3,p=4$fQ7fF7Zl6j7Q7fF7Zl6j7A$fQ7fF7Zl6j7Q7fF7Zl6j7A', now(), now(), now()) ON CONFLICT (id) DO NOTHING;
INSERT INTO profiles (id, first_name, last_name, phone, role) VALUES ('ffa73445-39e3-4e49-882f-e1f022a70698', 'MR. EFE', 'Unknown', '', 'guest') ON CONFLICT (id) DO NOTHING;
INSERT INTO auth.users (id, instance_id, aud, role, email, encrypted_password, email_confirmed_at, created_at, updated_at) VALUES ('500f6e19-2113-41a9-8448-0063518becef', '00000000-0000-0000-0000-000000000000', 'authenticated', 'authenticated', 'no-email-5901@example.com', '$argon2id$v=19$m=65536,t=3,p=4$fQ7fF7Zl6j7Q7fF7Zl6j7A$fQ7fF7Zl6j7Q7fF7Zl6j7A', now(), now(), now()) ON CONFLICT (id) DO NOTHING;
INSERT INTO profiles (id, first_name, last_name, phone, role) VALUES ('500f6e19-2113-41a9-8448-0063518becef', 'AYOMIDE', 'Unknown', '', 'guest') ON CONFLICT (id) DO NOTHING;
INSERT INTO auth.users (id, instance_id, aud, role, email, encrypted_password, email_confirmed_at, created_at, updated_at) VALUES ('2b6366a9-4091-49f4-8bcd-77042be88d8a', '00000000-0000-0000-0000-000000000000', 'authenticated', 'authenticated', 'no-email-5904@example.com', '$argon2id$v=19$m=65536,t=3,p=4$fQ7fF7Zl6j7Q7fF7Zl6j7A$fQ7fF7Zl6j7Q7fF7Zl6j7A', now(), now(), now()) ON CONFLICT (id) DO NOTHING;
INSERT INTO profiles (id, first_name, last_name, phone, role) VALUES ('2b6366a9-4091-49f4-8bcd-77042be88d8a', 'ELOGHOSA', 'Unknown', '', 'guest') ON CONFLICT (id) DO NOTHING;
INSERT INTO auth.users (id, instance_id, aud, role, email, encrypted_password, email_confirmed_at, created_at, updated_at) VALUES ('eef934c7-fc3c-4de9-a3fc-00d3cfb25d11', '00000000-0000-0000-0000-000000000000', 'authenticated', 'authenticated', 'no-email-5910@example.com', '$argon2id$v=19$m=65536,t=3,p=4$fQ7fF7Zl6j7Q7fF7Zl6j7A$fQ7fF7Zl6j7Q7fF7Zl6j7A', now(), now(), now()) ON CONFLICT (id) DO NOTHING;
INSERT INTO profiles (id, first_name, last_name, phone, role) VALUES ('eef934c7-fc3c-4de9-a3fc-00d3cfb25d11', 'MR. & MRS NNAEMEKA', 'Unknown', '', 'guest') ON CONFLICT (id) DO NOTHING;
INSERT INTO auth.users (id, instance_id, aud, role, email, encrypted_password, email_confirmed_at, created_at, updated_at) VALUES ('55c1189c-facd-4a70-8170-723e6b7c7124', '00000000-0000-0000-0000-000000000000', 'authenticated', 'authenticated', 'no-email-5913@example.com', '$argon2id$v=19$m=65536,t=3,p=4$fQ7fF7Zl6j7Q7fF7Zl6j7A$fQ7fF7Zl6j7Q7fF7Zl6j7A', now(), now(), now()) ON CONFLICT (id) DO NOTHING;
INSERT INTO profiles (id, first_name, last_name, phone, role) VALUES ('55c1189c-facd-4a70-8170-723e6b7c7124', 'MRS JENNIFER', 'Unknown', '', 'guest') ON CONFLICT (id) DO NOTHING;
INSERT INTO auth.users (id, instance_id, aud, role, email, encrypted_password, email_confirmed_at, created_at, updated_at) VALUES ('79303fb2-0555-44ee-99d6-a2f6eb6f6e45', '00000000-0000-0000-0000-000000000000', 'authenticated', 'authenticated', 'no-email-5920@example.com', '$argon2id$v=19$m=65536,t=3,p=4$fQ7fF7Zl6j7Q7fF7Zl6j7A$fQ7fF7Zl6j7Q7fF7Zl6j7A', now(), now(), now()) ON CONFLICT (id) DO NOTHING;
INSERT INTO profiles (id, first_name, last_name, phone, role) VALUES ('79303fb2-0555-44ee-99d6-a2f6eb6f6e45', 'JOJO', 'Unknown', '', 'guest') ON CONFLICT (id) DO NOTHING;
INSERT INTO auth.users (id, instance_id, aud, role, email, encrypted_password, email_confirmed_at, created_at, updated_at) VALUES ('3d969399-ef1e-4fea-b024-7d28b11ea536', '00000000-0000-0000-0000-000000000000', 'authenticated', 'authenticated', 'no-email-5926@example.com', '$argon2id$v=19$m=65536,t=3,p=4$fQ7fF7Zl6j7Q7fF7Zl6j7A$fQ7fF7Zl6j7Q7fF7Zl6j7A', now(), now(), now()) ON CONFLICT (id) DO NOTHING;
INSERT INTO profiles (id, first_name, last_name, phone, role) VALUES ('3d969399-ef1e-4fea-b024-7d28b11ea536', 'OSINACHI', 'Unknown', '', 'guest') ON CONFLICT (id) DO NOTHING;
INSERT INTO auth.users (id, instance_id, aud, role, email, encrypted_password, email_confirmed_at, created_at, updated_at) VALUES ('d014ad39-0493-4107-aa3c-7b03ceef584a', '00000000-0000-0000-0000-000000000000', 'authenticated', 'authenticated', 'no-email-5928@example.com', '$argon2id$v=19$m=65536,t=3,p=4$fQ7fF7Zl6j7Q7fF7Zl6j7A$fQ7fF7Zl6j7Q7fF7Zl6j7A', now(), now(), now()) ON CONFLICT (id) DO NOTHING;
INSERT INTO profiles (id, first_name, last_name, phone, role) VALUES ('d014ad39-0493-4107-aa3c-7b03ceef584a', 'IB', 'Unknown', '', 'guest') ON CONFLICT (id) DO NOTHING;
INSERT INTO auth.users (id, instance_id, aud, role, email, encrypted_password, email_confirmed_at, created_at, updated_at) VALUES ('3698fc40-25f6-4e70-8e19-8517eaae1b47', '00000000-0000-0000-0000-000000000000', 'authenticated', 'authenticated', 'no-email-5932@example.com', '$argon2id$v=19$m=65536,t=3,p=4$fQ7fF7Zl6j7Q7fF7Zl6j7A$fQ7fF7Zl6j7Q7fF7Zl6j7A', now(), now(), now()) ON CONFLICT (id) DO NOTHING;
INSERT INTO profiles (id, first_name, last_name, phone, role) VALUES ('3698fc40-25f6-4e70-8e19-8517eaae1b47', 'SMART OSINACHI', 'EZE', '09138709007', 'guest') ON CONFLICT (id) DO NOTHING;
INSERT INTO auth.users (id, instance_id, aud, role, email, encrypted_password, email_confirmed_at, created_at, updated_at) VALUES ('7a37ebf1-2492-4138-aad3-7e7c9957d306', '00000000-0000-0000-0000-000000000000', 'authenticated', 'authenticated', 'no-email-5934@example.com', '$argon2id$v=19$m=65536,t=3,p=4$fQ7fF7Zl6j7Q7fF7Zl6j7A$fQ7fF7Zl6j7Q7fF7Zl6j7A', now(), now(), now()) ON CONFLICT (id) DO NOTHING;
INSERT INTO profiles (id, first_name, last_name, phone, role) VALUES ('7a37ebf1-2492-4138-aad3-7e7c9957d306', 'JOSHUA', 'Unknown', '', 'guest') ON CONFLICT (id) DO NOTHING;
INSERT INTO auth.users (id, instance_id, aud, role, email, encrypted_password, email_confirmed_at, created_at, updated_at) VALUES ('1c35e858-995d-477a-8987-766356ad310e', '00000000-0000-0000-0000-000000000000', 'authenticated', 'authenticated', 'no-email-5939@example.com', '$argon2id$v=19$m=65536,t=3,p=4$fQ7fF7Zl6j7Q7fF7Zl6j7A$fQ7fF7Zl6j7Q7fF7Zl6j7A', now(), now(), now()) ON CONFLICT (id) DO NOTHING;
INSERT INTO profiles (id, first_name, last_name, phone, role) VALUES ('1c35e858-995d-477a-8987-766356ad310e', 'AWWUL', 'Unknown', '', 'guest') ON CONFLICT (id) DO NOTHING;
INSERT INTO auth.users (id, instance_id, aud, role, email, encrypted_password, email_confirmed_at, created_at, updated_at) VALUES ('68e86eb6-1848-4782-895c-c88f4ca2e3ea', '00000000-0000-0000-0000-000000000000', 'authenticated', 'authenticated', 'no-email-5941@example.com', '$argon2id$v=19$m=65536,t=3,p=4$fQ7fF7Zl6j7Q7fF7Zl6j7A$fQ7fF7Zl6j7Q7fF7Zl6j7A', now(), now(), now()) ON CONFLICT (id) DO NOTHING;
INSERT INTO profiles (id, first_name, last_name, phone, role) VALUES ('68e86eb6-1848-4782-895c-c88f4ca2e3ea', 'AWWUL', 'Unknown', '', 'guest') ON CONFLICT (id) DO NOTHING;
INSERT INTO auth.users (id, instance_id, aud, role, email, encrypted_password, email_confirmed_at, created_at, updated_at) VALUES ('850742d0-aa7f-4d0e-83cc-e3cee0e234a5', '00000000-0000-0000-0000-000000000000', 'authenticated', 'authenticated', 'no-email-5944@example.com', '$argon2id$v=19$m=65536,t=3,p=4$fQ7fF7Zl6j7Q7fF7Zl6j7A$fQ7fF7Zl6j7Q7fF7Zl6j7A', now(), now(), now()) ON CONFLICT (id) DO NOTHING;
INSERT INTO profiles (id, first_name, last_name, phone, role) VALUES ('850742d0-aa7f-4d0e-83cc-e3cee0e234a5', 'MUSA SAGIR', 'Unknown', '', 'guest') ON CONFLICT (id) DO NOTHING;
INSERT INTO auth.users (id, instance_id, aud, role, email, encrypted_password, email_confirmed_at, created_at, updated_at) VALUES ('f573c280-4baf-41fe-a9c6-7aea91137747', '00000000-0000-0000-0000-000000000000', 'authenticated', 'authenticated', 'no-email-5951@example.com', '$argon2id$v=19$m=65536,t=3,p=4$fQ7fF7Zl6j7Q7fF7Zl6j7A$fQ7fF7Zl6j7Q7fF7Zl6j7A', now(), now(), now()) ON CONFLICT (id) DO NOTHING;
INSERT INTO profiles (id, first_name, last_name, phone, role) VALUES ('f573c280-4baf-41fe-a9c6-7aea91137747', 'OJOGBE', 'Unknown', '', 'guest') ON CONFLICT (id) DO NOTHING;
INSERT INTO auth.users (id, instance_id, aud, role, email, encrypted_password, email_confirmed_at, created_at, updated_at) VALUES ('ced2ab1d-3010-4fe5-a0c0-9755384a17ee', '00000000-0000-0000-0000-000000000000', 'authenticated', 'authenticated', 'no-email-5953@example.com', '$argon2id$v=19$m=65536,t=3,p=4$fQ7fF7Zl6j7Q7fF7Zl6j7A$fQ7fF7Zl6j7Q7fF7Zl6j7A', now(), now(), now()) ON CONFLICT (id) DO NOTHING;
INSERT INTO profiles (id, first_name, last_name, phone, role) VALUES ('ced2ab1d-3010-4fe5-a0c0-9755384a17ee', 'ANWWUL', 'Unknown', '', 'guest') ON CONFLICT (id) DO NOTHING;
INSERT INTO auth.users (id, instance_id, aud, role, email, encrypted_password, email_confirmed_at, created_at, updated_at) VALUES ('111343b7-a43a-4b6b-9f4b-41ecb8696f51', '00000000-0000-0000-0000-000000000000', 'authenticated', 'authenticated', 'no-email-5956@example.com', '$argon2id$v=19$m=65536,t=3,p=4$fQ7fF7Zl6j7Q7fF7Zl6j7A$fQ7fF7Zl6j7Q7fF7Zl6j7A', now(), now(), now()) ON CONFLICT (id) DO NOTHING;
INSERT INTO profiles (id, first_name, last_name, phone, role) VALUES ('111343b7-a43a-4b6b-9f4b-41ecb8696f51', 'OBI', 'Unknown', '', 'guest') ON CONFLICT (id) DO NOTHING;
INSERT INTO auth.users (id, instance_id, aud, role, email, encrypted_password, email_confirmed_at, created_at, updated_at) VALUES ('dca3a8a8-ecfc-414b-b59a-07112c586ed5', '00000000-0000-0000-0000-000000000000', 'authenticated', 'authenticated', 'no-email-5959@example.com', '$argon2id$v=19$m=65536,t=3,p=4$fQ7fF7Zl6j7Q7fF7Zl6j7A$fQ7fF7Zl6j7Q7fF7Zl6j7A', now(), now(), now()) ON CONFLICT (id) DO NOTHING;
INSERT INTO profiles (id, first_name, last_name, phone, role) VALUES ('dca3a8a8-ecfc-414b-b59a-07112c586ed5', 'FELIX IDUGBE', 'Unknown', '', 'guest') ON CONFLICT (id) DO NOTHING;
INSERT INTO auth.users (id, instance_id, aud, role, email, encrypted_password, email_confirmed_at, created_at, updated_at) VALUES ('d084f615-7435-4664-825a-62107d6dd2f4', '00000000-0000-0000-0000-000000000000', 'authenticated', 'authenticated', 'no-email-5961@example.com', '$argon2id$v=19$m=65536,t=3,p=4$fQ7fF7Zl6j7Q7fF7Zl6j7A$fQ7fF7Zl6j7Q7fF7Zl6j7A', now(), now(), now()) ON CONFLICT (id) DO NOTHING;
INSERT INTO profiles (id, first_name, last_name, phone, role) VALUES ('d084f615-7435-4664-825a-62107d6dd2f4', 'MR ALIYU', 'Unknown', '', 'guest') ON CONFLICT (id) DO NOTHING;
INSERT INTO auth.users (id, instance_id, aud, role, email, encrypted_password, email_confirmed_at, created_at, updated_at) VALUES ('730ce0ea-582a-428c-a692-cb35fb5bcb03', '00000000-0000-0000-0000-000000000000', 'authenticated', 'authenticated', 'no-email-5966@example.com', '$argon2id$v=19$m=65536,t=3,p=4$fQ7fF7Zl6j7Q7fF7Zl6j7A$fQ7fF7Zl6j7Q7fF7Zl6j7A', now(), now(), now()) ON CONFLICT (id) DO NOTHING;
INSERT INTO profiles (id, first_name, last_name, phone, role) VALUES ('730ce0ea-582a-428c-a692-cb35fb5bcb03', 'HONOUR JOSHUA', 'Unknown', '', 'guest') ON CONFLICT (id) DO NOTHING;
INSERT INTO auth.users (id, instance_id, aud, role, email, encrypted_password, email_confirmed_at, created_at, updated_at) VALUES ('ddce25ae-f691-4e59-95ee-3bb1c82d9e67', '00000000-0000-0000-0000-000000000000', 'authenticated', 'authenticated', 'no-email-5969@example.com', '$argon2id$v=19$m=65536,t=3,p=4$fQ7fF7Zl6j7Q7fF7Zl6j7A$fQ7fF7Zl6j7Q7fF7Zl6j7A', now(), now(), now()) ON CONFLICT (id) DO NOTHING;
INSERT INTO profiles (id, first_name, last_name, phone, role) VALUES ('ddce25ae-f691-4e59-95ee-3bb1c82d9e67', 'OJOGBE', 'Unknown', '', 'guest') ON CONFLICT (id) DO NOTHING;
INSERT INTO auth.users (id, instance_id, aud, role, email, encrypted_password, email_confirmed_at, created_at, updated_at) VALUES ('b771dcec-5b69-492f-9583-667b5755c8f2', '00000000-0000-0000-0000-000000000000', 'authenticated', 'authenticated', 'sanusioyinda248@gmail.com', '$argon2id$v=19$m=65536,t=3,p=4$fQ7fF7Zl6j7Q7fF7Zl6j7A$fQ7fF7Zl6j7Q7fF7Zl6j7A', now(), now(), now()) ON CONFLICT (id) DO NOTHING;
INSERT INTO profiles (id, first_name, last_name, phone, role) VALUES ('b771dcec-5b69-492f-9583-667b5755c8f2', 'Iqmat', 'Sanusi', '08062303881', 'guest') ON CONFLICT (id) DO NOTHING;
INSERT INTO auth.users (id, instance_id, aud, role, email, encrypted_password, email_confirmed_at, created_at, updated_at) VALUES ('6c8d5290-244f-4e34-9b17-97799f079396', '00000000-0000-0000-0000-000000000000', 'authenticated', 'authenticated', 'no-email-5974@example.com', '$argon2id$v=19$m=65536,t=3,p=4$fQ7fF7Zl6j7Q7fF7Zl6j7A$fQ7fF7Zl6j7Q7fF7Zl6j7A', now(), now(), now()) ON CONFLICT (id) DO NOTHING;
INSERT INTO profiles (id, first_name, last_name, phone, role) VALUES ('6c8d5290-244f-4e34-9b17-97799f079396', 'MR JAMES ASHI', 'Unknown', '', 'guest') ON CONFLICT (id) DO NOTHING;
INSERT INTO auth.users (id, instance_id, aud, role, email, encrypted_password, email_confirmed_at, created_at, updated_at) VALUES ('7292bcc1-ec2b-4173-ba78-5c8b2aba6326', '00000000-0000-0000-0000-000000000000', 'authenticated', 'authenticated', 'no-email-5978@example.com', '$argon2id$v=19$m=65536,t=3,p=4$fQ7fF7Zl6j7Q7fF7Zl6j7A$fQ7fF7Zl6j7Q7fF7Zl6j7A', now(), now(), now()) ON CONFLICT (id) DO NOTHING;
INSERT INTO profiles (id, first_name, last_name, phone, role) VALUES ('7292bcc1-ec2b-4173-ba78-5c8b2aba6326', 'PATRICK', 'ENOCH', '08062152049', 'guest') ON CONFLICT (id) DO NOTHING;
INSERT INTO auth.users (id, instance_id, aud, role, email, encrypted_password, email_confirmed_at, created_at, updated_at) VALUES ('f3561dc1-7c0b-4a14-856b-64b4ffb2ec2b', '00000000-0000-0000-0000-000000000000', 'authenticated', 'authenticated', 'no-email-5983@example.com', '$argon2id$v=19$m=65536,t=3,p=4$fQ7fF7Zl6j7Q7fF7Zl6j7A$fQ7fF7Zl6j7Q7fF7Zl6j7A', now(), now(), now()) ON CONFLICT (id) DO NOTHING;
INSERT INTO profiles (id, first_name, last_name, phone, role) VALUES ('f3561dc1-7c0b-4a14-856b-64b4ffb2ec2b', 'SUNDAY', 'ELIJAH', '', 'guest') ON CONFLICT (id) DO NOTHING;
INSERT INTO auth.users (id, instance_id, aud, role, email, encrypted_password, email_confirmed_at, created_at, updated_at) VALUES ('6e748330-9508-4489-9e3b-ccb5817baabd', '00000000-0000-0000-0000-000000000000', 'authenticated', 'authenticated', 'no-email-5988@example.com', '$argon2id$v=19$m=65536,t=3,p=4$fQ7fF7Zl6j7Q7fF7Zl6j7A$fQ7fF7Zl6j7Q7fF7Zl6j7A', now(), now(), now()) ON CONFLICT (id) DO NOTHING;
INSERT INTO profiles (id, first_name, last_name, phone, role) VALUES ('6e748330-9508-4489-9e3b-ccb5817baabd', 'ANIONTING', 'EMMANUEL', '08128201165', 'guest') ON CONFLICT (id) DO NOTHING;
INSERT INTO auth.users (id, instance_id, aud, role, email, encrypted_password, email_confirmed_at, created_at, updated_at) VALUES ('3c517a8c-2b6e-48e5-8c39-426792adaaad', '00000000-0000-0000-0000-000000000000', 'authenticated', 'authenticated', 'no-email-5995@example.com', '$argon2id$v=19$m=65536,t=3,p=4$fQ7fF7Zl6j7Q7fF7Zl6j7A$fQ7fF7Zl6j7Q7fF7Zl6j7A', now(), now(), now()) ON CONFLICT (id) DO NOTHING;
INSERT INTO profiles (id, first_name, last_name, phone, role) VALUES ('3c517a8c-2b6e-48e5-8c39-426792adaaad', 'OJE KELECHI', 'Unknown', '', 'guest') ON CONFLICT (id) DO NOTHING;
INSERT INTO auth.users (id, instance_id, aud, role, email, encrypted_password, email_confirmed_at, created_at, updated_at) VALUES ('4f005f85-c112-4896-88b9-d99f4efc9838', '00000000-0000-0000-0000-000000000000', 'authenticated', 'authenticated', 'no-email-5997@example.com', '$argon2id$v=19$m=65536,t=3,p=4$fQ7fF7Zl6j7Q7fF7Zl6j7A$fQ7fF7Zl6j7Q7fF7Zl6j7A', now(), now(), now()) ON CONFLICT (id) DO NOTHING;
INSERT INTO profiles (id, first_name, last_name, phone, role) VALUES ('4f005f85-c112-4896-88b9-d99f4efc9838', 'MR T', 'Unknown', '', 'guest') ON CONFLICT (id) DO NOTHING;
INSERT INTO auth.users (id, instance_id, aud, role, email, encrypted_password, email_confirmed_at, created_at, updated_at) VALUES ('d652a36b-ae6c-414b-83f2-d9fced983269', '00000000-0000-0000-0000-000000000000', 'authenticated', 'authenticated', 'no-email-5999@example.com', '$argon2id$v=19$m=65536,t=3,p=4$fQ7fF7Zl6j7Q7fF7Zl6j7A$fQ7fF7Zl6j7Q7fF7Zl6j7A', now(), now(), now()) ON CONFLICT (id) DO NOTHING;
INSERT INTO profiles (id, first_name, last_name, phone, role) VALUES ('d652a36b-ae6c-414b-83f2-d9fced983269', 'ANDY', 'Unknown', '', 'guest') ON CONFLICT (id) DO NOTHING;
INSERT INTO auth.users (id, instance_id, aud, role, email, encrypted_password, email_confirmed_at, created_at, updated_at) VALUES ('f8d7dc72-74ff-4923-9f92-539babfc55c4', '00000000-0000-0000-0000-000000000000', 'authenticated', 'authenticated', 'no-email-6002@example.com', '$argon2id$v=19$m=65536,t=3,p=4$fQ7fF7Zl6j7Q7fF7Zl6j7A$fQ7fF7Zl6j7Q7fF7Zl6j7A', now(), now(), now()) ON CONFLICT (id) DO NOTHING;
INSERT INTO profiles (id, first_name, last_name, phone, role) VALUES ('f8d7dc72-74ff-4923-9f92-539babfc55c4', 'MR ABUBAKR', 'Unknown', '', 'guest') ON CONFLICT (id) DO NOTHING;
INSERT INTO auth.users (id, instance_id, aud, role, email, encrypted_password, email_confirmed_at, created_at, updated_at) VALUES ('a0659460-d108-4367-abca-3c2cffa52f22', '00000000-0000-0000-0000-000000000000', 'authenticated', 'authenticated', 'no-email-6004@example.com', '$argon2id$v=19$m=65536,t=3,p=4$fQ7fF7Zl6j7Q7fF7Zl6j7A$fQ7fF7Zl6j7Q7fF7Zl6j7A', now(), now(), now()) ON CONFLICT (id) DO NOTHING;
INSERT INTO profiles (id, first_name, last_name, phone, role) VALUES ('a0659460-d108-4367-abca-3c2cffa52f22', 'FELIX IDUGBE', 'Unknown', '', 'guest') ON CONFLICT (id) DO NOTHING;
INSERT INTO auth.users (id, instance_id, aud, role, email, encrypted_password, email_confirmed_at, created_at, updated_at) VALUES ('e4335178-7385-4626-8a96-6e6ce5a3370e', '00000000-0000-0000-0000-000000000000', 'authenticated', 'authenticated', 'no-email-6009@example.com', '$argon2id$v=19$m=65536,t=3,p=4$fQ7fF7Zl6j7Q7fF7Zl6j7A$fQ7fF7Zl6j7Q7fF7Zl6j7A', now(), now(), now()) ON CONFLICT (id) DO NOTHING;
INSERT INTO profiles (id, first_name, last_name, phone, role) VALUES ('e4335178-7385-4626-8a96-6e6ce5a3370e', 'BASHIR', 'USMAN', '', 'guest') ON CONFLICT (id) DO NOTHING;
INSERT INTO auth.users (id, instance_id, aud, role, email, encrypted_password, email_confirmed_at, created_at, updated_at) VALUES ('8ebef211-d64a-4f53-913f-15b927e32e9b', '00000000-0000-0000-0000-000000000000', 'authenticated', 'authenticated', 'chiezeoke@gmail.com', '$argon2id$v=19$m=65536,t=3,p=4$fQ7fF7Zl6j7Q7fF7Zl6j7A$fQ7fF7Zl6j7Q7fF7Zl6j7A', now(), now(), now()) ON CONFLICT (id) DO NOTHING;
INSERT INTO profiles (id, first_name, last_name, phone, role) VALUES ('8ebef211-d64a-4f53-913f-15b927e32e9b', 'Chinenye', 'Ezeoke', '08058717077', 'guest') ON CONFLICT (id) DO NOTHING;
INSERT INTO auth.users (id, instance_id, aud, role, email, encrypted_password, email_confirmed_at, created_at, updated_at) VALUES ('0c06c180-1e54-4dc3-88d2-26b94065bb54', '00000000-0000-0000-0000-000000000000', 'authenticated', 'authenticated', 'no-email-6020@example.com', '$argon2id$v=19$m=65536,t=3,p=4$fQ7fF7Zl6j7Q7fF7Zl6j7A$fQ7fF7Zl6j7Q7fF7Zl6j7A', now(), now(), now()) ON CONFLICT (id) DO NOTHING;
INSERT INTO profiles (id, first_name, last_name, phone, role) VALUES ('0c06c180-1e54-4dc3-88d2-26b94065bb54', 'AARON VONKE BITRUS', 'Unknown', '', 'guest') ON CONFLICT (id) DO NOTHING;
INSERT INTO auth.users (id, instance_id, aud, role, email, encrypted_password, email_confirmed_at, created_at, updated_at) VALUES ('9da4f7d0-a87b-4485-a35c-1d05a9e5ec03', '00000000-0000-0000-0000-000000000000', 'authenticated', 'authenticated', 'no-email-6022@example.com', '$argon2id$v=19$m=65536,t=3,p=4$fQ7fF7Zl6j7Q7fF7Zl6j7A$fQ7fF7Zl6j7Q7fF7Zl6j7A', now(), now(), now()) ON CONFLICT (id) DO NOTHING;
INSERT INTO profiles (id, first_name, last_name, phone, role) VALUES ('9da4f7d0-a87b-4485-a35c-1d05a9e5ec03', 'AARON', 'Unknown', '', 'guest') ON CONFLICT (id) DO NOTHING;
INSERT INTO auth.users (id, instance_id, aud, role, email, encrypted_password, email_confirmed_at, created_at, updated_at) VALUES ('f1c8903d-c6b8-4a10-936e-838b063fef8f', '00000000-0000-0000-0000-000000000000', 'authenticated', 'authenticated', 'no-email-6024@example.com', '$argon2id$v=19$m=65536,t=3,p=4$fQ7fF7Zl6j7Q7fF7Zl6j7A$fQ7fF7Zl6j7Q7fF7Zl6j7A', now(), now(), now()) ON CONFLICT (id) DO NOTHING;
INSERT INTO profiles (id, first_name, last_name, phone, role) VALUES ('f1c8903d-c6b8-4a10-936e-838b063fef8f', 'PETER UDO', 'Unknown', '', 'guest') ON CONFLICT (id) DO NOTHING;
INSERT INTO auth.users (id, instance_id, aud, role, email, encrypted_password, email_confirmed_at, created_at, updated_at) VALUES ('c9178dd3-6098-42b0-a8f6-c71b0b600f82', '00000000-0000-0000-0000-000000000000', 'authenticated', 'authenticated', 'no-email-6026@example.com', '$argon2id$v=19$m=65536,t=3,p=4$fQ7fF7Zl6j7Q7fF7Zl6j7A$fQ7fF7Zl6j7Q7fF7Zl6j7A', now(), now(), now()) ON CONFLICT (id) DO NOTHING;
INSERT INTO profiles (id, first_name, last_name, phone, role) VALUES ('c9178dd3-6098-42b0-a8f6-c71b0b600f82', 'PETER UDO', 'Unknown', '', 'guest') ON CONFLICT (id) DO NOTHING;
INSERT INTO auth.users (id, instance_id, aud, role, email, encrypted_password, email_confirmed_at, created_at, updated_at) VALUES ('f7265c0a-3be2-4dee-a5d7-2fe2d54a8911', '00000000-0000-0000-0000-000000000000', 'authenticated', 'authenticated', 'no-email-6028@example.com', '$argon2id$v=19$m=65536,t=3,p=4$fQ7fF7Zl6j7Q7fF7Zl6j7A$fQ7fF7Zl6j7Q7fF7Zl6j7A', now(), now(), now()) ON CONFLICT (id) DO NOTHING;
INSERT INTO profiles (id, first_name, last_name, phone, role) VALUES ('f7265c0a-3be2-4dee-a5d7-2fe2d54a8911', 'PETER UDO', 'Unknown', '', 'guest') ON CONFLICT (id) DO NOTHING;
INSERT INTO auth.users (id, instance_id, aud, role, email, encrypted_password, email_confirmed_at, created_at, updated_at) VALUES ('3ec50b92-9973-4db0-acca-f56f938e05da', '00000000-0000-0000-0000-000000000000', 'authenticated', 'authenticated', 'no-email-6030@example.com', '$argon2id$v=19$m=65536,t=3,p=4$fQ7fF7Zl6j7Q7fF7Zl6j7A$fQ7fF7Zl6j7Q7fF7Zl6j7A', now(), now(), now()) ON CONFLICT (id) DO NOTHING;
INSERT INTO profiles (id, first_name, last_name, phone, role) VALUES ('3ec50b92-9973-4db0-acca-f56f938e05da', 'MSA BEE', 'Unknown', '', 'guest') ON CONFLICT (id) DO NOTHING;
INSERT INTO auth.users (id, instance_id, aud, role, email, encrypted_password, email_confirmed_at, created_at, updated_at) VALUES ('600c5d45-b0d7-4ff4-97cb-d5e15a14ec5a', '00000000-0000-0000-0000-000000000000', 'authenticated', 'authenticated', 'no-email-6033@example.com', '$argon2id$v=19$m=65536,t=3,p=4$fQ7fF7Zl6j7Q7fF7Zl6j7A$fQ7fF7Zl6j7Q7fF7Zl6j7A', now(), now(), now()) ON CONFLICT (id) DO NOTHING;
INSERT INTO profiles (id, first_name, last_name, phone, role) VALUES ('600c5d45-b0d7-4ff4-97cb-d5e15a14ec5a', 'MSA BEE', 'Unknown', '', 'guest') ON CONFLICT (id) DO NOTHING;
INSERT INTO auth.users (id, instance_id, aud, role, email, encrypted_password, email_confirmed_at, created_at, updated_at) VALUES ('55028afb-8d7e-4a91-89cf-549159a28af6', '00000000-0000-0000-0000-000000000000', 'authenticated', 'authenticated', 'no-email-6039@example.com', '$argon2id$v=19$m=65536,t=3,p=4$fQ7fF7Zl6j7Q7fF7Zl6j7A$fQ7fF7Zl6j7Q7fF7Zl6j7A', now(), now(), now()) ON CONFLICT (id) DO NOTHING;
INSERT INTO profiles (id, first_name, last_name, phone, role) VALUES ('55028afb-8d7e-4a91-89cf-549159a28af6', 'MSA BEE', 'Unknown', '', 'guest') ON CONFLICT (id) DO NOTHING;
INSERT INTO auth.users (id, instance_id, aud, role, email, encrypted_password, email_confirmed_at, created_at, updated_at) VALUES ('d4fce1b2-7098-437d-ac22-19020950a0e6', '00000000-0000-0000-0000-000000000000', 'authenticated', 'authenticated', 'no-email-6042@example.com', '$argon2id$v=19$m=65536,t=3,p=4$fQ7fF7Zl6j7Q7fF7Zl6j7A$fQ7fF7Zl6j7Q7fF7Zl6j7A', now(), now(), now()) ON CONFLICT (id) DO NOTHING;
INSERT INTO profiles (id, first_name, last_name, phone, role) VALUES ('d4fce1b2-7098-437d-ac22-19020950a0e6', 'IFEANYI OZONUWE', 'Unknown', '', 'guest') ON CONFLICT (id) DO NOTHING;
INSERT INTO auth.users (id, instance_id, aud, role, email, encrypted_password, email_confirmed_at, created_at, updated_at) VALUES ('7db49b16-c0ce-4b65-bf55-428702b9c4a6', '00000000-0000-0000-0000-000000000000', 'authenticated', 'authenticated', 'no-email-6044@example.com', '$argon2id$v=19$m=65536,t=3,p=4$fQ7fF7Zl6j7Q7fF7Zl6j7A$fQ7fF7Zl6j7Q7fF7Zl6j7A', now(), now(), now()) ON CONFLICT (id) DO NOTHING;
INSERT INTO profiles (id, first_name, last_name, phone, role) VALUES ('7db49b16-c0ce-4b65-bf55-428702b9c4a6', 'MR BASHIR', 'MR BASHIR', '', 'guest') ON CONFLICT (id) DO NOTHING;
INSERT INTO auth.users (id, instance_id, aud, role, email, encrypted_password, email_confirmed_at, created_at, updated_at) VALUES ('7dfe3db1-34b5-4209-8f53-3f3f8a06524c', '00000000-0000-0000-0000-000000000000', 'authenticated', 'authenticated', 'no-email-6047@example.com', '$argon2id$v=19$m=65536,t=3,p=4$fQ7fF7Zl6j7Q7fF7Zl6j7A$fQ7fF7Zl6j7Q7fF7Zl6j7A', now(), now(), now()) ON CONFLICT (id) DO NOTHING;
INSERT INTO profiles (id, first_name, last_name, phone, role) VALUES ('7dfe3db1-34b5-4209-8f53-3f3f8a06524c', 'JOHN AUXANO', 'Unknown', '', 'guest') ON CONFLICT (id) DO NOTHING;
INSERT INTO auth.users (id, instance_id, aud, role, email, encrypted_password, email_confirmed_at, created_at, updated_at) VALUES ('078cbb26-16fe-4b4c-b3f2-16d9a5dd3d83', '00000000-0000-0000-0000-000000000000', 'authenticated', 'authenticated', 'no-email-6053@example.com', '$argon2id$v=19$m=65536,t=3,p=4$fQ7fF7Zl6j7Q7fF7Zl6j7A$fQ7fF7Zl6j7Q7fF7Zl6j7A', now(), now(), now()) ON CONFLICT (id) DO NOTHING;
INSERT INTO profiles (id, first_name, last_name, phone, role) VALUES ('078cbb26-16fe-4b4c-b3f2-16d9a5dd3d83', 'MR SULEIMAN', 'Unknown', '', 'guest') ON CONFLICT (id) DO NOTHING;
INSERT INTO auth.users (id, instance_id, aud, role, email, encrypted_password, email_confirmed_at, created_at, updated_at) VALUES ('deb1b426-7c90-415d-a7fe-0905efa86bdb', '00000000-0000-0000-0000-000000000000', 'authenticated', 'authenticated', 'no-email-6057@example.com', '$argon2id$v=19$m=65536,t=3,p=4$fQ7fF7Zl6j7Q7fF7Zl6j7A$fQ7fF7Zl6j7Q7fF7Zl6j7A', now(), now(), now()) ON CONFLICT (id) DO NOTHING;
INSERT INTO profiles (id, first_name, last_name, phone, role) VALUES ('deb1b426-7c90-415d-a7fe-0905efa86bdb', 'MUYIWA', 'Unknown', '', 'guest') ON CONFLICT (id) DO NOTHING;
INSERT INTO auth.users (id, instance_id, aud, role, email, encrypted_password, email_confirmed_at, created_at, updated_at) VALUES ('deefb7d7-adb7-4606-9053-e0ad3ef092af', '00000000-0000-0000-0000-000000000000', 'authenticated', 'authenticated', 'no-email-6062@example.com', '$argon2id$v=19$m=65536,t=3,p=4$fQ7fF7Zl6j7Q7fF7Zl6j7A$fQ7fF7Zl6j7Q7fF7Zl6j7A', now(), now(), now()) ON CONFLICT (id) DO NOTHING;
INSERT INTO profiles (id, first_name, last_name, phone, role) VALUES ('deefb7d7-adb7-4606-9053-e0ad3ef092af', 'CORVEES D''ADEL', 'Unknown', '', 'guest') ON CONFLICT (id) DO NOTHING;
INSERT INTO auth.users (id, instance_id, aud, role, email, encrypted_password, email_confirmed_at, created_at, updated_at) VALUES ('7249aa1d-f9c6-41e7-b0c1-9025e86221aa', '00000000-0000-0000-0000-000000000000', 'authenticated', 'authenticated', 'no-email-6067@example.com', '$argon2id$v=19$m=65536,t=3,p=4$fQ7fF7Zl6j7Q7fF7Zl6j7A$fQ7fF7Zl6j7Q7fF7Zl6j7A', now(), now(), now()) ON CONFLICT (id) DO NOTHING;
INSERT INTO profiles (id, first_name, last_name, phone, role) VALUES ('7249aa1d-f9c6-41e7-b0c1-9025e86221aa', 'VINCENT', 'Unknown', '', 'guest') ON CONFLICT (id) DO NOTHING;
INSERT INTO auth.users (id, instance_id, aud, role, email, encrypted_password, email_confirmed_at, created_at, updated_at) VALUES ('426e13a3-4721-47d2-a152-ce9e08d76ad9', '00000000-0000-0000-0000-000000000000', 'authenticated', 'authenticated', 'no-email-6107@example.com', '$argon2id$v=19$m=65536,t=3,p=4$fQ7fF7Zl6j7Q7fF7Zl6j7A$fQ7fF7Zl6j7Q7fF7Zl6j7A', now(), now(), now()) ON CONFLICT (id) DO NOTHING;
INSERT INTO profiles (id, first_name, last_name, phone, role) VALUES ('426e13a3-4721-47d2-a152-ce9e08d76ad9', 'KINGSLEY', 'Unknown', '', 'guest') ON CONFLICT (id) DO NOTHING;
INSERT INTO auth.users (id, instance_id, aud, role, email, encrypted_password, email_confirmed_at, created_at, updated_at) VALUES ('2a37b417-2c44-405d-bc9c-214cd8644062', '00000000-0000-0000-0000-000000000000', 'authenticated', 'authenticated', 'no-email-6113@example.com', '$argon2id$v=19$m=65536,t=3,p=4$fQ7fF7Zl6j7Q7fF7Zl6j7A$fQ7fF7Zl6j7Q7fF7Zl6j7A', now(), now(), now()) ON CONFLICT (id) DO NOTHING;
INSERT INTO profiles (id, first_name, last_name, phone, role) VALUES ('2a37b417-2c44-405d-bc9c-214cd8644062', 'IBRAHIM', 'Unknown', '', 'guest') ON CONFLICT (id) DO NOTHING;
INSERT INTO auth.users (id, instance_id, aud, role, email, encrypted_password, email_confirmed_at, created_at, updated_at) VALUES ('66b637cb-9207-4787-bca0-f01235e41303', '00000000-0000-0000-0000-000000000000', 'authenticated', 'authenticated', 'no-email-6121@example.com', '$argon2id$v=19$m=65536,t=3,p=4$fQ7fF7Zl6j7Q7fF7Zl6j7A$fQ7fF7Zl6j7Q7fF7Zl6j7A', now(), now(), now()) ON CONFLICT (id) DO NOTHING;
INSERT INTO profiles (id, first_name, last_name, phone, role) VALUES ('66b637cb-9207-4787-bca0-f01235e41303', 'AARON BITRUS', 'Unknown', '', 'guest') ON CONFLICT (id) DO NOTHING;
INSERT INTO auth.users (id, instance_id, aud, role, email, encrypted_password, email_confirmed_at, created_at, updated_at) VALUES ('7f24c575-a11b-4836-afd9-1a22d819c02a', '00000000-0000-0000-0000-000000000000', 'authenticated', 'authenticated', 'no-email-6123@example.com', '$argon2id$v=19$m=65536,t=3,p=4$fQ7fF7Zl6j7Q7fF7Zl6j7A$fQ7fF7Zl6j7Q7fF7Zl6j7A', now(), now(), now()) ON CONFLICT (id) DO NOTHING;
INSERT INTO profiles (id, first_name, last_name, phone, role) VALUES ('7f24c575-a11b-4836-afd9-1a22d819c02a', 'ANDEH', 'UCHECHUKWU', '', 'guest') ON CONFLICT (id) DO NOTHING;
INSERT INTO auth.users (id, instance_id, aud, role, email, encrypted_password, email_confirmed_at, created_at, updated_at) VALUES ('88888668-542d-4549-aa16-cb7433b9ba92', '00000000-0000-0000-0000-000000000000', 'authenticated', 'authenticated', 'no-email-6133@example.com', '$argon2id$v=19$m=65536,t=3,p=4$fQ7fF7Zl6j7Q7fF7Zl6j7A$fQ7fF7Zl6j7Q7fF7Zl6j7A', now(), now(), now()) ON CONFLICT (id) DO NOTHING;
INSERT INTO profiles (id, first_name, last_name, phone, role) VALUES ('88888668-542d-4549-aa16-cb7433b9ba92', 'IBEMERE', 'TREASURE', '', 'guest') ON CONFLICT (id) DO NOTHING;
INSERT INTO auth.users (id, instance_id, aud, role, email, encrypted_password, email_confirmed_at, created_at, updated_at) VALUES ('04fd0d58-b14e-41fb-8021-7fb4568c1280', '00000000-0000-0000-0000-000000000000', 'authenticated', 'authenticated', 'no-email-6136@example.com', '$argon2id$v=19$m=65536,t=3,p=4$fQ7fF7Zl6j7Q7fF7Zl6j7A$fQ7fF7Zl6j7Q7fF7Zl6j7A', now(), now(), now()) ON CONFLICT (id) DO NOTHING;
INSERT INTO profiles (id, first_name, last_name, phone, role) VALUES ('04fd0d58-b14e-41fb-8021-7fb4568c1280', 'ETOMBI', 'WILLIAMS', '', 'guest') ON CONFLICT (id) DO NOTHING;
INSERT INTO auth.users (id, instance_id, aud, role, email, encrypted_password, email_confirmed_at, created_at, updated_at) VALUES ('567182bb-9e58-492a-9975-d824bcf2f550', '00000000-0000-0000-0000-000000000000', 'authenticated', 'authenticated', 'no-email-6139@example.com', '$argon2id$v=19$m=65536,t=3,p=4$fQ7fF7Zl6j7Q7fF7Zl6j7A$fQ7fF7Zl6j7Q7fF7Zl6j7A', now(), now(), now()) ON CONFLICT (id) DO NOTHING;
INSERT INTO profiles (id, first_name, last_name, phone, role) VALUES ('567182bb-9e58-492a-9975-d824bcf2f550', 'AMEER', 'Unknown', '', 'guest') ON CONFLICT (id) DO NOTHING;
INSERT INTO auth.users (id, instance_id, aud, role, email, encrypted_password, email_confirmed_at, created_at, updated_at) VALUES ('0941aa9f-8948-4ff6-8556-479bf18975d8', '00000000-0000-0000-0000-000000000000', 'authenticated', 'authenticated', 'no-email-6141@example.com', '$argon2id$v=19$m=65536,t=3,p=4$fQ7fF7Zl6j7Q7fF7Zl6j7A$fQ7fF7Zl6j7Q7fF7Zl6j7A', now(), now(), now()) ON CONFLICT (id) DO NOTHING;
INSERT INTO profiles (id, first_name, last_name, phone, role) VALUES ('0941aa9f-8948-4ff6-8556-479bf18975d8', 'MUSTY', 'Unknown', '', 'guest') ON CONFLICT (id) DO NOTHING;
INSERT INTO auth.users (id, instance_id, aud, role, email, encrypted_password, email_confirmed_at, created_at, updated_at) VALUES ('2d47e909-7f35-45c1-b58d-7db4fa48fc55', '00000000-0000-0000-0000-000000000000', 'authenticated', 'authenticated', 'no-email-6143@example.com', '$argon2id$v=19$m=65536,t=3,p=4$fQ7fF7Zl6j7Q7fF7Zl6j7A$fQ7fF7Zl6j7Q7fF7Zl6j7A', now(), now(), now()) ON CONFLICT (id) DO NOTHING;
INSERT INTO profiles (id, first_name, last_name, phone, role) VALUES ('2d47e909-7f35-45c1-b58d-7db4fa48fc55', 'EGHOSA', 'Unknown', '', 'guest') ON CONFLICT (id) DO NOTHING;
INSERT INTO auth.users (id, instance_id, aud, role, email, encrypted_password, email_confirmed_at, created_at, updated_at) VALUES ('f379f3ae-86fb-44b0-ac86-f8f628a67536', '00000000-0000-0000-0000-000000000000', 'authenticated', 'authenticated', 'no-email-6151@example.com', '$argon2id$v=19$m=65536,t=3,p=4$fQ7fF7Zl6j7Q7fF7Zl6j7A$fQ7fF7Zl6j7Q7fF7Zl6j7A', now(), now(), now()) ON CONFLICT (id) DO NOTHING;
INSERT INTO profiles (id, first_name, last_name, phone, role) VALUES ('f379f3ae-86fb-44b0-ac86-f8f628a67536', 'JAMES', 'ASHI', '', 'guest') ON CONFLICT (id) DO NOTHING;
INSERT INTO auth.users (id, instance_id, aud, role, email, encrypted_password, email_confirmed_at, created_at, updated_at) VALUES ('af759d8d-21e6-4f18-9ac1-7b6f921c8c11', '00000000-0000-0000-0000-000000000000', 'authenticated', 'authenticated', 'no-email-6155@example.com', '$argon2id$v=19$m=65536,t=3,p=4$fQ7fF7Zl6j7Q7fF7Zl6j7A$fQ7fF7Zl6j7Q7fF7Zl6j7A', now(), now(), now()) ON CONFLICT (id) DO NOTHING;
INSERT INTO profiles (id, first_name, last_name, phone, role) VALUES ('af759d8d-21e6-4f18-9ac1-7b6f921c8c11', 'Unknown', 'Unknown', '', 'guest') ON CONFLICT (id) DO NOTHING;
INSERT INTO auth.users (id, instance_id, aud, role, email, encrypted_password, email_confirmed_at, created_at, updated_at) VALUES ('b82866d2-3bba-4070-876b-2f51e535846b', '00000000-0000-0000-0000-000000000000', 'authenticated', 'authenticated', 'no-email-6163@example.com', '$argon2id$v=19$m=65536,t=3,p=4$fQ7fF7Zl6j7Q7fF7Zl6j7A$fQ7fF7Zl6j7Q7fF7Zl6j7A', now(), now(), now()) ON CONFLICT (id) DO NOTHING;
INSERT INTO profiles (id, first_name, last_name, phone, role) VALUES ('b82866d2-3bba-4070-876b-2f51e535846b', 'MR ALIYU', 'Unknown', '', 'guest') ON CONFLICT (id) DO NOTHING;
INSERT INTO auth.users (id, instance_id, aud, role, email, encrypted_password, email_confirmed_at, created_at, updated_at) VALUES ('e9deaa81-0f3c-4200-ab80-6052fa6c4f3b', '00000000-0000-0000-0000-000000000000', 'authenticated', 'authenticated', 'no-email-6166@example.com', '$argon2id$v=19$m=65536,t=3,p=4$fQ7fF7Zl6j7Q7fF7Zl6j7A$fQ7fF7Zl6j7Q7fF7Zl6j7A', now(), now(), now()) ON CONFLICT (id) DO NOTHING;
INSERT INTO profiles (id, first_name, last_name, phone, role) VALUES ('e9deaa81-0f3c-4200-ab80-6052fa6c4f3b', 'MR ALIYU', 'Unknown', '', 'guest') ON CONFLICT (id) DO NOTHING;
INSERT INTO auth.users (id, instance_id, aud, role, email, encrypted_password, email_confirmed_at, created_at, updated_at) VALUES ('c231fcdb-d5c6-4084-be22-20be26d5788a', '00000000-0000-0000-0000-000000000000', 'authenticated', 'authenticated', 'no-email-6173@example.com', '$argon2id$v=19$m=65536,t=3,p=4$fQ7fF7Zl6j7Q7fF7Zl6j7A$fQ7fF7Zl6j7Q7fF7Zl6j7A', now(), now(), now()) ON CONFLICT (id) DO NOTHING;
INSERT INTO profiles (id, first_name, last_name, phone, role) VALUES ('c231fcdb-d5c6-4084-be22-20be26d5788a', 'MIEBI', 'UTULU', '07039660569', 'guest') ON CONFLICT (id) DO NOTHING;
INSERT INTO auth.users (id, instance_id, aud, role, email, encrypted_password, email_confirmed_at, created_at, updated_at) VALUES ('118a7a86-ac3b-4d87-848c-a67daeeac09a', '00000000-0000-0000-0000-000000000000', 'authenticated', 'authenticated', 'no-email-6177@example.com', '$argon2id$v=19$m=65536,t=3,p=4$fQ7fF7Zl6j7Q7fF7Zl6j7A$fQ7fF7Zl6j7Q7fF7Zl6j7A', now(), now(), now()) ON CONFLICT (id) DO NOTHING;
INSERT INTO profiles (id, first_name, last_name, phone, role) VALUES ('118a7a86-ac3b-4d87-848c-a67daeeac09a', 'DANIEL', 'Unknown', '', 'guest') ON CONFLICT (id) DO NOTHING;
INSERT INTO auth.users (id, instance_id, aud, role, email, encrypted_password, email_confirmed_at, created_at, updated_at) VALUES ('3c0d07b5-e040-4516-a17e-ea69a935c0ad', '00000000-0000-0000-0000-000000000000', 'authenticated', 'authenticated', 'no-email-6182@example.com', '$argon2id$v=19$m=65536,t=3,p=4$fQ7fF7Zl6j7Q7fF7Zl6j7A$fQ7fF7Zl6j7Q7fF7Zl6j7A', now(), now(), now()) ON CONFLICT (id) DO NOTHING;
INSERT INTO profiles (id, first_name, last_name, phone, role) VALUES ('3c0d07b5-e040-4516-a17e-ea69a935c0ad', 'MUSTY', 'Unknown', '', 'guest') ON CONFLICT (id) DO NOTHING;
INSERT INTO auth.users (id, instance_id, aud, role, email, encrypted_password, email_confirmed_at, created_at, updated_at) VALUES ('79708be8-e9e1-45b2-92f8-343eecfcebd6', '00000000-0000-0000-0000-000000000000', 'authenticated', 'authenticated', 'no-email-6186@example.com', '$argon2id$v=19$m=65536,t=3,p=4$fQ7fF7Zl6j7Q7fF7Zl6j7A$fQ7fF7Zl6j7Q7fF7Zl6j7A', now(), now(), now()) ON CONFLICT (id) DO NOTHING;
INSERT INTO profiles (id, first_name, last_name, phone, role) VALUES ('79708be8-e9e1-45b2-92f8-343eecfcebd6', 'AMEER', 'Unknown', '', 'guest') ON CONFLICT (id) DO NOTHING;
INSERT INTO auth.users (id, instance_id, aud, role, email, encrypted_password, email_confirmed_at, created_at, updated_at) VALUES ('27f81941-b809-47cf-8da0-62b394103049', '00000000-0000-0000-0000-000000000000', 'authenticated', 'authenticated', 'no-email-6199@example.com', '$argon2id$v=19$m=65536,t=3,p=4$fQ7fF7Zl6j7Q7fF7Zl6j7A$fQ7fF7Zl6j7Q7fF7Zl6j7A', now(), now(), now()) ON CONFLICT (id) DO NOTHING;
INSERT INTO profiles (id, first_name, last_name, phone, role) VALUES ('27f81941-b809-47cf-8da0-62b394103049', 'EBUKA SHEDRACK', 'ASHIKWE', '', 'guest') ON CONFLICT (id) DO NOTHING;
INSERT INTO auth.users (id, instance_id, aud, role, email, encrypted_password, email_confirmed_at, created_at, updated_at) VALUES ('f5c913a4-5a05-4839-a76f-f2e6b8ce727d', '00000000-0000-0000-0000-000000000000', 'authenticated', 'authenticated', 'no-email-6202@example.com', '$argon2id$v=19$m=65536,t=3,p=4$fQ7fF7Zl6j7Q7fF7Zl6j7A$fQ7fF7Zl6j7Q7fF7Zl6j7A', now(), now(), now()) ON CONFLICT (id) DO NOTHING;
INSERT INTO profiles (id, first_name, last_name, phone, role) VALUES ('f5c913a4-5a05-4839-a76f-f2e6b8ce727d', 'GOMINA', 'IBRAHIM', '', 'guest') ON CONFLICT (id) DO NOTHING;
INSERT INTO auth.users (id, instance_id, aud, role, email, encrypted_password, email_confirmed_at, created_at, updated_at) VALUES ('8fcdcdfc-13e3-4a66-ad3b-8ef01bd3158e', '00000000-0000-0000-0000-000000000000', 'authenticated', 'authenticated', 'no-email-6208@example.com', '$argon2id$v=19$m=65536,t=3,p=4$fQ7fF7Zl6j7Q7fF7Zl6j7A$fQ7fF7Zl6j7Q7fF7Zl6j7A', now(), now(), now()) ON CONFLICT (id) DO NOTHING;
INSERT INTO profiles (id, first_name, last_name, phone, role) VALUES ('8fcdcdfc-13e3-4a66-ad3b-8ef01bd3158e', 'RAHILA', 'Unknown', '', 'guest') ON CONFLICT (id) DO NOTHING;
INSERT INTO auth.users (id, instance_id, aud, role, email, encrypted_password, email_confirmed_at, created_at, updated_at) VALUES ('d7fb54b9-ba24-491a-ac64-70525d7910eb', '00000000-0000-0000-0000-000000000000', 'authenticated', 'authenticated', 'no-email-6214@example.com', '$argon2id$v=19$m=65536,t=3,p=4$fQ7fF7Zl6j7Q7fF7Zl6j7A$fQ7fF7Zl6j7Q7fF7Zl6j7A', now(), now(), now()) ON CONFLICT (id) DO NOTHING;
INSERT INTO profiles (id, first_name, last_name, phone, role) VALUES ('d7fb54b9-ba24-491a-ac64-70525d7910eb', 'SHAMSUDEN', 'Unknown', '', 'guest') ON CONFLICT (id) DO NOTHING;
INSERT INTO auth.users (id, instance_id, aud, role, email, encrypted_password, email_confirmed_at, created_at, updated_at) VALUES ('5917a50d-41f6-40e0-8e91-976f498a3eec', '00000000-0000-0000-0000-000000000000', 'authenticated', 'authenticated', 'no-email-6217@example.com', '$argon2id$v=19$m=65536,t=3,p=4$fQ7fF7Zl6j7Q7fF7Zl6j7A$fQ7fF7Zl6j7Q7fF7Zl6j7A', now(), now(), now()) ON CONFLICT (id) DO NOTHING;
INSERT INTO profiles (id, first_name, last_name, phone, role) VALUES ('5917a50d-41f6-40e0-8e91-976f498a3eec', 'MOSES AKIO', 'Unknown', '', 'guest') ON CONFLICT (id) DO NOTHING;
INSERT INTO auth.users (id, instance_id, aud, role, email, encrypted_password, email_confirmed_at, created_at, updated_at) VALUES ('484678f2-baa3-43e5-90f8-0d77f6f5ae0b', '00000000-0000-0000-0000-000000000000', 'authenticated', 'authenticated', 'no-email-6224@example.com', '$argon2id$v=19$m=65536,t=3,p=4$fQ7fF7Zl6j7Q7fF7Zl6j7A$fQ7fF7Zl6j7Q7fF7Zl6j7A', now(), now(), now()) ON CONFLICT (id) DO NOTHING;
INSERT INTO profiles (id, first_name, last_name, phone, role) VALUES ('484678f2-baa3-43e5-90f8-0d77f6f5ae0b', 'MR ALIYU', 'Unknown', '', 'guest') ON CONFLICT (id) DO NOTHING;
INSERT INTO auth.users (id, instance_id, aud, role, email, encrypted_password, email_confirmed_at, created_at, updated_at) VALUES ('90c830e8-e73b-4e53-b78e-04cacbc41e0d', '00000000-0000-0000-0000-000000000000', 'authenticated', 'authenticated', 'no-email-6229@example.com', '$argon2id$v=19$m=65536,t=3,p=4$fQ7fF7Zl6j7Q7fF7Zl6j7A$fQ7fF7Zl6j7Q7fF7Zl6j7A', now(), now(), now()) ON CONFLICT (id) DO NOTHING;
INSERT INTO profiles (id, first_name, last_name, phone, role) VALUES ('90c830e8-e73b-4e53-b78e-04cacbc41e0d', 'YUSUF', 'Unknown', '', 'guest') ON CONFLICT (id) DO NOTHING;
INSERT INTO auth.users (id, instance_id, aud, role, email, encrypted_password, email_confirmed_at, created_at, updated_at) VALUES ('fd12d8e9-555c-4528-97b5-a63dffa27804', '00000000-0000-0000-0000-000000000000', 'authenticated', 'authenticated', 'no-email-6233@example.com', '$argon2id$v=19$m=65536,t=3,p=4$fQ7fF7Zl6j7Q7fF7Zl6j7A$fQ7fF7Zl6j7Q7fF7Zl6j7A', now(), now(), now()) ON CONFLICT (id) DO NOTHING;
INSERT INTO profiles (id, first_name, last_name, phone, role) VALUES ('fd12d8e9-555c-4528-97b5-a63dffa27804', 'MR EMEKA', 'Unknown', '', 'guest') ON CONFLICT (id) DO NOTHING;
INSERT INTO auth.users (id, instance_id, aud, role, email, encrypted_password, email_confirmed_at, created_at, updated_at) VALUES ('303074f8-5aae-4e84-bd32-677e034f9bc8', '00000000-0000-0000-0000-000000000000', 'authenticated', 'authenticated', 'no-email-6239@example.com', '$argon2id$v=19$m=65536,t=3,p=4$fQ7fF7Zl6j7Q7fF7Zl6j7A$fQ7fF7Zl6j7Q7fF7Zl6j7A', now(), now(), now()) ON CONFLICT (id) DO NOTHING;
INSERT INTO profiles (id, first_name, last_name, phone, role) VALUES ('303074f8-5aae-4e84-bd32-677e034f9bc8', 'KABIR', 'Unknown', '', 'guest') ON CONFLICT (id) DO NOTHING;
INSERT INTO auth.users (id, instance_id, aud, role, email, encrypted_password, email_confirmed_at, created_at, updated_at) VALUES ('64b9653a-2b47-419e-8a52-9749d86bf47e', '00000000-0000-0000-0000-000000000000', 'authenticated', 'authenticated', 'no-email-6241@example.com', '$argon2id$v=19$m=65536,t=3,p=4$fQ7fF7Zl6j7Q7fF7Zl6j7A$fQ7fF7Zl6j7Q7fF7Zl6j7A', now(), now(), now()) ON CONFLICT (id) DO NOTHING;
INSERT INTO profiles (id, first_name, last_name, phone, role) VALUES ('64b9653a-2b47-419e-8a52-9749d86bf47e', 'KABIR', 'Unknown', '', 'guest') ON CONFLICT (id) DO NOTHING;
INSERT INTO auth.users (id, instance_id, aud, role, email, encrypted_password, email_confirmed_at, created_at, updated_at) VALUES ('854f79b5-cde9-49d2-be0f-d79a1d68fdc1', '00000000-0000-0000-0000-000000000000', 'authenticated', 'authenticated', 'no-email-6254@example.com', '$argon2id$v=19$m=65536,t=3,p=4$fQ7fF7Zl6j7Q7fF7Zl6j7A$fQ7fF7Zl6j7Q7fF7Zl6j7A', now(), now(), now()) ON CONFLICT (id) DO NOTHING;
INSERT INTO profiles (id, first_name, last_name, phone, role) VALUES ('854f79b5-cde9-49d2-be0f-d79a1d68fdc1', 'IBRAHIM', 'ABUBAKAR', '', 'guest') ON CONFLICT (id) DO NOTHING;
INSERT INTO auth.users (id, instance_id, aud, role, email, encrypted_password, email_confirmed_at, created_at, updated_at) VALUES ('a490bc81-d2b9-4b6d-b9c8-09fbe13be0f2', '00000000-0000-0000-0000-000000000000', 'authenticated', 'authenticated', 'no-email-6258@example.com', '$argon2id$v=19$m=65536,t=3,p=4$fQ7fF7Zl6j7Q7fF7Zl6j7A$fQ7fF7Zl6j7Q7fF7Zl6j7A', now(), now(), now()) ON CONFLICT (id) DO NOTHING;
INSERT INTO profiles (id, first_name, last_name, phone, role) VALUES ('a490bc81-d2b9-4b6d-b9c8-09fbe13be0f2', 'MUSTY', 'Unknown', '', 'guest') ON CONFLICT (id) DO NOTHING;
INSERT INTO auth.users (id, instance_id, aud, role, email, encrypted_password, email_confirmed_at, created_at, updated_at) VALUES ('5435f749-67c7-45db-a72b-c47ad8a3112a', '00000000-0000-0000-0000-000000000000', 'authenticated', 'authenticated', 'no-email-6262@example.com', '$argon2id$v=19$m=65536,t=3,p=4$fQ7fF7Zl6j7Q7fF7Zl6j7A$fQ7fF7Zl6j7Q7fF7Zl6j7A', now(), now(), now()) ON CONFLICT (id) DO NOTHING;
INSERT INTO profiles (id, first_name, last_name, phone, role) VALUES ('5435f749-67c7-45db-a72b-c47ad8a3112a', 'IMAN', 'Unknown', '', 'guest') ON CONFLICT (id) DO NOTHING;
INSERT INTO auth.users (id, instance_id, aud, role, email, encrypted_password, email_confirmed_at, created_at, updated_at) VALUES ('df394abf-fb72-4a3e-a743-9d5af0bf187b', '00000000-0000-0000-0000-000000000000', 'authenticated', 'authenticated', 'no-email-6271@example.com', '$argon2id$v=19$m=65536,t=3,p=4$fQ7fF7Zl6j7Q7fF7Zl6j7A$fQ7fF7Zl6j7Q7fF7Zl6j7A', now(), now(), now()) ON CONFLICT (id) DO NOTHING;
INSERT INTO profiles (id, first_name, last_name, phone, role) VALUES ('df394abf-fb72-4a3e-a743-9d5af0bf187b', 'MUSTY', 'Unknown', '08169828606', 'guest') ON CONFLICT (id) DO NOTHING;
INSERT INTO auth.users (id, instance_id, aud, role, email, encrypted_password, email_confirmed_at, created_at, updated_at) VALUES ('ced773d0-ba35-4d62-b555-4ea6fc36d198', '00000000-0000-0000-0000-000000000000', 'authenticated', 'authenticated', 'no-email-6273@example.com', '$argon2id$v=19$m=65536,t=3,p=4$fQ7fF7Zl6j7Q7fF7Zl6j7A$fQ7fF7Zl6j7Q7fF7Zl6j7A', now(), now(), now()) ON CONFLICT (id) DO NOTHING;
INSERT INTO profiles (id, first_name, last_name, phone, role) VALUES ('ced773d0-ba35-4d62-b555-4ea6fc36d198', 'JUDITH', 'Unknown', '', 'guest') ON CONFLICT (id) DO NOTHING;
INSERT INTO auth.users (id, instance_id, aud, role, email, encrypted_password, email_confirmed_at, created_at, updated_at) VALUES ('5499e022-d6bc-400f-875a-0caa33228723', '00000000-0000-0000-0000-000000000000', 'authenticated', 'authenticated', 'no-email-6275@example.com', '$argon2id$v=19$m=65536,t=3,p=4$fQ7fF7Zl6j7Q7fF7Zl6j7A$fQ7fF7Zl6j7Q7fF7Zl6j7A', now(), now(), now()) ON CONFLICT (id) DO NOTHING;
INSERT INTO profiles (id, first_name, last_name, phone, role) VALUES ('5499e022-d6bc-400f-875a-0caa33228723', 'MR BASHIR', 'MR BASHIR', '', 'guest') ON CONFLICT (id) DO NOTHING;
INSERT INTO auth.users (id, instance_id, aud, role, email, encrypted_password, email_confirmed_at, created_at, updated_at) VALUES ('c4a08a08-2d93-49e7-ab8c-8a6446ff7b23', '00000000-0000-0000-0000-000000000000', 'authenticated', 'authenticated', 'no-email-6277@example.com', '$argon2id$v=19$m=65536,t=3,p=4$fQ7fF7Zl6j7Q7fF7Zl6j7A$fQ7fF7Zl6j7Q7fF7Zl6j7A', now(), now(), now()) ON CONFLICT (id) DO NOTHING;
INSERT INTO profiles (id, first_name, last_name, phone, role) VALUES ('c4a08a08-2d93-49e7-ab8c-8a6446ff7b23', 'OYENKA PRECIOUS', 'Unknown', '', 'guest') ON CONFLICT (id) DO NOTHING;
INSERT INTO auth.users (id, instance_id, aud, role, email, encrypted_password, email_confirmed_at, created_at, updated_at) VALUES ('695ccb43-bd3f-44bc-9df8-0d1497fb7cd4', '00000000-0000-0000-0000-000000000000', 'authenticated', 'authenticated', 'no-email-6279@example.com', '$argon2id$v=19$m=65536,t=3,p=4$fQ7fF7Zl6j7Q7fF7Zl6j7A$fQ7fF7Zl6j7Q7fF7Zl6j7A', now(), now(), now()) ON CONFLICT (id) DO NOTHING;
INSERT INTO profiles (id, first_name, last_name, phone, role) VALUES ('695ccb43-bd3f-44bc-9df8-0d1497fb7cd4', 'MIEBI', 'UTULU', '07039660569', 'guest') ON CONFLICT (id) DO NOTHING;
INSERT INTO auth.users (id, instance_id, aud, role, email, encrypted_password, email_confirmed_at, created_at, updated_at) VALUES ('18f242af-fe53-4edf-9f27-a3355f44e799', '00000000-0000-0000-0000-000000000000', 'authenticated', 'authenticated', 'hosreal@gmail.com', '$argon2id$v=19$m=65536,t=3,p=4$fQ7fF7Zl6j7Q7fF7Zl6j7A$fQ7fF7Zl6j7Q7fF7Zl6j7A', now(), now(), now()) ON CONFLICT (id) DO NOTHING;
INSERT INTO profiles (id, first_name, last_name, phone, role) VALUES ('18f242af-fe53-4edf-9f27-a3355f44e799', 'Onyeka', 'Nworie', '08104893003', 'guest') ON CONFLICT (id) DO NOTHING;
INSERT INTO auth.users (id, instance_id, aud, role, email, encrypted_password, email_confirmed_at, created_at, updated_at) VALUES ('9115edb1-50d6-4b09-97c2-d651893bc919', '00000000-0000-0000-0000-000000000000', 'authenticated', 'authenticated', 'no-email-6335@example.com', '$argon2id$v=19$m=65536,t=3,p=4$fQ7fF7Zl6j7Q7fF7Zl6j7A$fQ7fF7Zl6j7Q7fF7Zl6j7A', now(), now(), now()) ON CONFLICT (id) DO NOTHING;
INSERT INTO profiles (id, first_name, last_name, phone, role) VALUES ('9115edb1-50d6-4b09-97c2-d651893bc919', 'STIMULUS STUDIOS', 'Unknown', '', 'guest') ON CONFLICT (id) DO NOTHING;
INSERT INTO auth.users (id, instance_id, aud, role, email, encrypted_password, email_confirmed_at, created_at, updated_at) VALUES ('e4637f2c-8b13-4715-bd1d-69436edbaca2', '00000000-0000-0000-0000-000000000000', 'authenticated', 'authenticated', 'nguwasenulih@gmail.com', '$argon2id$v=19$m=65536,t=3,p=4$fQ7fF7Zl6j7Q7fF7Zl6j7A$fQ7fF7Zl6j7Q7fF7Zl6j7A', now(), now(), now()) ON CONFLICT (id) DO NOTHING;
INSERT INTO profiles (id, first_name, last_name, phone, role) VALUES ('e4637f2c-8b13-4715-bd1d-69436edbaca2', 'ADAOBI', 'AKAILA', '09063163128', 'guest') ON CONFLICT (id) DO NOTHING;
INSERT INTO auth.users (id, instance_id, aud, role, email, encrypted_password, email_confirmed_at, created_at, updated_at) VALUES ('0ea6e77b-fe88-4f10-a7ed-48bef55f5e4c', '00000000-0000-0000-0000-000000000000', 'authenticated', 'authenticated', 'sparklesapartment@gmail.com', '$argon2id$v=19$m=65536,t=3,p=4$fQ7fF7Zl6j7Q7fF7Zl6j7A$fQ7fF7Zl6j7Q7fF7Zl6j7A', now(), now(), now()) ON CONFLICT (id) DO NOTHING;
INSERT INTO profiles (id, first_name, last_name, phone, role) VALUES ('0ea6e77b-fe88-4f10-a7ed-48bef55f5e4c', 'CHARSLE', 'BALOGUN', '08033214684', 'guest') ON CONFLICT (id) DO NOTHING;
INSERT INTO auth.users (id, instance_id, aud, role, email, encrypted_password, email_confirmed_at, created_at, updated_at) VALUES ('76466903-7a7b-4187-b018-5387d33b3953', '00000000-0000-0000-0000-000000000000', 'authenticated', 'authenticated', 'stimulust@gmail.com', '$argon2id$v=19$m=65536,t=3,p=4$fQ7fF7Zl6j7Q7fF7Zl6j7A$fQ7fF7Zl6j7Q7fF7Zl6j7A', now(), now(), now()) ON CONFLICT (id) DO NOTHING;
INSERT INTO profiles (id, first_name, last_name, phone, role) VALUES ('76466903-7a7b-4187-b018-5387d33b3953', 'STIMULUS', 'STUDIO', '08033214684', 'guest') ON CONFLICT (id) DO NOTHING;
INSERT INTO auth.users (id, instance_id, aud, role, email, encrypted_password, email_confirmed_at, created_at, updated_at) VALUES ('b97ac731-994c-4b8a-bc18-e63c44091b90', '00000000-0000-0000-0000-000000000000', 'authenticated', 'authenticated', 'taiwooyedele@gmail.com', '$argon2id$v=19$m=65536,t=3,p=4$fQ7fF7Zl6j7Q7fF7Zl6j7A$fQ7fF7Zl6j7Q7fF7Zl6j7A', now(), now(), now()) ON CONFLICT (id) DO NOTHING;
INSERT INTO profiles (id, first_name, last_name, phone, role) VALUES ('b97ac731-994c-4b8a-bc18-e63c44091b90', 'MR', 'TAIWO', '08033214684', 'guest') ON CONFLICT (id) DO NOTHING;
INSERT INTO auth.users (id, instance_id, aud, role, email, encrypted_password, email_confirmed_at, created_at, updated_at) VALUES ('8121f58b-a904-44ea-a84d-0b918e969a12', '00000000-0000-0000-0000-000000000000', 'authenticated', 'authenticated', 'basseyokon11@gmail.com', '$argon2id$v=19$m=65536,t=3,p=4$fQ7fF7Zl6j7Q7fF7Zl6j7A$fQ7fF7Zl6j7Q7fF7Zl6j7A', now(), now(), now()) ON CONFLICT (id) DO NOTHING;
INSERT INTO profiles (id, first_name, last_name, phone, role) VALUES ('8121f58b-a904-44ea-a84d-0b918e969a12', 'OKON', 'BASSEY', '08033413541', 'guest') ON CONFLICT (id) DO NOTHING;
INSERT INTO auth.users (id, instance_id, aud, role, email, encrypted_password, email_confirmed_at, created_at, updated_at) VALUES ('3cd04296-131d-4e56-949c-cfbae92ccdee', '00000000-0000-0000-0000-000000000000', 'authenticated', 'authenticated', 'tonia@gmail.com', '$argon2id$v=19$m=65536,t=3,p=4$fQ7fF7Zl6j7Q7fF7Zl6j7A$fQ7fF7Zl6j7Q7fF7Zl6j7A', now(), now(), now()) ON CONFLICT (id) DO NOTHING;
INSERT INTO profiles (id, first_name, last_name, phone, role) VALUES ('3cd04296-131d-4e56-949c-cfbae92ccdee', 'TONIA', 'GBRGOR', '08033214684', 'guest') ON CONFLICT (id) DO NOTHING;
INSERT INTO auth.users (id, instance_id, aud, role, email, encrypted_password, email_confirmed_at, created_at, updated_at) VALUES ('748d5d29-26d6-4185-b4ff-ae57f9ee0695', '00000000-0000-0000-0000-000000000000', 'authenticated', 'authenticated', 'michealfrancis@gmail.com', '$argon2id$v=19$m=65536,t=3,p=4$fQ7fF7Zl6j7Q7fF7Zl6j7A$fQ7fF7Zl6j7Q7fF7Zl6j7A', now(), now(), now()) ON CONFLICT (id) DO NOTHING;
INSERT INTO profiles (id, first_name, last_name, phone, role) VALUES ('748d5d29-26d6-4185-b4ff-ae57f9ee0695', 'MICHEAL', 'FRANCIS', '08033214684', 'guest') ON CONFLICT (id) DO NOTHING;
INSERT INTO auth.users (id, instance_id, aud, role, email, encrypted_password, email_confirmed_at, created_at, updated_at) VALUES ('f8fc0f14-0d50-4901-b8c5-aa61ca3d2510', '00000000-0000-0000-0000-000000000000', 'authenticated', 'authenticated', 'michaelfrancis@gmail.com', '$argon2id$v=19$m=65536,t=3,p=4$fQ7fF7Zl6j7Q7fF7Zl6j7A$fQ7fF7Zl6j7Q7fF7Zl6j7A', now(), now(), now()) ON CONFLICT (id) DO NOTHING;
INSERT INTO profiles (id, first_name, last_name, phone, role) VALUES ('f8fc0f14-0d50-4901-b8c5-aa61ca3d2510', 'MICHAELL', 'FRANCIS', '08033214684', 'guest') ON CONFLICT (id) DO NOTHING;
INSERT INTO auth.users (id, instance_id, aud, role, email, encrypted_password, email_confirmed_at, created_at, updated_at) VALUES ('20f8e74b-121a-4d04-b830-cc17542d4432', '00000000-0000-0000-0000-000000000000', 'authenticated', 'authenticated', 'danjumahassan93@gmail.com', '$argon2id$v=19$m=65536,t=3,p=4$fQ7fF7Zl6j7Q7fF7Zl6j7A$fQ7fF7Zl6j7Q7fF7Zl6j7A', now(), now(), now()) ON CONFLICT (id) DO NOTHING;
INSERT INTO profiles (id, first_name, last_name, phone, role) VALUES ('20f8e74b-121a-4d04-b830-cc17542d4432', 'DANJUMA', 'HASSAN', '08060863725', 'guest') ON CONFLICT (id) DO NOTHING;
INSERT INTO auth.users (id, instance_id, aud, role, email, encrypted_password, email_confirmed_at, created_at, updated_at) VALUES ('cdd381d0-61b7-477d-9abe-df0675ab44f3', '00000000-0000-0000-0000-000000000000', 'authenticated', 'authenticated', 'sparkleapartment@gmail.com', '$argon2id$v=19$m=65536,t=3,p=4$fQ7fF7Zl6j7Q7fF7Zl6j7A$fQ7fF7Zl6j7Q7fF7Zl6j7A', now(), now(), now()) ON CONFLICT (id) DO NOTHING;
INSERT INTO profiles (id, first_name, last_name, phone, role) VALUES ('cdd381d0-61b7-477d-9abe-df0675ab44f3', 'MSA', 'BEE', '07015157272', 'guest') ON CONFLICT (id) DO NOTHING;
INSERT INTO auth.users (id, instance_id, aud, role, email, encrypted_password, email_confirmed_at, created_at, updated_at) VALUES ('018af53b-5e48-4092-b188-0ce67c0a9561', '00000000-0000-0000-0000-000000000000', 'authenticated', 'authenticated', 'sparkles@gmail.com', '$argon2id$v=19$m=65536,t=3,p=4$fQ7fF7Zl6j7Q7fF7Zl6j7A$fQ7fF7Zl6j7Q7fF7Zl6j7A', now(), now(), now()) ON CONFLICT (id) DO NOTHING;
INSERT INTO profiles (id, first_name, last_name, phone, role) VALUES ('018af53b-5e48-4092-b188-0ce67c0a9561', 'TAIWO', 'OYEDELE', '08033214684', 'guest') ON CONFLICT (id) DO NOTHING;
INSERT INTO auth.users (id, instance_id, aud, role, email, encrypted_password, email_confirmed_at, created_at, updated_at) VALUES ('1a684767-04f1-4859-9912-9952923350fa', '00000000-0000-0000-0000-000000000000', 'authenticated', 'authenticated', 'dantata@gmail.com', '$argon2id$v=19$m=65536,t=3,p=4$fQ7fF7Zl6j7Q7fF7Zl6j7A$fQ7fF7Zl6j7Q7fF7Zl6j7A', now(), now(), now()) ON CONFLICT (id) DO NOTHING;
INSERT INTO profiles (id, first_name, last_name, phone, role) VALUES ('1a684767-04f1-4859-9912-9952923350fa', 'DANTATA', 'ABDUL', '08133771666', 'guest') ON CONFLICT (id) DO NOTHING;
INSERT INTO auth.users (id, instance_id, aud, role, email, encrypted_password, email_confirmed_at, created_at, updated_at) VALUES ('99ed0b89-51d7-4239-b6c0-6a1555c6de2f', '00000000-0000-0000-0000-000000000000', 'authenticated', 'authenticated', 'eneijiko@gmail.com', '$argon2id$v=19$m=65536,t=3,p=4$fQ7fF7Zl6j7Q7fF7Zl6j7A$fQ7fF7Zl6j7Q7fF7Zl6j7A', now(), now(), now()) ON CONFLICT (id) DO NOTHING;
INSERT INTO profiles (id, first_name, last_name, phone, role) VALUES ('99ed0b89-51d7-4239-b6c0-6a1555c6de2f', 'ENE', 'IJIKO', '08033214684', 'guest') ON CONFLICT (id) DO NOTHING;
INSERT INTO auth.users (id, instance_id, aud, role, email, encrypted_password, email_confirmed_at, created_at, updated_at) VALUES ('6592038e-bac6-4ed3-a0b6-6b4880bd7925', '00000000-0000-0000-0000-000000000000', 'authenticated', 'authenticated', 'wesleybawo@gmail.com', '$argon2id$v=19$m=65536,t=3,p=4$fQ7fF7Zl6j7Q7fF7Zl6j7A$fQ7fF7Zl6j7Q7fF7Zl6j7A', now(), now(), now()) ON CONFLICT (id) DO NOTHING;
INSERT INTO profiles (id, first_name, last_name, phone, role) VALUES ('6592038e-bac6-4ed3-a0b6-6b4880bd7925', 'WESLEY', 'BAWO', '08033214684', 'guest') ON CONFLICT (id) DO NOTHING;
INSERT INTO auth.users (id, instance_id, aud, role, email, encrypted_password, email_confirmed_at, created_at, updated_at) VALUES ('cf5e1879-395e-4058-81c2-238e55c9b9f6', '00000000-0000-0000-0000-000000000000', 'authenticated', 'authenticated', 'obafemeijid3@gmail.com', '$argon2id$v=19$m=65536,t=3,p=4$fQ7fF7Zl6j7Q7fF7Zl6j7A$fQ7fF7Zl6j7Q7fF7Zl6j7A', now(), now(), now()) ON CONFLICT (id) DO NOTHING;
INSERT INTO profiles (id, first_name, last_name, phone, role) VALUES ('cf5e1879-395e-4058-81c2-238e55c9b9f6', 'BABAJIDE', 'OBAFEMI', '08033214684', 'guest') ON CONFLICT (id) DO NOTHING;
INSERT INTO auth.users (id, instance_id, aud, role, email, encrypted_password, email_confirmed_at, created_at, updated_at) VALUES ('30e3eabb-7b58-4f57-92a5-8c8bae08f494', '00000000-0000-0000-0000-000000000000', 'authenticated', 'authenticated', 'peace@gmail.com', '$argon2id$v=19$m=65536,t=3,p=4$fQ7fF7Zl6j7Q7fF7Zl6j7A$fQ7fF7Zl6j7Q7fF7Zl6j7A', now(), now(), now()) ON CONFLICT (id) DO NOTHING;
INSERT INTO profiles (id, first_name, last_name, phone, role) VALUES ('30e3eabb-7b58-4f57-92a5-8c8bae08f494', 'PEACE', 'ONONO', '08033214684', 'guest') ON CONFLICT (id) DO NOTHING;
INSERT INTO auth.users (id, instance_id, aud, role, email, encrypted_password, email_confirmed_at, created_at, updated_at) VALUES ('79f1bc98-dba7-40a4-9e22-13d4e64aceed', '00000000-0000-0000-0000-000000000000', 'authenticated', 'authenticated', 'jaypaul@gmail.com', '$argon2id$v=19$m=65536,t=3,p=4$fQ7fF7Zl6j7Q7fF7Zl6j7A$fQ7fF7Zl6j7Q7fF7Zl6j7A', now(), now(), now()) ON CONFLICT (id) DO NOTHING;
INSERT INTO profiles (id, first_name, last_name, phone, role) VALUES ('79f1bc98-dba7-40a4-9e22-13d4e64aceed', 'JAYPAUL', 'JAYPAUL', '08033214684', 'guest') ON CONFLICT (id) DO NOTHING;
INSERT INTO auth.users (id, instance_id, aud, role, email, encrypted_password, email_confirmed_at, created_at, updated_at) VALUES ('741fe284-1157-4b23-9625-3adc01a5deb0', '00000000-0000-0000-0000-000000000000', 'authenticated', 'authenticated', 'saprklesapartment@gmail.com', '$argon2id$v=19$m=65536,t=3,p=4$fQ7fF7Zl6j7Q7fF7Zl6j7A$fQ7fF7Zl6j7Q7fF7Zl6j7A', now(), now(), now()) ON CONFLICT (id) DO NOTHING;
INSERT INTO profiles (id, first_name, last_name, phone, role) VALUES ('741fe284-1157-4b23-9625-3adc01a5deb0', 'TAIWO', 'TAIWO', '08171', 'guest') ON CONFLICT (id) DO NOTHING;
INSERT INTO auth.users (id, instance_id, aud, role, email, encrypted_password, email_confirmed_at, created_at, updated_at) VALUES ('11081f47-b9eb-4988-a218-ec52f04a83f0', '00000000-0000-0000-0000-000000000000', 'authenticated', 'authenticated', 'ibrahimdhalil@gmail.com', '$argon2id$v=19$m=65536,t=3,p=4$fQ7fF7Zl6j7Q7fF7Zl6j7A$fQ7fF7Zl6j7Q7fF7Zl6j7A', now(), now(), now()) ON CONFLICT (id) DO NOTHING;
INSERT INTO profiles (id, first_name, last_name, phone, role) VALUES ('11081f47-b9eb-4988-a218-ec52f04a83f0', 'IBRAHIM', 'SANI', '08035986010', 'guest') ON CONFLICT (id) DO NOTHING;
INSERT INTO auth.users (id, instance_id, aud, role, email, encrypted_password, email_confirmed_at, created_at, updated_at) VALUES ('4101f6e8-ba0e-4872-8ae5-7f80a2ff49fd', '00000000-0000-0000-0000-000000000000', 'authenticated', 'authenticated', 'taiwooyedel@gmail.com', '$argon2id$v=19$m=65536,t=3,p=4$fQ7fF7Zl6j7Q7fF7Zl6j7A$fQ7fF7Zl6j7Q7fF7Zl6j7A', now(), now(), now()) ON CONFLICT (id) DO NOTHING;
INSERT INTO profiles (id, first_name, last_name, phone, role) VALUES ('4101f6e8-ba0e-4872-8ae5-7f80a2ff49fd', 'TAIWO', 'TAIWO', '08033214684', 'guest') ON CONFLICT (id) DO NOTHING;
INSERT INTO auth.users (id, instance_id, aud, role, email, encrypted_password, email_confirmed_at, created_at, updated_at) VALUES ('24b18826-1417-4574-a800-c3223510ded6', '00000000-0000-0000-0000-000000000000', 'authenticated', 'authenticated', 'efeovewre@gmail.com', '$argon2id$v=19$m=65536,t=3,p=4$fQ7fF7Zl6j7Q7fF7Zl6j7A$fQ7fF7Zl6j7Q7fF7Zl6j7A', now(), now(), now()) ON CONFLICT (id) DO NOTHING;
INSERT INTO profiles (id, first_name, last_name, phone, role) VALUES ('24b18826-1417-4574-a800-c3223510ded6', 'EFE', 'DONALD', '08033214684', 'guest') ON CONFLICT (id) DO NOTHING;
INSERT INTO auth.users (id, instance_id, aud, role, email, encrypted_password, email_confirmed_at, created_at, updated_at) VALUES ('ea57333b-4a0e-423b-84ae-6551f0bd40cb', '00000000-0000-0000-0000-000000000000', 'authenticated', 'authenticated', 'francismicheal@gmail.com', '$argon2id$v=19$m=65536,t=3,p=4$fQ7fF7Zl6j7Q7fF7Zl6j7A$fQ7fF7Zl6j7Q7fF7Zl6j7A', now(), now(), now()) ON CONFLICT (id) DO NOTHING;
INSERT INTO profiles (id, first_name, last_name, phone, role) VALUES ('ea57333b-4a0e-423b-84ae-6551f0bd40cb', 'MICHEAL', 'FRANCIS', '08033214684', 'guest') ON CONFLICT (id) DO NOTHING;
INSERT INTO auth.users (id, instance_id, aud, role, email, encrypted_password, email_confirmed_at, created_at, updated_at) VALUES ('bc580f22-b9eb-477e-84ec-6d0635200d5f', '00000000-0000-0000-0000-000000000000', 'authenticated', 'authenticated', 'iheonu@gmail.com', '$argon2id$v=19$m=65536,t=3,p=4$fQ7fF7Zl6j7Q7fF7Zl6j7A$fQ7fF7Zl6j7Q7fF7Zl6j7A', now(), now(), now()) ON CONFLICT (id) DO NOTHING;
INSERT INTO profiles (id, first_name, last_name, phone, role) VALUES ('bc580f22-b9eb-477e-84ec-6d0635200d5f', 'IHEONU', 'ONU', '08033214684', 'guest') ON CONFLICT (id) DO NOTHING;
INSERT INTO auth.users (id, instance_id, aud, role, email, encrypted_password, email_confirmed_at, created_at, updated_at) VALUES ('3a12165b-9bf7-4dda-891a-7f039b98bf8e', '00000000-0000-0000-0000-000000000000', 'authenticated', 'authenticated', 'sparklesapt@gmail.com', '$argon2id$v=19$m=65536,t=3,p=4$fQ7fF7Zl6j7Q7fF7Zl6j7A$fQ7fF7Zl6j7Q7fF7Zl6j7A', now(), now(), now()) ON CONFLICT (id) DO NOTHING;
INSERT INTO profiles (id, first_name, last_name, phone, role) VALUES ('3a12165b-9bf7-4dda-891a-7f039b98bf8e', 'OGA''S', 'FRIEND', '08033214684', 'guest') ON CONFLICT (id) DO NOTHING;
INSERT INTO auth.users (id, instance_id, aud, role, email, encrypted_password, email_confirmed_at, created_at, updated_at) VALUES ('7a9c4216-4300-466e-bbb2-35c7d02762e6', '00000000-0000-0000-0000-000000000000', 'authenticated', 'authenticated', 'akuunna@gmail.com', '$argon2id$v=19$m=65536,t=3,p=4$fQ7fF7Zl6j7Q7fF7Zl6j7A$fQ7fF7Zl6j7Q7fF7Zl6j7A', now(), now(), now()) ON CONFLICT (id) DO NOTHING;
INSERT INTO profiles (id, first_name, last_name, phone, role) VALUES ('7a9c4216-4300-466e-bbb2-35c7d02762e6', 'AKUNNA', 'AKUNNA', '08033214684', 'guest') ON CONFLICT (id) DO NOTHING;
INSERT INTO auth.users (id, instance_id, aud, role, email, encrypted_password, email_confirmed_at, created_at, updated_at) VALUES ('1268bac5-f57c-452f-a519-ee4d5cdaa0f2', '00000000-0000-0000-0000-000000000000', 'authenticated', 'authenticated', 'abigail@gmail.com', '$argon2id$v=19$m=65536,t=3,p=4$fQ7fF7Zl6j7Q7fF7Zl6j7A$fQ7fF7Zl6j7Q7fF7Zl6j7A', now(), now(), now()) ON CONFLICT (id) DO NOTHING;
INSERT INTO profiles (id, first_name, last_name, phone, role) VALUES ('1268bac5-f57c-452f-a519-ee4d5cdaa0f2', 'ABIGAIL', 'ABIGAIL', '08096971085', 'guest') ON CONFLICT (id) DO NOTHING;
INSERT INTO auth.users (id, instance_id, aud, role, email, encrypted_password, email_confirmed_at, created_at, updated_at) VALUES ('b16909b6-80de-4581-a0d5-d1fe35e1be8e', '00000000-0000-0000-0000-000000000000', 'authenticated', 'authenticated', 'patience@gmail.com', '$argon2id$v=19$m=65536,t=3,p=4$fQ7fF7Zl6j7Q7fF7Zl6j7A$fQ7fF7Zl6j7Q7fF7Zl6j7A', now(), now(), now()) ON CONFLICT (id) DO NOTHING;
INSERT INTO profiles (id, first_name, last_name, phone, role) VALUES ('b16909b6-80de-4581-a0d5-d1fe35e1be8e', 'PATIENCE', 'PHILIP', '08033214684', 'guest') ON CONFLICT (id) DO NOTHING;
INSERT INTO auth.users (id, instance_id, aud, role, email, encrypted_password, email_confirmed_at, created_at, updated_at) VALUES ('2d5bf32a-5fcd-4b6d-b138-26b89402ffa7', '00000000-0000-0000-0000-000000000000', 'authenticated', 'authenticated', 'honwaziri@gmail.com', '$argon2id$v=19$m=65536,t=3,p=4$fQ7fF7Zl6j7Q7fF7Zl6j7A$fQ7fF7Zl6j7Q7fF7Zl6j7A', now(), now(), now()) ON CONFLICT (id) DO NOTHING;
INSERT INTO profiles (id, first_name, last_name, phone, role) VALUES ('2d5bf32a-5fcd-4b6d-b138-26b89402ffa7', 'HON', 'WAZIRI', '08033214684', 'guest') ON CONFLICT (id) DO NOTHING;
INSERT INTO auth.users (id, instance_id, aud, role, email, encrypted_password, email_confirmed_at, created_at, updated_at) VALUES ('1d82793d-62ec-4a8c-bef2-27164b4bc30d', '00000000-0000-0000-0000-000000000000', 'authenticated', 'authenticated', 'samira@gmail.com', '$argon2id$v=19$m=65536,t=3,p=4$fQ7fF7Zl6j7Q7fF7Zl6j7A$fQ7fF7Zl6j7Q7fF7Zl6j7A', now(), now(), now()) ON CONFLICT (id) DO NOTHING;
INSERT INTO profiles (id, first_name, last_name, phone, role) VALUES ('1d82793d-62ec-4a8c-bef2-27164b4bc30d', 'SAMIRA', 'MUHAMMED', '08033214684', 'guest') ON CONFLICT (id) DO NOTHING;
INSERT INTO auth.users (id, instance_id, aud, role, email, encrypted_password, email_confirmed_at, created_at, updated_at) VALUES ('19e6664a-ecbb-4047-a70e-54d9a32def37', '00000000-0000-0000-0000-000000000000', 'authenticated', 'authenticated', 'donaldpeter@gmail.com', '$argon2id$v=19$m=65536,t=3,p=4$fQ7fF7Zl6j7Q7fF7Zl6j7A$fQ7fF7Zl6j7Q7fF7Zl6j7A', now(), now(), now()) ON CONFLICT (id) DO NOTHING;
INSERT INTO profiles (id, first_name, last_name, phone, role) VALUES ('19e6664a-ecbb-4047-a70e-54d9a32def37', 'PETER', 'DONALD', '08033214684', 'guest') ON CONFLICT (id) DO NOTHING;
INSERT INTO auth.users (id, instance_id, aud, role, email, encrypted_password, email_confirmed_at, created_at, updated_at) VALUES ('73f1d6f8-4486-4a4d-b26f-7f61c070e06d', '00000000-0000-0000-0000-000000000000', 'authenticated', 'authenticated', 'helenokem@gmail.com', '$argon2id$v=19$m=65536,t=3,p=4$fQ7fF7Zl6j7Q7fF7Zl6j7A$fQ7fF7Zl6j7Q7fF7Zl6j7A', now(), now(), now()) ON CONFLICT (id) DO NOTHING;
INSERT INTO profiles (id, first_name, last_name, phone, role) VALUES ('73f1d6f8-4486-4a4d-b26f-7f61c070e06d', 'HELEN', 'OKEM', '08033214684', 'guest') ON CONFLICT (id) DO NOTHING;
INSERT INTO auth.users (id, instance_id, aud, role, email, encrypted_password, email_confirmed_at, created_at, updated_at) VALUES ('8c9ad4ca-2368-4455-91fb-7357154e4d40', '00000000-0000-0000-0000-000000000000', 'authenticated', 'authenticated', 'sagir@gmail.com', '$argon2id$v=19$m=65536,t=3,p=4$fQ7fF7Zl6j7Q7fF7Zl6j7A$fQ7fF7Zl6j7Q7fF7Zl6j7A', now(), now(), now()) ON CONFLICT (id) DO NOTHING;
INSERT INTO profiles (id, first_name, last_name, phone, role) VALUES ('8c9ad4ca-2368-4455-91fb-7357154e4d40', 'SAGIR', 'SAGIR', '08033214684', 'guest') ON CONFLICT (id) DO NOTHING;
INSERT INTO auth.users (id, instance_id, aud, role, email, encrypted_password, email_confirmed_at, created_at, updated_at) VALUES ('d042c88b-5558-4366-916c-0958599443cf', '00000000-0000-0000-0000-000000000000', 'authenticated', 'authenticated', 'shamsudeen@gmail.com', '$argon2id$v=19$m=65536,t=3,p=4$fQ7fF7Zl6j7Q7fF7Zl6j7A$fQ7fF7Zl6j7Q7fF7Zl6j7A', now(), now(), now()) ON CONFLICT (id) DO NOTHING;
INSERT INTO profiles (id, first_name, last_name, phone, role) VALUES ('d042c88b-5558-4366-916c-0958599443cf', 'SHAMSUDEEN', 'BABANYAYA', '08033214684', 'guest') ON CONFLICT (id) DO NOTHING;
INSERT INTO auth.users (id, instance_id, aud, role, email, encrypted_password, email_confirmed_at, created_at, updated_at) VALUES ('4f07c970-bc1e-4b5a-923a-ea334ce4c9df', '00000000-0000-0000-0000-000000000000', 'authenticated', 'authenticated', 'linda@gmail.com', '$argon2id$v=19$m=65536,t=3,p=4$fQ7fF7Zl6j7Q7fF7Zl6j7A$fQ7fF7Zl6j7Q7fF7Zl6j7A', now(), now(), now()) ON CONFLICT (id) DO NOTHING;
INSERT INTO profiles (id, first_name, last_name, phone, role) VALUES ('4f07c970-bc1e-4b5a-923a-ea334ce4c9df', 'LINDA', 'LINDA', '08033214684', 'guest') ON CONFLICT (id) DO NOTHING;
INSERT INTO auth.users (id, instance_id, aud, role, email, encrypted_password, email_confirmed_at, created_at, updated_at) VALUES ('66f942e5-9205-49df-9b35-bc96939c77ae', '00000000-0000-0000-0000-000000000000', 'authenticated', 'authenticated', 'yaharabi@gmail.com', '$argon2id$v=19$m=65536,t=3,p=4$fQ7fF7Zl6j7Q7fF7Zl6j7A$fQ7fF7Zl6j7Q7fF7Zl6j7A', now(), now(), now()) ON CONFLICT (id) DO NOTHING;
INSERT INTO profiles (id, first_name, last_name, phone, role) VALUES ('66f942e5-9205-49df-9b35-bc96939c77ae', 'RABIU', 'YAHAYA', '08033214684', 'guest') ON CONFLICT (id) DO NOTHING;
INSERT INTO auth.users (id, instance_id, aud, role, email, encrypted_password, email_confirmed_at, created_at, updated_at) VALUES ('a26d1e70-6d44-421c-b5fb-6cdf7b07f61c', '00000000-0000-0000-0000-000000000000', 'authenticated', 'authenticated', 'kumuyi@gmail.com', '$argon2id$v=19$m=65536,t=3,p=4$fQ7fF7Zl6j7Q7fF7Zl6j7A$fQ7fF7Zl6j7Q7fF7Zl6j7A', now(), now(), now()) ON CONFLICT (id) DO NOTHING;
INSERT INTO profiles (id, first_name, last_name, phone, role) VALUES ('a26d1e70-6d44-421c-b5fb-6cdf7b07f61c', 'KUMUYI', 'BENJAMIN', '08033214684', 'guest') ON CONFLICT (id) DO NOTHING;
INSERT INTO auth.users (id, instance_id, aud, role, email, encrypted_password, email_confirmed_at, created_at, updated_at) VALUES ('39e50c69-37c5-4e0a-89f4-37d3775c56da', '00000000-0000-0000-0000-000000000000', 'authenticated', 'authenticated', 'jiboisaac@gmail.com', '$argon2id$v=19$m=65536,t=3,p=4$fQ7fF7Zl6j7Q7fF7Zl6j7A$fQ7fF7Zl6j7Q7fF7Zl6j7A', now(), now(), now()) ON CONFLICT (id) DO NOTHING;
INSERT INTO profiles (id, first_name, last_name, phone, role) VALUES ('39e50c69-37c5-4e0a-89f4-37d3775c56da', 'JIBO', 'ISAAC', '08033214684', 'guest') ON CONFLICT (id) DO NOTHING;
INSERT INTO auth.users (id, instance_id, aud, role, email, encrypted_password, email_confirmed_at, created_at, updated_at) VALUES ('29f8b974-6f80-4989-8c38-dc166c9b5a3b', '00000000-0000-0000-0000-000000000000', 'authenticated', 'authenticated', 'maurice@gmail.com', '$argon2id$v=19$m=65536,t=3,p=4$fQ7fF7Zl6j7Q7fF7Zl6j7A$fQ7fF7Zl6j7Q7fF7Zl6j7A', now(), now(), now()) ON CONFLICT (id) DO NOTHING;
INSERT INTO profiles (id, first_name, last_name, phone, role) VALUES ('29f8b974-6f80-4989-8c38-dc166c9b5a3b', 'MAURICE', 'UDU', '08033214684', 'guest') ON CONFLICT (id) DO NOTHING;
INSERT INTO auth.users (id, instance_id, aud, role, email, encrypted_password, email_confirmed_at, created_at, updated_at) VALUES ('f2a56e5f-cd1d-4df9-a808-5992218458dc', '00000000-0000-0000-0000-000000000000', 'authenticated', 'authenticated', 'mustafa@gmail.com', '$argon2id$v=19$m=65536,t=3,p=4$fQ7fF7Zl6j7Q7fF7Zl6j7A$fQ7fF7Zl6j7Q7fF7Zl6j7A', now(), now(), now()) ON CONFLICT (id) DO NOTHING;
INSERT INTO profiles (id, first_name, last_name, phone, role) VALUES ('f2a56e5f-cd1d-4df9-a808-5992218458dc', 'MUSTAFA', 'CONGO', '08033214684', 'guest') ON CONFLICT (id) DO NOTHING;
INSERT INTO auth.users (id, instance_id, aud, role, email, encrypted_password, email_confirmed_at, created_at, updated_at) VALUES ('fcf98621-5b87-45a5-8fbd-95b39ad9bf8f', '00000000-0000-0000-0000-000000000000', 'authenticated', 'authenticated', 'ibrahim@gmail.com', '$argon2id$v=19$m=65536,t=3,p=4$fQ7fF7Zl6j7Q7fF7Zl6j7A$fQ7fF7Zl6j7Q7fF7Zl6j7A', now(), now(), now()) ON CONFLICT (id) DO NOTHING;
INSERT INTO profiles (id, first_name, last_name, phone, role) VALUES ('fcf98621-5b87-45a5-8fbd-95b39ad9bf8f', 'IBRAHIM', 'IBRAHIM', '08033214684', 'guest') ON CONFLICT (id) DO NOTHING;
INSERT INTO auth.users (id, instance_id, aud, role, email, encrypted_password, email_confirmed_at, created_at, updated_at) VALUES ('dd1d8e2a-cc79-4f6a-84a4-e7808b66723e', '00000000-0000-0000-0000-000000000000', 'authenticated', 'authenticated', 'bashir@gmail.com', '$argon2id$v=19$m=65536,t=3,p=4$fQ7fF7Zl6j7Q7fF7Zl6j7A$fQ7fF7Zl6j7Q7fF7Zl6j7A', now(), now(), now()) ON CONFLICT (id) DO NOTHING;
INSERT INTO profiles (id, first_name, last_name, phone, role) VALUES ('dd1d8e2a-cc79-4f6a-84a4-e7808b66723e', 'BASHIR', 'USMAN', '08033214684', 'guest') ON CONFLICT (id) DO NOTHING;
INSERT INTO auth.users (id, instance_id, aud, role, email, encrypted_password, email_confirmed_at, created_at, updated_at) VALUES ('cb0664b6-02d5-48c2-9b35-83faa08b8302', '00000000-0000-0000-0000-000000000000', 'authenticated', 'authenticated', 'rikabuyahaya@gmail.com', '$argon2id$v=19$m=65536,t=3,p=4$fQ7fF7Zl6j7Q7fF7Zl6j7A$fQ7fF7Zl6j7Q7fF7Zl6j7A', now(), now(), now()) ON CONFLICT (id) DO NOTHING;
INSERT INTO profiles (id, first_name, last_name, phone, role) VALUES ('cb0664b6-02d5-48c2-9b35-83faa08b8302', 'RIKABI', 'YAHAYA', '08033214684', 'guest') ON CONFLICT (id) DO NOTHING;
INSERT INTO auth.users (id, instance_id, aud, role, email, encrypted_password, email_confirmed_at, created_at, updated_at) VALUES ('71330f72-2f8d-4c82-a9e6-314df90e8a1d', '00000000-0000-0000-0000-000000000000', 'authenticated', 'authenticated', 'donvicvilla2018@gmail.com', '$argon2id$v=19$m=65536,t=3,p=4$fQ7fF7Zl6j7Q7fF7Zl6j7A$fQ7fF7Zl6j7Q7fF7Zl6j7A', now(), now(), now()) ON CONFLICT (id) DO NOTHING;
INSERT INTO profiles (id, first_name, last_name, phone, role) VALUES ('71330f72-2f8d-4c82-a9e6-314df90e8a1d', 'Victor', 'Owolabi', '9077852372', 'guest') ON CONFLICT (id) DO NOTHING;
INSERT INTO auth.users (id, instance_id, aud, role, email, encrypted_password, email_confirmed_at, created_at, updated_at) VALUES ('cd05bb60-47d4-42fa-bcca-7362ad893906', '00000000-0000-0000-0000-000000000000', 'authenticated', 'authenticated', 'bassey@gmail.com', '$argon2id$v=19$m=65536,t=3,p=4$fQ7fF7Zl6j7Q7fF7Zl6j7A$fQ7fF7Zl6j7Q7fF7Zl6j7A', now(), now(), now()) ON CONFLICT (id) DO NOTHING;
INSERT INTO profiles (id, first_name, last_name, phone, role) VALUES ('cd05bb60-47d4-42fa-bcca-7362ad893906', 'BASSEY', 'BASSEY', '08033214684', 'guest') ON CONFLICT (id) DO NOTHING;
INSERT INTO auth.users (id, instance_id, aud, role, email, encrypted_password, email_confirmed_at, created_at, updated_at) VALUES ('ca721241-c891-4b99-9fe4-4d0c898b50be', '00000000-0000-0000-0000-000000000000', 'authenticated', 'authenticated', 'no-email-6771@example.com', '$argon2id$v=19$m=65536,t=3,p=4$fQ7fF7Zl6j7Q7fF7Zl6j7A$fQ7fF7Zl6j7Q7fF7Zl6j7A', now(), now(), now()) ON CONFLICT (id) DO NOTHING;
INSERT INTO profiles (id, first_name, last_name, phone, role) VALUES ('ca721241-c891-4b99-9fe4-4d0c898b50be', 'CHARLSE BALOGUN', 'Unknown', '', 'guest') ON CONFLICT (id) DO NOTHING;
INSERT INTO auth.users (id, instance_id, aud, role, email, encrypted_password, email_confirmed_at, created_at, updated_at) VALUES ('a5fd781f-3ae8-4b12-8556-7c1cd4d856d3', '00000000-0000-0000-0000-000000000000', 'authenticated', 'authenticated', 'abdul@gmail.com', '$argon2id$v=19$m=65536,t=3,p=4$fQ7fF7Zl6j7Q7fF7Zl6j7A$fQ7fF7Zl6j7Q7fF7Zl6j7A', now(), now(), now()) ON CONFLICT (id) DO NOTHING;
INSERT INTO profiles (id, first_name, last_name, phone, role) VALUES ('a5fd781f-3ae8-4b12-8556-7c1cd4d856d3', 'ABDUL', 'UMAR', '08033214684', 'guest') ON CONFLICT (id) DO NOTHING;
INSERT INTO auth.users (id, instance_id, aud, role, email, encrypted_password, email_confirmed_at, created_at, updated_at) VALUES ('0c61bfa1-c216-4295-84bf-bef5b0c54eee', '00000000-0000-0000-0000-000000000000', 'authenticated', 'authenticated', 'adeyemi@gmail.com', '$argon2id$v=19$m=65536,t=3,p=4$fQ7fF7Zl6j7Q7fF7Zl6j7A$fQ7fF7Zl6j7Q7fF7Zl6j7A', now(), now(), now()) ON CONFLICT (id) DO NOTHING;
INSERT INTO profiles (id, first_name, last_name, phone, role) VALUES ('0c61bfa1-c216-4295-84bf-bef5b0c54eee', 'ADEYEMI', 'ADEYEMI', '08033214684', 'guest') ON CONFLICT (id) DO NOTHING;
INSERT INTO auth.users (id, instance_id, aud, role, email, encrypted_password, email_confirmed_at, created_at, updated_at) VALUES ('3449dd7f-d0b8-46f2-9fc7-ef1fb43ccaa9', '00000000-0000-0000-0000-000000000000', 'authenticated', 'authenticated', 'nbgong@gmail.com', '$argon2id$v=19$m=65536,t=3,p=4$fQ7fF7Zl6j7Q7fF7Zl6j7A$fQ7fF7Zl6j7Q7fF7Zl6j7A', now(), now(), now()) ON CONFLICT (id) DO NOTHING;
INSERT INTO profiles (id, first_name, last_name, phone, role) VALUES ('3449dd7f-d0b8-46f2-9fc7-ef1fb43ccaa9', 'NBONG', 'OSCAR', '08033214684', 'guest') ON CONFLICT (id) DO NOTHING;
INSERT INTO auth.users (id, instance_id, aud, role, email, encrypted_password, email_confirmed_at, created_at, updated_at) VALUES ('2b41d74e-af70-4164-af7f-030755b07525', '00000000-0000-0000-0000-000000000000', 'authenticated', 'authenticated', 'oscar@gmail.com', '$argon2id$v=19$m=65536,t=3,p=4$fQ7fF7Zl6j7Q7fF7Zl6j7A$fQ7fF7Zl6j7Q7fF7Zl6j7A', now(), now(), now()) ON CONFLICT (id) DO NOTHING;
INSERT INTO profiles (id, first_name, last_name, phone, role) VALUES ('2b41d74e-af70-4164-af7f-030755b07525', 'OSCAR', 'NBONG', '08033214684', 'guest') ON CONFLICT (id) DO NOTHING;
INSERT INTO auth.users (id, instance_id, aud, role, email, encrypted_password, email_confirmed_at, created_at, updated_at) VALUES ('90c11194-dc21-43cf-b9c7-fa33c0057644', '00000000-0000-0000-0000-000000000000', 'authenticated', 'authenticated', 'lad@gmial.com', '$argon2id$v=19$m=65536,t=3,p=4$fQ7fF7Zl6j7Q7fF7Zl6j7A$fQ7fF7Zl6j7Q7fF7Zl6j7A', now(), now(), now()) ON CONFLICT (id) DO NOTHING;
INSERT INTO profiles (id, first_name, last_name, phone, role) VALUES ('90c11194-dc21-43cf-b9c7-fa33c0057644', 'LAD', 'LAD', '08033214684', 'guest') ON CONFLICT (id) DO NOTHING;
INSERT INTO auth.users (id, instance_id, aud, role, email, encrypted_password, email_confirmed_at, created_at, updated_at) VALUES ('7e19d270-8b44-4c73-99d8-7407c6b56da4', '00000000-0000-0000-0000-000000000000', 'authenticated', 'authenticated', 'fatimah@gmail.com', '$argon2id$v=19$m=65536,t=3,p=4$fQ7fF7Zl6j7Q7fF7Zl6j7A$fQ7fF7Zl6j7Q7fF7Zl6j7A', now(), now(), now()) ON CONFLICT (id) DO NOTHING;
INSERT INTO profiles (id, first_name, last_name, phone, role) VALUES ('7e19d270-8b44-4c73-99d8-7407c6b56da4', 'FATIMA', 'JIBRIL', '08033214684', 'guest') ON CONFLICT (id) DO NOTHING;
INSERT INTO auth.users (id, instance_id, aud, role, email, encrypted_password, email_confirmed_at, created_at, updated_at) VALUES ('4d37a61e-323c-491d-8550-c28a8c9b7e9c', '00000000-0000-0000-0000-000000000000', 'authenticated', 'authenticated', 'tukur@gmail.com', '$argon2id$v=19$m=65536,t=3,p=4$fQ7fF7Zl6j7Q7fF7Zl6j7A$fQ7fF7Zl6j7Q7fF7Zl6j7A', now(), now(), now()) ON CONFLICT (id) DO NOTHING;
INSERT INTO profiles (id, first_name, last_name, phone, role) VALUES ('4d37a61e-323c-491d-8550-c28a8c9b7e9c', 'TUKUR', 'TUKUR', '08033214684', 'guest') ON CONFLICT (id) DO NOTHING;
INSERT INTO auth.users (id, instance_id, aud, role, email, encrypted_password, email_confirmed_at, created_at, updated_at) VALUES ('2ab1c2f3-7846-4c45-9c23-3dd380bb3268', '00000000-0000-0000-0000-000000000000', 'authenticated', 'authenticated', 'zagga@gmail.com', '$argon2id$v=19$m=65536,t=3,p=4$fQ7fF7Zl6j7Q7fF7Zl6j7A$fQ7fF7Zl6j7Q7fF7Zl6j7A', now(), now(), now()) ON CONFLICT (id) DO NOTHING;
INSERT INTO profiles (id, first_name, last_name, phone, role) VALUES ('2ab1c2f3-7846-4c45-9c23-3dd380bb3268', 'ZAGGA', 'ZAGGA', '08122223313', 'guest') ON CONFLICT (id) DO NOTHING;
INSERT INTO auth.users (id, instance_id, aud, role, email, encrypted_password, email_confirmed_at, created_at, updated_at) VALUES ('c08e4c6e-414b-491f-8450-4560220e252d', '00000000-0000-0000-0000-000000000000', 'authenticated', 'authenticated', 'austin@gmail.com', '$argon2id$v=19$m=65536,t=3,p=4$fQ7fF7Zl6j7Q7fF7Zl6j7A$fQ7fF7Zl6j7Q7fF7Zl6j7A', now(), now(), now()) ON CONFLICT (id) DO NOTHING;
INSERT INTO profiles (id, first_name, last_name, phone, role) VALUES ('c08e4c6e-414b-491f-8450-4560220e252d', 'AUSTIN', 'AUSTIN', '08033214684', 'guest') ON CONFLICT (id) DO NOTHING;
INSERT INTO auth.users (id, instance_id, aud, role, email, encrypted_password, email_confirmed_at, created_at, updated_at) VALUES ('72bc7ead-fd5c-479b-bfc1-367c45415077', '00000000-0000-0000-0000-000000000000', 'authenticated', 'authenticated', 'iheancho@gmail.com', '$argon2id$v=19$m=65536,t=3,p=4$fQ7fF7Zl6j7Q7fF7Zl6j7A$fQ7fF7Zl6j7Q7fF7Zl6j7A', now(), now(), now()) ON CONFLICT (id) DO NOTHING;
INSERT INTO profiles (id, first_name, last_name, phone, role) VALUES ('72bc7ead-fd5c-479b-bfc1-367c45415077', 'IHEANACHO', 'IHEANACHO', '09650686856', 'guest') ON CONFLICT (id) DO NOTHING;
INSERT INTO auth.users (id, instance_id, aud, role, email, encrypted_password, email_confirmed_at, created_at, updated_at) VALUES ('8c54c155-b7a6-4f8c-9dac-deaa5525a443', '00000000-0000-0000-0000-000000000000', 'authenticated', 'authenticated', 'musty@gmail.com', '$argon2id$v=19$m=65536,t=3,p=4$fQ7fF7Zl6j7Q7fF7Zl6j7A$fQ7fF7Zl6j7Q7fF7Zl6j7A', now(), now(), now()) ON CONFLICT (id) DO NOTHING;
INSERT INTO profiles (id, first_name, last_name, phone, role) VALUES ('8c54c155-b7a6-4f8c-9dac-deaa5525a443', 'IDUGBE', 'FELIX', '09056385685', 'guest') ON CONFLICT (id) DO NOTHING;
INSERT INTO auth.users (id, instance_id, aud, role, email, encrypted_password, email_confirmed_at, created_at, updated_at) VALUES ('7a920fdd-04c2-4c9b-a1ee-e585e74c6cd4', '00000000-0000-0000-0000-000000000000', 'authenticated', 'authenticated', 'smart@gmail.com', '$argon2id$v=19$m=65536,t=3,p=4$fQ7fF7Zl6j7Q7fF7Zl6j7A$fQ7fF7Zl6j7Q7fF7Zl6j7A', now(), now(), now()) ON CONFLICT (id) DO NOTHING;
INSERT INTO profiles (id, first_name, last_name, phone, role) VALUES ('7a920fdd-04c2-4c9b-a1ee-e585e74c6cd4', 'SMART', 'OSINANCHI', '07040261944', 'guest') ON CONFLICT (id) DO NOTHING;
INSERT INTO auth.users (id, instance_id, aud, role, email, encrypted_password, email_confirmed_at, created_at, updated_at) VALUES ('f9c3f5fc-f79c-4355-94b0-886bb703c696', '00000000-0000-0000-0000-000000000000', 'authenticated', 'authenticated', 'mauricebrown@gmail.com', '$argon2id$v=19$m=65536,t=3,p=4$fQ7fF7Zl6j7Q7fF7Zl6j7A$fQ7fF7Zl6j7Q7fF7Zl6j7A', now(), now(), now()) ON CONFLICT (id) DO NOTHING;
INSERT INTO profiles (id, first_name, last_name, phone, role) VALUES ('f9c3f5fc-f79c-4355-94b0-886bb703c696', 'BROWN', 'MAURICE', '09063163154', 'guest') ON CONFLICT (id) DO NOTHING;

-- 3. Insert Rooms
INSERT INTO rooms (id, room_number, name, type, capacity, base_price_ngn, status) VALUES ('082b476e-0330-4063-b579-f27449790d97', 'RM-001', 'Patrick (3 Bedrooms)', 'Apartment', 2, 110000, 'available') ON CONFLICT (room_number) DO NOTHING;
INSERT INTO rooms (id, room_number, name, type, capacity, base_price_ngn, status) VALUES ('5dff3a3e-9830-4575-ad57-4a6beb0314b7', 'RM-002', '001 - Sylvester (2 Bedrooms)', 'Apartment', 2, 90000, 'available') ON CONFLICT (room_number) DO NOTHING;
INSERT INTO rooms (id, room_number, name, type, capacity, base_price_ngn, status) VALUES ('cad2bc4d-5eaa-429b-b9f1-faedd37fdc35', 'RM-003', '002 - Agnes (3 Bedrooms)', 'Apartment', 2, 162000, 'available') ON CONFLICT (room_number) DO NOTHING;
INSERT INTO rooms (id, room_number, name, type, capacity, base_price_ngn, status) VALUES ('ca946c9a-b147-488c-8ea8-84a3e1d87cfb', 'RM-004', '003 - Peter (3 Bedrooms)', 'Apartment', 2, 110000, 'available') ON CONFLICT (room_number) DO NOTHING;
INSERT INTO rooms (id, room_number, name, type, capacity, base_price_ngn, status) VALUES ('f78d9fae-b8d0-4006-a221-8b2bafaf1724', 'RM-005', '004 - Florence (3 Bedrooms)', 'Apartment', 2, 110000, 'available') ON CONFLICT (room_number) DO NOTHING;
INSERT INTO rooms (id, room_number, name, type, capacity, base_price_ngn, status) VALUES ('99c72914-78a5-49c2-bbf2-31f44cad3419', 'RM-006', '005 - Patrick  (3 Bedrooms)', 'Apartment', 2, 110000, 'available') ON CONFLICT (room_number) DO NOTHING;
INSERT INTO rooms (id, room_number, name, type, capacity, base_price_ngn, status) VALUES ('c6fc6bd0-55ba-41a5-b20d-fdcde85a63d8', 'RM-007', '006 - Josephine (3 Bedrooms)', 'Apartment', 2, 110000, 'available') ON CONFLICT (room_number) DO NOTHING;
INSERT INTO rooms (id, room_number, name, type, capacity, base_price_ngn, status) VALUES ('dfb38876-97ec-4e1f-a748-641342fe68e1', 'RM-008', '001 - Guest Room (Ground Floor)', 'Apartment', 2, 25000, 'available') ON CONFLICT (room_number) DO NOTHING;
INSERT INTO rooms (id, room_number, name, type, capacity, base_price_ngn, status) VALUES ('5e4cd61c-a714-494b-83d5-a0abfc8110b2', 'RM-009', 'Entire Apartment', 'Apartment', 2, 900000, 'available') ON CONFLICT (room_number) DO NOTHING;
INSERT INTO rooms (id, room_number, name, type, capacity, base_price_ngn, status) VALUES ('8af12217-f3b3-4817-b214-c6f71266a63a', 'RM-010', 'Guest Rooms', 'Apartment', 2, 25000, 'available') ON CONFLICT (room_number) DO NOTHING;
INSERT INTO rooms (id, room_number, name, type, capacity, base_price_ngn, status) VALUES ('a64b9f4a-e434-40fe-8052-dadf544229b0', 'RM-011', 'Events Area', 'Apartment', 2, 50000, 'available') ON CONFLICT (room_number) DO NOTHING;

-- 4. Insert Bookings
INSERT INTO bookings (booking_reference, guest_id, room_id, check_in_date, check_out_date, total_room_price_ngn, total_amount_ngn, status, payment_status, amount_paid_ngn) VALUES ('booking_1210_668e1cf', 'e131cc4b-26be-4569-9ed3-b64c7b9610b2', '082b476e-0330-4063-b579-f27449790d97', '2024-07-11', '2024-07-13', 220000, 220000, 'confirmed', 'paid', 220000) ON CONFLICT (booking_reference) DO NOTHING;
INSERT INTO bookings (booking_reference, guest_id, room_id, check_in_date, check_out_date, total_room_price_ngn, total_amount_ngn, status, payment_status, amount_paid_ngn) VALUES ('booking_1234_66981a7', '6b316135-26c8-4c20-ac71-01ce730d2323', '5dff3a3e-9830-4575-ad57-4a6beb0314b7', '2024-07-19', '2024-07-21', 180000, 180000, 'confirmed', 'paid', 180000) ON CONFLICT (booking_reference) DO NOTHING;
INSERT INTO bookings (booking_reference, guest_id, room_id, check_in_date, check_out_date, total_room_price_ngn, total_amount_ngn, status, payment_status, amount_paid_ngn) VALUES ('booking_1236_66981d4', 'e50a9154-41c2-4690-9329-48e5ae5d14ed', 'cad2bc4d-5eaa-429b-b9f1-faedd37fdc35', '2024-07-19', '2024-07-21', 324000, 324000, 'confirmed', 'paid', 324000) ON CONFLICT (booking_reference) DO NOTHING;
INSERT INTO bookings (booking_reference, guest_id, room_id, check_in_date, check_out_date, total_room_price_ngn, total_amount_ngn, status, payment_status, amount_paid_ngn) VALUES ('booking_1238_66981ed', '2b0ed615-5da8-4d0c-b72e-7991f4dea260', 'ca946c9a-b147-488c-8ea8-84a3e1d87cfb', '2024-07-19', '2024-07-21', 220000, 220000, 'confirmed', 'paid', 220000) ON CONFLICT (booking_reference) DO NOTHING;
INSERT INTO bookings (booking_reference, guest_id, room_id, check_in_date, check_out_date, total_room_price_ngn, total_amount_ngn, status, payment_status, amount_paid_ngn) VALUES ('booking_1240_66984aa', '3a663f63-0dc6-495e-92dc-33e5010f16b9', 'f78d9fae-b8d0-4006-a221-8b2bafaf1724', '2024-07-19', '2024-07-21', 220000, 220000, 'confirmed', 'paid', 220000) ON CONFLICT (booking_reference) DO NOTHING;
INSERT INTO bookings (booking_reference, guest_id, room_id, check_in_date, check_out_date, total_room_price_ngn, total_amount_ngn, status, payment_status, amount_paid_ngn) VALUES ('booking_1242_66984b8', '18d1aaa9-d3af-4acf-b8eb-23f218f086a1', '99c72914-78a5-49c2-bbf2-31f44cad3419', '2024-07-19', '2024-07-21', 220000, 220000, 'confirmed', 'paid', 220000) ON CONFLICT (booking_reference) DO NOTHING;
INSERT INTO bookings (booking_reference, guest_id, room_id, check_in_date, check_out_date, total_room_price_ngn, total_amount_ngn, status, payment_status, amount_paid_ngn) VALUES ('booking_1244_66984c5', 'aa719f4e-280f-4328-8b0f-bc0dd55b08de', 'c6fc6bd0-55ba-41a5-b20d-fdcde85a63d8', '2024-07-19', '2024-07-21', 220000, 220000, 'confirmed', 'paid', 220000) ON CONFLICT (booking_reference) DO NOTHING;
INSERT INTO bookings (booking_reference, guest_id, room_id, check_in_date, check_out_date, total_room_price_ngn, total_amount_ngn, status, payment_status, amount_paid_ngn) VALUES ('booking_1246_66984da', 'ac3f9907-87a4-4f76-9a1c-3751b561207e', 'dfb38876-97ec-4e1f-a748-641342fe68e1', '2024-07-19', '2024-07-21', 50000, 50000, 'confirmed', 'paid', 50000) ON CONFLICT (booking_reference) DO NOTHING;
INSERT INTO bookings (booking_reference, guest_id, room_id, check_in_date, check_out_date, total_room_price_ngn, total_amount_ngn, status, payment_status, amount_paid_ngn) VALUES ('booking_1248_6698f91', 'e131cc4b-26be-4569-9ed3-b64c7b9610b2', '5dff3a3e-9830-4575-ad57-4a6beb0314b7', '2024-07-21', '2024-07-31', 900000, 900000, 'confirmed', 'paid', 900000) ON CONFLICT (booking_reference) DO NOTHING;
INSERT INTO bookings (booking_reference, guest_id, room_id, check_in_date, check_out_date, total_room_price_ngn, total_amount_ngn, status, payment_status, amount_paid_ngn) VALUES ('booking_1253_669a35e', '08303b22-4eb0-4e7d-8beb-44b008c71dab', '99c72914-78a5-49c2-bbf2-31f44cad3419', '2024-07-22', '2024-07-24', 170000, 170000, 'confirmed', 'paid', 170000) ON CONFLICT (booking_reference) DO NOTHING;
INSERT INTO bookings (booking_reference, guest_id, room_id, check_in_date, check_out_date, total_room_price_ngn, total_amount_ngn, status, payment_status, amount_paid_ngn) VALUES ('booking_1256_669a37a', '7f7e9b15-89f8-4da2-b1c4-348d4dd23ae3', '5dff3a3e-9830-4575-ad57-4a6beb0314b7', '2024-08-02', '2024-08-03', 85000, 85000, 'confirmed', 'paid', 85000) ON CONFLICT (booking_reference) DO NOTHING;
INSERT INTO bookings (booking_reference, guest_id, room_id, check_in_date, check_out_date, total_room_price_ngn, total_amount_ngn, status, payment_status, amount_paid_ngn) VALUES ('booking_1258_669a391', '4bcd4d55-3df1-4d42-9e05-3dfca93c0276', '5dff3a3e-9830-4575-ad57-4a6beb0314b7', '2024-08-07', '2024-08-16', 765000, 765000, 'confirmed', 'paid', 765000) ON CONFLICT (booking_reference) DO NOTHING;
INSERT INTO bookings (booking_reference, guest_id, room_id, check_in_date, check_out_date, total_room_price_ngn, total_amount_ngn, status, payment_status, amount_paid_ngn) VALUES ('booking_1332_669c260', '8c31fecc-9166-4c11-93ff-0e66b0822d49', '99c72914-78a5-49c2-bbf2-31f44cad3419', '2024-07-24', '2024-07-30', 510000, 510000, 'confirmed', 'paid', 510000) ON CONFLICT (booking_reference) DO NOTHING;
INSERT INTO bookings (booking_reference, guest_id, room_id, check_in_date, check_out_date, total_room_price_ngn, total_amount_ngn, status, payment_status, amount_paid_ngn) VALUES ('booking_1338_669c29a', '4bcd4d55-3df1-4d42-9e05-3dfca93c0276', 'ca946c9a-b147-488c-8ea8-84a3e1d87cfb', '2024-07-21', '2024-08-07', 1870000, 1870000, 'confirmed', 'paid', 1870000) ON CONFLICT (booking_reference) DO NOTHING;
INSERT INTO bookings (booking_reference, guest_id, room_id, check_in_date, check_out_date, total_room_price_ngn, total_amount_ngn, status, payment_status, amount_paid_ngn) VALUES ('booking_1342_669cc7e', '295d732d-9e70-4913-b8c5-6d3f3d2e5934', '5e4cd61c-a714-494b-83d5-a0abfc8110b2', '2024-08-23', '2024-08-25', 800000, 800000, 'confirmed', 'paid', 800000) ON CONFLICT (booking_reference) DO NOTHING;
INSERT INTO bookings (booking_reference, guest_id, room_id, check_in_date, check_out_date, total_room_price_ngn, total_amount_ngn, status, payment_status, amount_paid_ngn) VALUES ('booking_1348_669d35a', 'a58ce452-33ff-43da-82d6-2e610d3407ce', 'c6fc6bd0-55ba-41a5-b20d-fdcde85a63d8', '2024-07-21', '2024-07-26', 427500, 427500, 'confirmed', 'paid', 427500) ON CONFLICT (booking_reference) DO NOTHING;
INSERT INTO bookings (booking_reference, guest_id, room_id, check_in_date, check_out_date, total_room_price_ngn, total_amount_ngn, status, payment_status, amount_paid_ngn) VALUES ('booking_1354_669e6bc', 'deda71a4-96ff-410a-9e77-b2d01fd9f9fc', 'cad2bc4d-5eaa-429b-b9f1-faedd37fdc35', '2024-07-22', '2024-07-23', 162000, 162000, 'confirmed', 'paid', 162000) ON CONFLICT (booking_reference) DO NOTHING;
INSERT INTO bookings (booking_reference, guest_id, room_id, check_in_date, check_out_date, total_room_price_ngn, total_amount_ngn, status, payment_status, amount_paid_ngn) VALUES ('booking_1357_669e706', 'ffc2a502-ff7f-4a42-9384-d5ccdbeecb7d', 'f78d9fae-b8d0-4006-a221-8b2bafaf1724', '2024-07-21', '2024-08-08', 1440000, 1440000, 'confirmed', 'paid', 1440000) ON CONFLICT (booking_reference) DO NOTHING;
INSERT INTO bookings (booking_reference, guest_id, room_id, check_in_date, check_out_date, total_room_price_ngn, total_amount_ngn, status, payment_status, amount_paid_ngn) VALUES ('booking_1365_669ecdf', 'bab48976-a5cc-48c1-9b11-fc633ec82037', '5dff3a3e-9830-4575-ad57-4a6beb0314b7', '2024-07-22', '2024-07-23', 90000, 90000, 'confirmed', 'paid', 90000) ON CONFLICT (booking_reference) DO NOTHING;
INSERT INTO bookings (booking_reference, guest_id, room_id, check_in_date, check_out_date, total_room_price_ngn, total_amount_ngn, status, payment_status, amount_paid_ngn) VALUES ('booking_1368_669f99e', '66215083-a1e4-4ffe-9583-27b7a2269747', '5dff3a3e-9830-4575-ad57-4a6beb0314b7', '2024-07-23', '2024-07-30', 595000, 595000, 'confirmed', 'paid', 595000) ON CONFLICT (booking_reference) DO NOTHING;
INSERT INTO bookings (booking_reference, guest_id, room_id, check_in_date, check_out_date, total_room_price_ngn, total_amount_ngn, status, payment_status, amount_paid_ngn) VALUES ('booking_1374_669ff62', '1600e213-afcb-4ca8-a795-52241ad71919', '8af12217-f3b3-4817-b214-c6f71266a63a', '2024-07-23', '2024-07-24', 75000, 75000, 'confirmed', 'paid', 75000) ON CONFLICT (booking_reference) DO NOTHING;
INSERT INTO bookings (booking_reference, guest_id, room_id, check_in_date, check_out_date, total_room_price_ngn, total_amount_ngn, status, payment_status, amount_paid_ngn) VALUES ('booking_1379_66a001b', '5a656c33-9075-436a-924d-ff2ba3b0a097', 'c6fc6bd0-55ba-41a5-b20d-fdcde85a63d8', '2024-08-05', '2024-08-06', 110000, 110000, 'confirmed', 'paid', 110000) ON CONFLICT (booking_reference) DO NOTHING;
INSERT INTO bookings (booking_reference, guest_id, room_id, check_in_date, check_out_date, total_room_price_ngn, total_amount_ngn, status, payment_status, amount_paid_ngn) VALUES ('booking_1382_66a11e0', '550569e4-eedd-4aea-83db-a3c874095ee5', 'c6fc6bd0-55ba-41a5-b20d-fdcde85a63d8', '2024-07-26', '2024-07-29', 270000, 270000, 'confirmed', 'paid', 270000) ON CONFLICT (booking_reference) DO NOTHING;
INSERT INTO bookings (booking_reference, guest_id, room_id, check_in_date, check_out_date, total_room_price_ngn, total_amount_ngn, status, payment_status, amount_paid_ngn) VALUES ('booking_1385_66a1374', 'f5ae907b-c940-49b6-bb98-f26d673c425d', 'cad2bc4d-5eaa-429b-b9f1-faedd37fdc35', '2024-07-24', '2024-07-29', 700000, 700000, 'confirmed', 'paid', 700000) ON CONFLICT (booking_reference) DO NOTHING;
INSERT INTO bookings (booking_reference, guest_id, room_id, check_in_date, check_out_date, total_room_price_ngn, total_amount_ngn, status, payment_status, amount_paid_ngn) VALUES ('booking_1397_66a5f53', 'e7a29dd0-9699-4e96-acd2-59632281da4e', 'c6fc6bd0-55ba-41a5-b20d-fdcde85a63d8', '2024-07-30', '2024-08-04', 425000, 425000, 'confirmed', 'paid', 425000) ON CONFLICT (booking_reference) DO NOTHING;
INSERT INTO bookings (booking_reference, guest_id, room_id, check_in_date, check_out_date, total_room_price_ngn, total_amount_ngn, status, payment_status, amount_paid_ngn) VALUES ('booking_1401_66aa196', '3697f56a-d83d-48cf-aa6b-b6b6a3b3c8c3', '5dff3a3e-9830-4575-ad57-4a6beb0314b7', '2024-08-03', '2024-08-04', 90000, 90000, 'confirmed', 'paid', 90000) ON CONFLICT (booking_reference) DO NOTHING;
INSERT INTO bookings (booking_reference, guest_id, room_id, check_in_date, check_out_date, total_room_price_ngn, total_amount_ngn, status, payment_status, amount_paid_ngn) VALUES ('booking_1404_66aa425', '9a7ca690-db1e-4f5d-a380-02df91b78595', '99c72914-78a5-49c2-bbf2-31f44cad3419', '2024-08-02', '2024-08-05', 310000, 310000, 'confirmed', 'paid', 310000) ON CONFLICT (booking_reference) DO NOTHING;
INSERT INTO bookings (booking_reference, guest_id, room_id, check_in_date, check_out_date, total_room_price_ngn, total_amount_ngn, status, payment_status, amount_paid_ngn) VALUES ('booking_1407_66abaae', '6b9a6546-cc9b-43b7-87ea-7f33a377acca', '99c72914-78a5-49c2-bbf2-31f44cad3419', '2024-08-01', '2024-08-02', 110000, 110000, 'confirmed', 'paid', 110000) ON CONFLICT (booking_reference) DO NOTHING;
INSERT INTO bookings (booking_reference, guest_id, room_id, check_in_date, check_out_date, total_room_price_ngn, total_amount_ngn, status, payment_status, amount_paid_ngn) VALUES ('booking_1413_66ae41a', 'ec7b6515-fbfb-4e10-8df9-5cb4430ee1b4', 'cad2bc4d-5eaa-429b-b9f1-faedd37fdc35', '2024-08-03', '2024-08-04', 110000, 110000, 'confirmed', 'paid', 110000) ON CONFLICT (booking_reference) DO NOTHING;
INSERT INTO bookings (booking_reference, guest_id, room_id, check_in_date, check_out_date, total_room_price_ngn, total_amount_ngn, status, payment_status, amount_paid_ngn) VALUES ('booking_1420_66b0c28', 'c61a778e-d4c5-4314-92cf-eefea39194ab', 'c6fc6bd0-55ba-41a5-b20d-fdcde85a63d8', '2024-08-07', '2024-08-10', 270000, 270000, 'confirmed', 'paid', 270000) ON CONFLICT (booking_reference) DO NOTHING;
INSERT INTO bookings (booking_reference, guest_id, room_id, check_in_date, check_out_date, total_room_price_ngn, total_amount_ngn, status, payment_status, amount_paid_ngn) VALUES ('booking_1429_66b10bb', '60007b3b-60f2-4ea7-b7d8-698de384bfe1', '99c72914-78a5-49c2-bbf2-31f44cad3419', '2024-08-05', '2024-08-09', 420000, 420000, 'confirmed', 'paid', 420000) ON CONFLICT (booking_reference) DO NOTHING;
INSERT INTO bookings (booking_reference, guest_id, room_id, check_in_date, check_out_date, total_room_price_ngn, total_amount_ngn, status, payment_status, amount_paid_ngn) VALUES ('booking_1435_66b339f', 'eba6c7dd-f605-41b4-8527-9c07b0974ea3', 'f78d9fae-b8d0-4006-a221-8b2bafaf1724', '2024-09-28', '2024-10-02', 440000, 440000, 'confirmed', 'paid', 440000) ON CONFLICT (booking_reference) DO NOTHING;
INSERT INTO bookings (booking_reference, guest_id, room_id, check_in_date, check_out_date, total_room_price_ngn, total_amount_ngn, status, payment_status, amount_paid_ngn) VALUES ('booking_1443_66b4ac7', 'd2e811aa-eed6-44d7-b807-f18e906086ab', 'ca946c9a-b147-488c-8ea8-84a3e1d87cfb', '2024-08-08', '2024-08-14', 840000, 840000, 'confirmed', 'paid', 840000) ON CONFLICT (booking_reference) DO NOTHING;
INSERT INTO bookings (booking_reference, guest_id, room_id, check_in_date, check_out_date, total_room_price_ngn, total_amount_ngn, status, payment_status, amount_paid_ngn) VALUES ('booking_1445_66b4ba0', '4bcd4d55-3df1-4d42-9e05-3dfca93c0276', 'cad2bc4d-5eaa-429b-b9f1-faedd37fdc35', '2024-08-08', '2024-08-09', 150000, 150000, 'confirmed', 'paid', 150000) ON CONFLICT (booking_reference) DO NOTHING;
INSERT INTO bookings (booking_reference, guest_id, room_id, check_in_date, check_out_date, total_room_price_ngn, total_amount_ngn, status, payment_status, amount_paid_ngn) VALUES ('booking_1448_66b4e61', '4bcd4d55-3df1-4d42-9e05-3dfca93c0276', 'cad2bc4d-5eaa-429b-b9f1-faedd37fdc35', '2024-08-10', '2024-08-11', 162000, 162000, 'confirmed', 'paid', 162000) ON CONFLICT (booking_reference) DO NOTHING;
INSERT INTO bookings (booking_reference, guest_id, room_id, check_in_date, check_out_date, total_room_price_ngn, total_amount_ngn, status, payment_status, amount_paid_ngn) VALUES ('booking_1451_66b5fa6', 'd4d5b9cd-663b-432b-9e38-7faff00b8a1f', 'c6fc6bd0-55ba-41a5-b20d-fdcde85a63d8', '2024-08-11', '2024-08-12', 200000, 200000, 'confirmed', 'paid', 200000) ON CONFLICT (booking_reference) DO NOTHING;
INSERT INTO bookings (booking_reference, guest_id, room_id, check_in_date, check_out_date, total_room_price_ngn, total_amount_ngn, status, payment_status, amount_paid_ngn) VALUES ('booking_1454_66b62e5', '51b98c5b-8389-4e33-aa91-57ad12fbca1b', 'f78d9fae-b8d0-4006-a221-8b2bafaf1724', '2024-08-12', '2024-08-15', 255000, 255000, 'confirmed', 'paid', 255000) ON CONFLICT (booking_reference) DO NOTHING;
INSERT INTO bookings (booking_reference, guest_id, room_id, check_in_date, check_out_date, total_room_price_ngn, total_amount_ngn, status, payment_status, amount_paid_ngn) VALUES ('booking_1462_66b687f', '617b8e8a-f813-4f8e-8a48-91325b80b141', 'f78d9fae-b8d0-4006-a221-8b2bafaf1724', '2024-08-10', '2024-08-11', 120000, 120000, 'confirmed', 'paid', 120000) ON CONFLICT (booking_reference) DO NOTHING;
INSERT INTO bookings (booking_reference, guest_id, room_id, check_in_date, check_out_date, total_room_price_ngn, total_amount_ngn, status, payment_status, amount_paid_ngn) VALUES ('booking_1467_66b7997', '0f5f58a4-50d2-4f1b-8680-bb007858140b', '99c72914-78a5-49c2-bbf2-31f44cad3419', '2024-08-14', '2024-08-16', 200000, 200000, 'confirmed', 'paid', 200000) ON CONFLICT (booking_reference) DO NOTHING;
INSERT INTO bookings (booking_reference, guest_id, room_id, check_in_date, check_out_date, total_room_price_ngn, total_amount_ngn, status, payment_status, amount_paid_ngn) VALUES ('booking_1481_66b7b2d', '4bcd4d55-3df1-4d42-9e05-3dfca93c0276', '99c72914-78a5-49c2-bbf2-31f44cad3419', '2024-08-11', '2024-08-13', 200000, 200000, 'confirmed', 'paid', 200000) ON CONFLICT (booking_reference) DO NOTHING;
INSERT INTO bookings (booking_reference, guest_id, room_id, check_in_date, check_out_date, total_room_price_ngn, total_amount_ngn, status, payment_status, amount_paid_ngn) VALUES ('booking_1490_66ba343', 'bfb472fb-91ae-4c0c-9c6a-6a44c37dc7b2', '5dff3a3e-9830-4575-ad57-4a6beb0314b7', '2024-09-29', '2024-10-01', 180000, 180000, 'confirmed', 'paid', 180000) ON CONFLICT (booking_reference) DO NOTHING;
INSERT INTO bookings (booking_reference, guest_id, room_id, check_in_date, check_out_date, total_room_price_ngn, total_amount_ngn, status, payment_status, amount_paid_ngn) VALUES ('booking_1516_66bcbd4', 'cdcc150a-a407-4c28-ae9b-a09d1feeed70', 'c6fc6bd0-55ba-41a5-b20d-fdcde85a63d8', '2024-08-15', '2024-08-18', 330000, 330000, 'confirmed', 'paid', 330000) ON CONFLICT (booking_reference) DO NOTHING;
INSERT INTO bookings (booking_reference, guest_id, room_id, check_in_date, check_out_date, total_room_price_ngn, total_amount_ngn, status, payment_status, amount_paid_ngn) VALUES ('booking_1521_66bddf6', '2d5f2034-e6b6-40c2-83fb-75053af95b56', 'ca946c9a-b147-488c-8ea8-84a3e1d87cfb', '2024-08-15', '2024-08-16', 100000, 100000, 'confirmed', 'paid', 100000) ON CONFLICT (booking_reference) DO NOTHING;
INSERT INTO bookings (booking_reference, guest_id, room_id, check_in_date, check_out_date, total_room_price_ngn, total_amount_ngn, status, payment_status, amount_paid_ngn) VALUES ('booking_1527_66be49d', '6be51a33-5362-4c5e-8175-c542b9c2e5c6', '5dff3a3e-9830-4575-ad57-4a6beb0314b7', '2024-08-16', '2024-08-18', 170000, 170000, 'confirmed', 'paid', 170000) ON CONFLICT (booking_reference) DO NOTHING;
INSERT INTO bookings (booking_reference, guest_id, room_id, check_in_date, check_out_date, total_room_price_ngn, total_amount_ngn, status, payment_status, amount_paid_ngn) VALUES ('booking_1530_66be4bc', '888e3aed-19da-4476-88ae-1199215355c1', 'f78d9fae-b8d0-4006-a221-8b2bafaf1724', '2024-08-15', '2024-08-23', 880000, 880000, 'confirmed', 'paid', 880000) ON CONFLICT (booking_reference) DO NOTHING;
INSERT INTO bookings (booking_reference, guest_id, room_id, check_in_date, check_out_date, total_room_price_ngn, total_amount_ngn, status, payment_status, amount_paid_ngn) VALUES ('booking_1534_66be4f8', '0c5477e7-0b25-4332-a9eb-e5c8f92e94df', '5dff3a3e-9830-4575-ad57-4a6beb0314b7', '2024-08-22', '2024-08-23', 60000, 60000, 'confirmed', 'paid', 60000) ON CONFLICT (booking_reference) DO NOTHING;
INSERT INTO bookings (booking_reference, guest_id, room_id, check_in_date, check_out_date, total_room_price_ngn, total_amount_ngn, status, payment_status, amount_paid_ngn) VALUES ('booking_1537_66be5fd', 'bd4bdfe3-4394-4930-9416-efd71be15502', 'ca946c9a-b147-488c-8ea8-84a3e1d87cfb', '2024-08-16', '2024-08-19', 340000, 340000, 'confirmed', 'paid', 340000) ON CONFLICT (booking_reference) DO NOTHING;
INSERT INTO bookings (booking_reference, guest_id, room_id, check_in_date, check_out_date, total_room_price_ngn, total_amount_ngn, status, payment_status, amount_paid_ngn) VALUES ('booking_1541_66bf3b8', '1ad44299-ce83-4420-b23e-ddcd76487f2e', '99c72914-78a5-49c2-bbf2-31f44cad3419', '2024-08-16', '2024-08-17', 90000, 90000, 'confirmed', 'paid', 90000) ON CONFLICT (booking_reference) DO NOTHING;
INSERT INTO bookings (booking_reference, guest_id, room_id, check_in_date, check_out_date, total_room_price_ngn, total_amount_ngn, status, payment_status, amount_paid_ngn) VALUES ('booking_1544_66bf56d', 'bf7429ed-8338-4fc4-a35a-d1720af50a2e', 'cad2bc4d-5eaa-429b-b9f1-faedd37fdc35', '2024-08-16', '2024-08-19', 300000, 300000, 'confirmed', 'paid', 300000) ON CONFLICT (booking_reference) DO NOTHING;
INSERT INTO bookings (booking_reference, guest_id, room_id, check_in_date, check_out_date, total_room_price_ngn, total_amount_ngn, status, payment_status, amount_paid_ngn) VALUES ('booking_1547_66bf93a', 'bcfef5da-ddbd-46ae-a713-c19486589a48', 'ca946c9a-b147-488c-8ea8-84a3e1d87cfb', '2024-08-21', '2024-08-22', 90000, 90000, 'confirmed', 'paid', 90000) ON CONFLICT (booking_reference) DO NOTHING;
INSERT INTO bookings (booking_reference, guest_id, room_id, check_in_date, check_out_date, total_room_price_ngn, total_amount_ngn, status, payment_status, amount_paid_ngn) VALUES ('booking_1551_66c23d4', 'a3dca086-cd72-45a0-93a3-d0f7d8255ff4', '5dff3a3e-9830-4575-ad57-4a6beb0314b7', '2024-08-18', '2024-08-19', 90000, 90000, 'confirmed', 'paid', 90000) ON CONFLICT (booking_reference) DO NOTHING;
INSERT INTO bookings (booking_reference, guest_id, room_id, check_in_date, check_out_date, total_room_price_ngn, total_amount_ngn, status, payment_status, amount_paid_ngn) VALUES ('booking_1555_66c36da', '77a96bef-8c88-4981-83a2-50a5b66757d2', '99c72914-78a5-49c2-bbf2-31f44cad3419', '2024-08-19', '2024-08-20', 90000, 90000, 'confirmed', 'paid', 90000) ON CONFLICT (booking_reference) DO NOTHING;
INSERT INTO bookings (booking_reference, guest_id, room_id, check_in_date, check_out_date, total_room_price_ngn, total_amount_ngn, status, payment_status, amount_paid_ngn) VALUES ('booking_1558_66c3904', 'faa8028c-eb28-44e8-8233-a7241d515aee', '5dff3a3e-9830-4575-ad57-4a6beb0314b7', '2024-08-31', '2024-09-01', 90000, 90000, 'confirmed', 'paid', 90000) ON CONFLICT (booking_reference) DO NOTHING;
INSERT INTO bookings (booking_reference, guest_id, room_id, check_in_date, check_out_date, total_room_price_ngn, total_amount_ngn, status, payment_status, amount_paid_ngn) VALUES ('booking_1562_66c3db9', '20a0aff2-596b-46ef-a1c4-25e56656b8b3', 'c6fc6bd0-55ba-41a5-b20d-fdcde85a63d8', '2024-08-20', '2024-08-23', 270000, 270000, 'confirmed', 'paid', 270000) ON CONFLICT (booking_reference) DO NOTHING;
INSERT INTO bookings (booking_reference, guest_id, room_id, check_in_date, check_out_date, total_room_price_ngn, total_amount_ngn, status, payment_status, amount_paid_ngn) VALUES ('booking_1565_66c4997', '854ab53d-6476-4cc6-9923-f5c923a9d9e7', '5dff3a3e-9830-4575-ad57-4a6beb0314b7', '2024-08-20', '2024-08-21', 90000, 90000, 'confirmed', 'paid', 90000) ON CONFLICT (booking_reference) DO NOTHING;
INSERT INTO bookings (booking_reference, guest_id, room_id, check_in_date, check_out_date, total_room_price_ngn, total_amount_ngn, status, payment_status, amount_paid_ngn) VALUES ('booking_1569_66c5961', '61748f95-bf66-464f-a76a-39b682c0c4fa', '99c72914-78a5-49c2-bbf2-31f44cad3419', '2024-08-21', '2024-08-22', 90000, 90000, 'confirmed', 'paid', 90000) ON CONFLICT (booking_reference) DO NOTHING;
INSERT INTO bookings (booking_reference, guest_id, room_id, check_in_date, check_out_date, total_room_price_ngn, total_amount_ngn, status, payment_status, amount_paid_ngn) VALUES ('booking_1576_66c8bdf', 'a1595318-375f-4980-bba2-5e348a9d7ea6', 'ca946c9a-b147-488c-8ea8-84a3e1d87cfb', '2024-08-27', '2024-08-31', 480000, 480000, 'confirmed', 'paid', 480000) ON CONFLICT (booking_reference) DO NOTHING;
INSERT INTO bookings (booking_reference, guest_id, room_id, check_in_date, check_out_date, total_room_price_ngn, total_amount_ngn, status, payment_status, amount_paid_ngn) VALUES ('booking_1579_66cb2b7', '81380a88-6492-401a-a020-90a891abb325', 'c6fc6bd0-55ba-41a5-b20d-fdcde85a63d8', '2024-08-25', '2024-08-26', 110000, 110000, 'confirmed', 'paid', 110000) ON CONFLICT (booking_reference) DO NOTHING;
INSERT INTO bookings (booking_reference, guest_id, room_id, check_in_date, check_out_date, total_room_price_ngn, total_amount_ngn, status, payment_status, amount_paid_ngn) VALUES ('booking_1582_66cb559', '888e3aed-19da-4476-88ae-1199215355c1', 'f78d9fae-b8d0-4006-a221-8b2bafaf1724', '2024-08-25', '2024-08-30', 475000, 475000, 'confirmed', 'paid', 475000) ON CONFLICT (booking_reference) DO NOTHING;
INSERT INTO bookings (booking_reference, guest_id, room_id, check_in_date, check_out_date, total_room_price_ngn, total_amount_ngn, status, payment_status, amount_paid_ngn) VALUES ('booking_1584_66cb72b', 'e53b4d9f-7bf4-40a1-b455-79b86ad4051c', '99c72914-78a5-49c2-bbf2-31f44cad3419', '2024-08-25', '2024-08-29', 320000, 320000, 'confirmed', 'paid', 320000) ON CONFLICT (booking_reference) DO NOTHING;
INSERT INTO bookings (booking_reference, guest_id, room_id, check_in_date, check_out_date, total_room_price_ngn, total_amount_ngn, status, payment_status, amount_paid_ngn) VALUES ('booking_1587_66cc7cb', '9a6db70b-bbdd-41fa-80f3-98489e797898', 'c6fc6bd0-55ba-41a5-b20d-fdcde85a63d8', '2024-08-26', '2024-08-28', 220000, 220000, 'confirmed', 'paid', 220000) ON CONFLICT (booking_reference) DO NOTHING;
INSERT INTO bookings (booking_reference, guest_id, room_id, check_in_date, check_out_date, total_room_price_ngn, total_amount_ngn, status, payment_status, amount_paid_ngn) VALUES ('booking_1591_66cc7d4', 'be4bbb45-867e-41c8-b437-e1f43d7ba1d6', 'ca946c9a-b147-488c-8ea8-84a3e1d87cfb', '2024-08-26', '2024-08-27', 65000, 65000, 'confirmed', 'paid', 65000) ON CONFLICT (booking_reference) DO NOTHING;
INSERT INTO bookings (booking_reference, guest_id, room_id, check_in_date, check_out_date, total_room_price_ngn, total_amount_ngn, status, payment_status, amount_paid_ngn) VALUES ('booking_1593_66cc7f5', '21d5acc9-16d7-40a5-ba91-57823e13c3f8', '5dff3a3e-9830-4575-ad57-4a6beb0314b7', '2024-08-26', '2024-08-27', 90000, 90000, 'confirmed', 'paid', 90000) ON CONFLICT (booking_reference) DO NOTHING;
INSERT INTO bookings (booking_reference, guest_id, room_id, check_in_date, check_out_date, total_room_price_ngn, total_amount_ngn, status, payment_status, amount_paid_ngn) VALUES ('booking_1596_66ce096', '9181b419-41cb-4903-b188-47f100bf6721', '5dff3a3e-9830-4575-ad57-4a6beb0314b7', '2024-08-28', '2024-08-31', 255000, 255000, 'confirmed', 'paid', 255000) ON CONFLICT (booking_reference) DO NOTHING;
INSERT INTO bookings (booking_reference, guest_id, room_id, check_in_date, check_out_date, total_room_price_ngn, total_amount_ngn, status, payment_status, amount_paid_ngn) VALUES ('booking_1601_66cf24e', '63484cbd-d2e5-4d2c-86c7-6881561be2c0', 'c6fc6bd0-55ba-41a5-b20d-fdcde85a63d8', '2024-08-29', '2024-09-03', 400000, 400000, 'confirmed', 'paid', 400000) ON CONFLICT (booking_reference) DO NOTHING;
INSERT INTO bookings (booking_reference, guest_id, room_id, check_in_date, check_out_date, total_room_price_ngn, total_amount_ngn, status, payment_status, amount_paid_ngn) VALUES ('booking_1607_66d0b37', '509d92d9-cd62-4c09-a0fc-86b35725dc92', '99c72914-78a5-49c2-bbf2-31f44cad3419', '2024-08-30', '2024-08-31', 85000, 85000, 'confirmed', 'paid', 85000) ON CONFLICT (booking_reference) DO NOTHING;
INSERT INTO bookings (booking_reference, guest_id, room_id, check_in_date, check_out_date, total_room_price_ngn, total_amount_ngn, status, payment_status, amount_paid_ngn) VALUES ('booking_1610_66d0c1c', 'bae85528-f90c-4737-bd69-eebd9e22a0d7', 'f78d9fae-b8d0-4006-a221-8b2bafaf1724', '2024-08-30', '2024-09-01', 210000, 210000, 'confirmed', 'paid', 210000) ON CONFLICT (booking_reference) DO NOTHING;
INSERT INTO bookings (booking_reference, guest_id, room_id, check_in_date, check_out_date, total_room_price_ngn, total_amount_ngn, status, payment_status, amount_paid_ngn) VALUES ('booking_1616_66d1b9d', 'b6b59d78-e2c8-4577-92a3-5eeb2c1a20aa', '8af12217-f3b3-4817-b214-c6f71266a63a', '2024-08-31', '2024-09-01', 20000, 20000, 'confirmed', 'paid', 20000) ON CONFLICT (booking_reference) DO NOTHING;
INSERT INTO bookings (booking_reference, guest_id, room_id, check_in_date, check_out_date, total_room_price_ngn, total_amount_ngn, status, payment_status, amount_paid_ngn) VALUES ('booking_1619_66d1f02', 'de48b803-4ad4-4dfe-83a8-ef5b449fb3e6', 'cad2bc4d-5eaa-429b-b9f1-faedd37fdc35', '2024-08-30', '2024-09-11', 1944000, 1944000, 'confirmed', 'paid', 1944000) ON CONFLICT (booking_reference) DO NOTHING;
INSERT INTO bookings (booking_reference, guest_id, room_id, check_in_date, check_out_date, total_room_price_ngn, total_amount_ngn, status, payment_status, amount_paid_ngn) VALUES ('booking_1622_66d1f1d', '170f3a4b-5591-4faa-ad81-5dcf34ca78e8', '99c72914-78a5-49c2-bbf2-31f44cad3419', '2024-08-31', '2024-09-01', 110000, 110000, 'confirmed', 'paid', 110000) ON CONFLICT (booking_reference) DO NOTHING;
INSERT INTO bookings (booking_reference, guest_id, room_id, check_in_date, check_out_date, total_room_price_ngn, total_amount_ngn, status, payment_status, amount_paid_ngn) VALUES ('booking_1628_66d4e14', '5ebcc098-b6a0-4d73-8092-b0023316a98c', 'ca946c9a-b147-488c-8ea8-84a3e1d87cfb', '2024-09-02', '2024-09-04', 220000, 220000, 'confirmed', 'paid', 220000) ON CONFLICT (booking_reference) DO NOTHING;
INSERT INTO bookings (booking_reference, guest_id, room_id, check_in_date, check_out_date, total_room_price_ngn, total_amount_ngn, status, payment_status, amount_paid_ngn) VALUES ('booking_1631_66d4e2a', '1b41e230-c148-4624-87cf-76881488178c', 'f78d9fae-b8d0-4006-a221-8b2bafaf1724', '2024-09-02', '2024-09-04', 220000, 220000, 'confirmed', 'paid', 220000) ON CONFLICT (booking_reference) DO NOTHING;
INSERT INTO bookings (booking_reference, guest_id, room_id, check_in_date, check_out_date, total_room_price_ngn, total_amount_ngn, status, payment_status, amount_paid_ngn) VALUES ('booking_1640_66d5fcf', '7c3fea72-4e96-4a33-82dd-86a9c3c8cbf3', 'c6fc6bd0-55ba-41a5-b20d-fdcde85a63d8', '2024-09-04', '2024-09-12', 780000, 780000, 'confirmed', 'paid', 780000) ON CONFLICT (booking_reference) DO NOTHING;
INSERT INTO bookings (booking_reference, guest_id, room_id, check_in_date, check_out_date, total_room_price_ngn, total_amount_ngn, status, payment_status, amount_paid_ngn) VALUES ('booking_1648_66d6cae', '1d5f8b28-9c59-4540-ba38-95483992c827', '99c72914-78a5-49c2-bbf2-31f44cad3419', '2024-09-03', '2024-09-10', 560000, 560000, 'confirmed', 'paid', 560000) ON CONFLICT (booking_reference) DO NOTHING;
INSERT INTO bookings (booking_reference, guest_id, room_id, check_in_date, check_out_date, total_room_price_ngn, total_amount_ngn, status, payment_status, amount_paid_ngn) VALUES ('booking_1650_66d7930', '715964b9-0439-4695-abf1-cb2af200600c', '8af12217-f3b3-4817-b214-c6f71266a63a', '2024-09-03', '2024-09-05', 50000, 50000, 'confirmed', 'paid', 50000) ON CONFLICT (booking_reference) DO NOTHING;
INSERT INTO bookings (booking_reference, guest_id, room_id, check_in_date, check_out_date, total_room_price_ngn, total_amount_ngn, status, payment_status, amount_paid_ngn) VALUES ('booking_1657_66d879f', '068ddebe-e579-416e-97a2-34b9039ddf74', '8af12217-f3b3-4817-b214-c6f71266a63a', '2024-09-04', '2024-09-06', 40000, 40000, 'confirmed', 'paid', 40000) ON CONFLICT (booking_reference) DO NOTHING;
INSERT INTO bookings (booking_reference, guest_id, room_id, check_in_date, check_out_date, total_room_price_ngn, total_amount_ngn, status, payment_status, amount_paid_ngn) VALUES ('booking_1663_66d9b37', '9539f161-8de1-4077-b249-592fa613552b', 'ca946c9a-b147-488c-8ea8-84a3e1d87cfb', '2024-09-06', '2024-09-07', 110000, 110000, 'confirmed', 'paid', 110000) ON CONFLICT (booking_reference) DO NOTHING;
INSERT INTO bookings (booking_reference, guest_id, room_id, check_in_date, check_out_date, total_room_price_ngn, total_amount_ngn, status, payment_status, amount_paid_ngn) VALUES ('booking_1669_66db0e7', '7089094d-3d75-4877-92ca-2473fbc16921', '5dff3a3e-9830-4575-ad57-4a6beb0314b7', '2024-09-06', '2024-09-08', 180000, 180000, 'confirmed', 'paid', 180000) ON CONFLICT (booking_reference) DO NOTHING;
INSERT INTO bookings (booking_reference, guest_id, room_id, check_in_date, check_out_date, total_room_price_ngn, total_amount_ngn, status, payment_status, amount_paid_ngn) VALUES ('booking_1676_66db356', '2c3a41b7-6497-4f5f-8365-4eb9eb936537', 'f78d9fae-b8d0-4006-a221-8b2bafaf1724', '2024-09-06', '2024-09-09', 330000, 330000, 'confirmed', 'paid', 330000) ON CONFLICT (booking_reference) DO NOTHING;
INSERT INTO bookings (booking_reference, guest_id, room_id, check_in_date, check_out_date, total_room_price_ngn, total_amount_ngn, status, payment_status, amount_paid_ngn) VALUES ('booking_1680_66dc569', '57929b60-24f9-4c99-82fc-89b2c3b837ce', '8af12217-f3b3-4817-b214-c6f71266a63a', '2024-09-24', '2024-09-28', 100000, 100000, 'confirmed', 'paid', 100000) ON CONFLICT (booking_reference) DO NOTHING;
INSERT INTO bookings (booking_reference, guest_id, room_id, check_in_date, check_out_date, total_room_price_ngn, total_amount_ngn, status, payment_status, amount_paid_ngn) VALUES ('booking_1686_66ddca0', 'd24d4dfd-0cb9-4205-ba01-5373dc691444', '5dff3a3e-9830-4575-ad57-4a6beb0314b7', '2024-09-08', '2024-09-13', 400000, 400000, 'confirmed', 'paid', 400000) ON CONFLICT (booking_reference) DO NOTHING;
INSERT INTO bookings (booking_reference, guest_id, room_id, check_in_date, check_out_date, total_room_price_ngn, total_amount_ngn, status, payment_status, amount_paid_ngn) VALUES ('booking_1692_66e06ad', '687ee131-df7a-44b7-aa0d-bed3f8261e1f', '99c72914-78a5-49c2-bbf2-31f44cad3419', '2024-09-10', '2024-09-14', 360000, 360000, 'confirmed', 'paid', 360000) ON CONFLICT (booking_reference) DO NOTHING;
INSERT INTO bookings (booking_reference, guest_id, room_id, check_in_date, check_out_date, total_room_price_ngn, total_amount_ngn, status, payment_status, amount_paid_ngn) VALUES ('booking_1706_66e41b5', '7c2ca273-df47-4c7a-9166-a37552a4f67f', '5dff3a3e-9830-4575-ad57-4a6beb0314b7', '2024-09-13', '2024-09-15', 165000, 165000, 'confirmed', 'paid', 165000) ON CONFLICT (booking_reference) DO NOTHING;
INSERT INTO bookings (booking_reference, guest_id, room_id, check_in_date, check_out_date, total_room_price_ngn, total_amount_ngn, status, payment_status, amount_paid_ngn) VALUES ('booking_1712_66e52b0', '5d2681f1-a804-4988-8bc6-41bf3e9ccc29', 'f78d9fae-b8d0-4006-a221-8b2bafaf1724', '2024-09-14', '2024-09-15', 210000, 210000, 'confirmed', 'paid', 210000) ON CONFLICT (booking_reference) DO NOTHING;
INSERT INTO bookings (booking_reference, guest_id, room_id, check_in_date, check_out_date, total_room_price_ngn, total_amount_ngn, status, payment_status, amount_paid_ngn) VALUES ('booking_1721_66e5ea9', 'f49be7f2-eca0-4c9e-af64-b8817b6acf8f', 'ca946c9a-b147-488c-8ea8-84a3e1d87cfb', '2024-09-15', '2024-09-16', 110000, 110000, 'confirmed', 'paid', 110000) ON CONFLICT (booking_reference) DO NOTHING;
INSERT INTO bookings (booking_reference, guest_id, room_id, check_in_date, check_out_date, total_room_price_ngn, total_amount_ngn, status, payment_status, amount_paid_ngn) VALUES ('booking_1724_66e6e04', 'e34427cc-ae92-4887-9659-f76c8132c891', 'f78d9fae-b8d0-4006-a221-8b2bafaf1724', '2024-09-15', '2024-09-17', 200000, 200000, 'confirmed', 'paid', 200000) ON CONFLICT (booking_reference) DO NOTHING;
INSERT INTO bookings (booking_reference, guest_id, room_id, check_in_date, check_out_date, total_room_price_ngn, total_amount_ngn, status, payment_status, amount_paid_ngn) VALUES ('booking_1727_66e86fc', 'c9ce06ac-ac8d-44d2-89c4-fd29f1600390', '8af12217-f3b3-4817-b214-c6f71266a63a', '2024-09-16', '2024-09-19', 60000, 60000, 'confirmed', 'paid', 60000) ON CONFLICT (booking_reference) DO NOTHING;
INSERT INTO bookings (booking_reference, guest_id, room_id, check_in_date, check_out_date, total_room_price_ngn, total_amount_ngn, status, payment_status, amount_paid_ngn) VALUES ('booking_1730_66e8722', '018ea880-eb59-4e33-aac8-5277978903ab', '8af12217-f3b3-4817-b214-c6f71266a63a', '2024-09-16', '2024-09-17', 20000, 20000, 'confirmed', 'paid', 20000) ON CONFLICT (booking_reference) DO NOTHING;
INSERT INTO bookings (booking_reference, guest_id, room_id, check_in_date, check_out_date, total_room_price_ngn, total_amount_ngn, status, payment_status, amount_paid_ngn) VALUES ('booking_1737_66e98ed', '00613f5e-4783-48c3-90d3-5a4bef2b8cf1', 'f78d9fae-b8d0-4006-a221-8b2bafaf1724', '2024-10-04', '2024-10-06', 210000, 210000, 'confirmed', 'paid', 210000) ON CONFLICT (booking_reference) DO NOTHING;
INSERT INTO bookings (booking_reference, guest_id, room_id, check_in_date, check_out_date, total_room_price_ngn, total_amount_ngn, status, payment_status, amount_paid_ngn) VALUES ('booking_1742_66e9924', '00613f5e-4783-48c3-90d3-5a4bef2b8cf1', 'ca946c9a-b147-488c-8ea8-84a3e1d87cfb', '2024-10-04', '2024-10-06', 210000, 210000, 'confirmed', 'paid', 210000) ON CONFLICT (booking_reference) DO NOTHING;
INSERT INTO bookings (booking_reference, guest_id, room_id, check_in_date, check_out_date, total_room_price_ngn, total_amount_ngn, status, payment_status, amount_paid_ngn) VALUES ('booking_1744_66e992a', '4bcd4d55-3df1-4d42-9e05-3dfca93c0276', '8af12217-f3b3-4817-b214-c6f71266a63a', '2024-10-04', '2024-10-06', 40000, 40000, 'confirmed', 'paid', 40000) ON CONFLICT (booking_reference) DO NOTHING;
INSERT INTO bookings (booking_reference, guest_id, room_id, check_in_date, check_out_date, total_room_price_ngn, total_amount_ngn, status, payment_status, amount_paid_ngn) VALUES ('booking_1747_66eac47', 'f972fe50-4e8b-497e-961e-ca08d764e80d', 'f78d9fae-b8d0-4006-a221-8b2bafaf1724', '2024-09-18', '2024-09-23', 425000, 425000, 'confirmed', 'paid', 425000) ON CONFLICT (booking_reference) DO NOTHING;
INSERT INTO bookings (booking_reference, guest_id, room_id, check_in_date, check_out_date, total_room_price_ngn, total_amount_ngn, status, payment_status, amount_paid_ngn) VALUES ('booking_1752_66ebf70', 'd2ae1af4-977d-4e99-9a4b-39a10b1702d9', '99c72914-78a5-49c2-bbf2-31f44cad3419', '2024-09-19', '2024-09-21', 180000, 180000, 'confirmed', 'paid', 180000) ON CONFLICT (booking_reference) DO NOTHING;
INSERT INTO bookings (booking_reference, guest_id, room_id, check_in_date, check_out_date, total_room_price_ngn, total_amount_ngn, status, payment_status, amount_paid_ngn) VALUES ('booking_1756_66ec0ca', '0a54f484-f85a-45c7-9e67-c33068d22e84', '5dff3a3e-9830-4575-ad57-4a6beb0314b7', '2024-09-19', '2024-09-20', 90000, 90000, 'confirmed', 'paid', 90000) ON CONFLICT (booking_reference) DO NOTHING;
INSERT INTO bookings (booking_reference, guest_id, room_id, check_in_date, check_out_date, total_room_price_ngn, total_amount_ngn, status, payment_status, amount_paid_ngn) VALUES ('booking_1764_66ec587', '1b18f4f3-2617-49f8-b847-3230bff12071', '5dff3a3e-9830-4575-ad57-4a6beb0314b7', '2024-09-20', '2024-09-21', 80000, 80000, 'confirmed', 'paid', 80000) ON CONFLICT (booking_reference) DO NOTHING;
INSERT INTO bookings (booking_reference, guest_id, room_id, check_in_date, check_out_date, total_room_price_ngn, total_amount_ngn, status, payment_status, amount_paid_ngn) VALUES ('booking_1767_66ed3bc', 'e410f4fa-bd64-40dc-a5c8-9aab38347882', '5dff3a3e-9830-4575-ad57-4a6beb0314b7', '2024-09-21', '2024-09-22', 90000, 90000, 'confirmed', 'paid', 90000) ON CONFLICT (booking_reference) DO NOTHING;
INSERT INTO bookings (booking_reference, guest_id, room_id, check_in_date, check_out_date, total_room_price_ngn, total_amount_ngn, status, payment_status, amount_paid_ngn) VALUES ('booking_1771_66ed4ca', 'd9039265-3ac4-4a10-b2a1-b2a0f3b4c0f5', 'ca946c9a-b147-488c-8ea8-84a3e1d87cfb', '2024-09-25', '2024-09-30', 450000, 450000, 'confirmed', 'paid', 450000) ON CONFLICT (booking_reference) DO NOTHING;
INSERT INTO bookings (booking_reference, guest_id, room_id, check_in_date, check_out_date, total_room_price_ngn, total_amount_ngn, status, payment_status, amount_paid_ngn) VALUES ('booking_1777_66ed620', 'e9d02674-73f4-4534-bc0c-6e3b690530de', 'ca946c9a-b147-488c-8ea8-84a3e1d87cfb', '2024-09-20', '2024-09-24', 440000, 440000, 'confirmed', 'paid', 440000) ON CONFLICT (booking_reference) DO NOTHING;
INSERT INTO bookings (booking_reference, guest_id, room_id, check_in_date, check_out_date, total_room_price_ngn, total_amount_ngn, status, payment_status, amount_paid_ngn) VALUES ('booking_1780_66ed628', '8f230c4f-92a8-44c3-9b56-0160ce949b57', 'c6fc6bd0-55ba-41a5-b20d-fdcde85a63d8', '2024-09-20', '2024-09-22', 220000, 220000, 'confirmed', 'paid', 220000) ON CONFLICT (booking_reference) DO NOTHING;
INSERT INTO bookings (booking_reference, guest_id, room_id, check_in_date, check_out_date, total_room_price_ngn, total_amount_ngn, status, payment_status, amount_paid_ngn) VALUES ('booking_1791_66ef297', 'c5fec292-dafe-4db7-ba03-aa7b7e2eb2ca', '99c72914-78a5-49c2-bbf2-31f44cad3419', '2024-09-21', '2024-09-22', 90000, 90000, 'confirmed', 'paid', 90000) ON CONFLICT (booking_reference) DO NOTHING;
INSERT INTO bookings (booking_reference, guest_id, room_id, check_in_date, check_out_date, total_room_price_ngn, total_amount_ngn, status, payment_status, amount_paid_ngn) VALUES ('booking_1801_66f03cb', 'ad694253-f8c0-45a3-b6e2-e16dbdc0ff2f', '5dff3a3e-9830-4575-ad57-4a6beb0314b7', '2024-09-22', '2024-09-23', 80000, 80000, 'confirmed', 'paid', 80000) ON CONFLICT (booking_reference) DO NOTHING;
INSERT INTO bookings (booking_reference, guest_id, room_id, check_in_date, check_out_date, total_room_price_ngn, total_amount_ngn, status, payment_status, amount_paid_ngn) VALUES ('booking_1804_66f07af', '4c95a518-ba7b-4704-a036-f1148b864c53', 'c6fc6bd0-55ba-41a5-b20d-fdcde85a63d8', '2024-09-22', '2024-09-24', 180000, 180000, 'confirmed', 'paid', 180000) ON CONFLICT (booking_reference) DO NOTHING;
INSERT INTO bookings (booking_reference, guest_id, room_id, check_in_date, check_out_date, total_room_price_ngn, total_amount_ngn, status, payment_status, amount_paid_ngn) VALUES ('booking_1818_66f19db', '31f636d9-a3a4-451b-8e2c-0fba48d58208', 'cad2bc4d-5eaa-429b-b9f1-faedd37fdc35', '2024-09-23', '2024-09-24', 150000, 150000, 'confirmed', 'paid', 150000) ON CONFLICT (booking_reference) DO NOTHING;
INSERT INTO bookings (booking_reference, guest_id, room_id, check_in_date, check_out_date, total_room_price_ngn, total_amount_ngn, status, payment_status, amount_paid_ngn) VALUES ('booking_1821_66f3321', '3c8cb061-0bd4-439b-828d-08ba4a4ee1f6', '8af12217-f3b3-4817-b214-c6f71266a63a', '2024-09-24', '2024-09-28', 90000, 90000, 'confirmed', 'paid', 90000) ON CONFLICT (booking_reference) DO NOTHING;
INSERT INTO bookings (booking_reference, guest_id, room_id, check_in_date, check_out_date, total_room_price_ngn, total_amount_ngn, status, payment_status, amount_paid_ngn) VALUES ('booking_1824_66f332e', '1ddd750a-2496-46e3-b273-0278f09494a4', '8af12217-f3b3-4817-b214-c6f71266a63a', '2024-09-25', '2024-09-26', 20000, 20000, 'confirmed', 'paid', 20000) ON CONFLICT (booking_reference) DO NOTHING;
INSERT INTO bookings (booking_reference, guest_id, room_id, check_in_date, check_out_date, total_room_price_ngn, total_amount_ngn, status, payment_status, amount_paid_ngn) VALUES ('booking_1828_66f4682', '00a6b4e7-e118-496e-b99e-b7a68289255d', '5dff3a3e-9830-4575-ad57-4a6beb0314b7', '2024-10-05', '2024-10-06', 90000, 90000, 'confirmed', 'paid', 90000) ON CONFLICT (booking_reference) DO NOTHING;
INSERT INTO bookings (booking_reference, guest_id, room_id, check_in_date, check_out_date, total_room_price_ngn, total_amount_ngn, status, payment_status, amount_paid_ngn) VALUES ('booking_1834_66f5888', '1fc3aca4-161a-4ceb-a68a-43d7854b09fd', '99c72914-78a5-49c2-bbf2-31f44cad3419', '2024-09-27', '2024-09-30', 310000, 310000, 'confirmed', 'paid', 310000) ON CONFLICT (booking_reference) DO NOTHING;
INSERT INTO bookings (booking_reference, guest_id, room_id, check_in_date, check_out_date, total_room_price_ngn, total_amount_ngn, status, payment_status, amount_paid_ngn) VALUES ('booking_1838_66f6ac0', '054fa6b0-2ad6-4fe1-803d-149edcfa0fbf', 'c6fc6bd0-55ba-41a5-b20d-fdcde85a63d8', '2024-09-27', '2024-09-28', 90000, 90000, 'confirmed', 'paid', 90000) ON CONFLICT (booking_reference) DO NOTHING;
INSERT INTO bookings (booking_reference, guest_id, room_id, check_in_date, check_out_date, total_room_price_ngn, total_amount_ngn, status, payment_status, amount_paid_ngn) VALUES ('booking_1842_66f6fac', 'e767597c-25c5-4b3f-950b-6930aa16960f', 'c6fc6bd0-55ba-41a5-b20d-fdcde85a63d8', '2024-12-13', '2024-12-15', 1040000, 1040000, 'confirmed', 'paid', 1040000) ON CONFLICT (booking_reference) DO NOTHING;
INSERT INTO bookings (booking_reference, guest_id, room_id, check_in_date, check_out_date, total_room_price_ngn, total_amount_ngn, status, payment_status, amount_paid_ngn) VALUES ('booking_1852_66f7b49', '88ba4c25-5656-46fa-aede-6901aa285a40', '5dff3a3e-9830-4575-ad57-4a6beb0314b7', '2024-09-28', '2024-09-29', 90000, 90000, 'confirmed', 'paid', 90000) ON CONFLICT (booking_reference) DO NOTHING;
INSERT INTO bookings (booking_reference, guest_id, room_id, check_in_date, check_out_date, total_room_price_ngn, total_amount_ngn, status, payment_status, amount_paid_ngn) VALUES ('booking_1855_66f7c44', 'c3047cfb-c7da-493a-823b-450576ef25b6', 'c6fc6bd0-55ba-41a5-b20d-fdcde85a63d8', '2024-09-28', '2024-10-01', 330000, 330000, 'confirmed', 'paid', 330000) ON CONFLICT (booking_reference) DO NOTHING;
INSERT INTO bookings (booking_reference, guest_id, room_id, check_in_date, check_out_date, total_room_price_ngn, total_amount_ngn, status, payment_status, amount_paid_ngn) VALUES ('booking_1858_66f843d', '1d554fca-535e-4564-89a1-a4ecb1da4a85', '8af12217-f3b3-4817-b214-c6f71266a63a', '2024-09-29', '2024-10-01', 40000, 40000, 'confirmed', 'paid', 40000) ON CONFLICT (booking_reference) DO NOTHING;
INSERT INTO bookings (booking_reference, guest_id, room_id, check_in_date, check_out_date, total_room_price_ngn, total_amount_ngn, status, payment_status, amount_paid_ngn) VALUES ('booking_1866_66fa6a3', 'ac032f26-e3af-4d8f-8c88-27328c4ab78c', '99c72914-78a5-49c2-bbf2-31f44cad3419', '2024-09-30', '2024-10-11', 1210000, 1210000, 'confirmed', 'paid', 1210000) ON CONFLICT (booking_reference) DO NOTHING;
INSERT INTO bookings (booking_reference, guest_id, room_id, check_in_date, check_out_date, total_room_price_ngn, total_amount_ngn, status, payment_status, amount_paid_ngn) VALUES ('booking_1869_66faa91', '94903e38-4c44-4916-b02a-45737f2d13a8', 'cad2bc4d-5eaa-429b-b9f1-faedd37fdc35', '2024-09-30', '2024-10-06', 900000, 900000, 'confirmed', 'paid', 900000) ON CONFLICT (booking_reference) DO NOTHING;
INSERT INTO bookings (booking_reference, guest_id, room_id, check_in_date, check_out_date, total_room_price_ngn, total_amount_ngn, status, payment_status, amount_paid_ngn) VALUES ('booking_1883_66fba37', 'bf44d531-99e6-4003-9f3f-b974c1624fa0', 'c6fc6bd0-55ba-41a5-b20d-fdcde85a63d8', '2024-10-01', '2024-10-07', 660000, 660000, 'confirmed', 'paid', 660000) ON CONFLICT (booking_reference) DO NOTHING;
INSERT INTO bookings (booking_reference, guest_id, room_id, check_in_date, check_out_date, total_room_price_ngn, total_amount_ngn, status, payment_status, amount_paid_ngn) VALUES ('booking_1889_66fc566', '28f57d72-b9ed-4ccc-b766-cf3ce8f52c3d', 'ca946c9a-b147-488c-8ea8-84a3e1d87cfb', '2024-10-01', '2024-10-03', 160000, 160000, 'confirmed', 'paid', 160000) ON CONFLICT (booking_reference) DO NOTHING;
INSERT INTO bookings (booking_reference, guest_id, room_id, check_in_date, check_out_date, total_room_price_ngn, total_amount_ngn, status, payment_status, amount_paid_ngn) VALUES ('booking_1893_66fc904', 'e92bdd2a-6494-4213-a1b8-1b7c45cf39c9', '5dff3a3e-9830-4575-ad57-4a6beb0314b7', '2024-10-02', '2024-10-03', 90000, 90000, 'confirmed', 'paid', 90000) ON CONFLICT (booking_reference) DO NOTHING;
INSERT INTO bookings (booking_reference, guest_id, room_id, check_in_date, check_out_date, total_room_price_ngn, total_amount_ngn, status, payment_status, amount_paid_ngn) VALUES ('booking_1900_66fd56c', 'eb0c8c2e-a0d2-47a4-a5de-f85dbc9df03c', '5dff3a3e-9830-4575-ad57-4a6beb0314b7', '2024-10-06', '2024-10-07', 90000, 90000, 'confirmed', 'paid', 90000) ON CONFLICT (booking_reference) DO NOTHING;
INSERT INTO bookings (booking_reference, guest_id, room_id, check_in_date, check_out_date, total_room_price_ngn, total_amount_ngn, status, payment_status, amount_paid_ngn) VALUES ('booking_1908_66fd810', '4bcd4d55-3df1-4d42-9e05-3dfca93c0276', '8af12217-f3b3-4817-b214-c6f71266a63a', '2024-10-02', '2024-10-03', 20000, 20000, 'confirmed', 'paid', 20000) ON CONFLICT (booking_reference) DO NOTHING;
INSERT INTO bookings (booking_reference, guest_id, room_id, check_in_date, check_out_date, total_room_price_ngn, total_amount_ngn, status, payment_status, amount_paid_ngn) VALUES ('booking_1914_66fd886', '4bcd4d55-3df1-4d42-9e05-3dfca93c0276', '8af12217-f3b3-4817-b214-c6f71266a63a', '2024-10-02', '2024-10-03', 20000, 20000, 'confirmed', 'paid', 20000) ON CONFLICT (booking_reference) DO NOTHING;
INSERT INTO bookings (booking_reference, guest_id, room_id, check_in_date, check_out_date, total_room_price_ngn, total_amount_ngn, status, payment_status, amount_paid_ngn) VALUES ('booking_1922_66fed8c', 'ff5b7d5b-dc62-4038-a60a-16f00ff87d86', 'ca946c9a-b147-488c-8ea8-84a3e1d87cfb', '2024-10-03', '2024-10-04', 110000, 110000, 'confirmed', 'paid', 110000) ON CONFLICT (booking_reference) DO NOTHING;
INSERT INTO bookings (booking_reference, guest_id, room_id, check_in_date, check_out_date, total_room_price_ngn, total_amount_ngn, status, payment_status, amount_paid_ngn) VALUES ('booking_1931_66ffb26', '4bcd4d55-3df1-4d42-9e05-3dfca93c0276', '8af12217-f3b3-4817-b214-c6f71266a63a', '2024-10-04', '2024-10-05', 20000, 20000, 'confirmed', 'paid', 20000) ON CONFLICT (booking_reference) DO NOTHING;
INSERT INTO bookings (booking_reference, guest_id, room_id, check_in_date, check_out_date, total_room_price_ngn, total_amount_ngn, status, payment_status, amount_paid_ngn) VALUES ('booking_1935_66ffec6', '2a695b90-72a1-44c7-ba4f-11cdc93bad6c', '8af12217-f3b3-4817-b214-c6f71266a63a', '2024-10-04', '2024-10-05', 25000, 25000, 'confirmed', 'paid', 25000) ON CONFLICT (booking_reference) DO NOTHING;
INSERT INTO bookings (booking_reference, guest_id, room_id, check_in_date, check_out_date, total_room_price_ngn, total_amount_ngn, status, payment_status, amount_paid_ngn) VALUES ('booking_1938_6700109', '4bcd4d55-3df1-4d42-9e05-3dfca93c0276', 'ca946c9a-b147-488c-8ea8-84a3e1d87cfb', '2024-10-06', '2024-10-08', 220000, 220000, 'confirmed', 'paid', 220000) ON CONFLICT (booking_reference) DO NOTHING;
INSERT INTO bookings (booking_reference, guest_id, room_id, check_in_date, check_out_date, total_room_price_ngn, total_amount_ngn, status, payment_status, amount_paid_ngn) VALUES ('booking_1942_6700118', '4bcd4d55-3df1-4d42-9e05-3dfca93c0276', 'f78d9fae-b8d0-4006-a221-8b2bafaf1724', '2024-10-06', '2024-10-08', 220000, 220000, 'confirmed', 'paid', 220000) ON CONFLICT (booking_reference) DO NOTHING;
INSERT INTO bookings (booking_reference, guest_id, room_id, check_in_date, check_out_date, total_room_price_ngn, total_amount_ngn, status, payment_status, amount_paid_ngn) VALUES ('booking_1945_6700527', '2f6b5062-fc1b-4aad-8c70-01db4292e870', '8af12217-f3b3-4817-b214-c6f71266a63a', '2024-10-04', '2024-10-05', 25000, 25000, 'confirmed', 'paid', 25000) ON CONFLICT (booking_reference) DO NOTHING;
INSERT INTO bookings (booking_reference, guest_id, room_id, check_in_date, check_out_date, total_room_price_ngn, total_amount_ngn, status, payment_status, amount_paid_ngn) VALUES ('booking_1951_6701c4c', '08f0c833-1df0-4642-b88c-adbb6bb1039b', '8af12217-f3b3-4817-b214-c6f71266a63a', '2024-10-05', '2024-10-06', 40000, 40000, 'confirmed', 'paid', 40000) ON CONFLICT (booking_reference) DO NOTHING;
INSERT INTO bookings (booking_reference, guest_id, room_id, check_in_date, check_out_date, total_room_price_ngn, total_amount_ngn, status, payment_status, amount_paid_ngn) VALUES ('booking_1961_6702b42', '3aed242e-f479-4161-9e18-6685cbe5abc7', '8af12217-f3b3-4817-b214-c6f71266a63a', '2024-10-06', '2024-10-07', 50000, 50000, 'confirmed', 'paid', 50000) ON CONFLICT (booking_reference) DO NOTHING;
INSERT INTO bookings (booking_reference, guest_id, room_id, check_in_date, check_out_date, total_room_price_ngn, total_amount_ngn, status, payment_status, amount_paid_ngn) VALUES ('booking_1973_67042e8', '4b0d0b71-af06-45ad-8657-6465cad1f2da', 'f78d9fae-b8d0-4006-a221-8b2bafaf1724', '2024-10-08', '2024-10-11', 330000, 330000, 'confirmed', 'paid', 330000) ON CONFLICT (booking_reference) DO NOTHING;
INSERT INTO bookings (booking_reference, guest_id, room_id, check_in_date, check_out_date, total_room_price_ngn, total_amount_ngn, status, payment_status, amount_paid_ngn) VALUES ('booking_1978_6704d3f', '029c4369-420f-482b-aee0-1da149e98aa0', '5dff3a3e-9830-4575-ad57-4a6beb0314b7', '2024-10-08', '2024-10-10', 160000, 160000, 'confirmed', 'paid', 160000) ON CONFLICT (booking_reference) DO NOTHING;
INSERT INTO bookings (booking_reference, guest_id, room_id, check_in_date, check_out_date, total_room_price_ngn, total_amount_ngn, status, payment_status, amount_paid_ngn) VALUES ('booking_1992_6706851', '4bcd4d55-3df1-4d42-9e05-3dfca93c0276', 'cad2bc4d-5eaa-429b-b9f1-faedd37fdc35', '2024-10-09', '2024-10-12', 380000, 380000, 'confirmed', 'paid', 380000) ON CONFLICT (booking_reference) DO NOTHING;
INSERT INTO bookings (booking_reference, guest_id, room_id, check_in_date, check_out_date, total_room_price_ngn, total_amount_ngn, status, payment_status, amount_paid_ngn) VALUES ('booking_1994_670685c', '9c7bceac-8942-409e-a538-795f837d618a', 'c6fc6bd0-55ba-41a5-b20d-fdcde85a63d8', '2024-10-14', '2024-10-19', 550000, 550000, 'confirmed', 'paid', 550000) ON CONFLICT (booking_reference) DO NOTHING;
INSERT INTO bookings (booking_reference, guest_id, room_id, check_in_date, check_out_date, total_room_price_ngn, total_amount_ngn, status, payment_status, amount_paid_ngn) VALUES ('booking_2004_6706c99', '4bcd4d55-3df1-4d42-9e05-3dfca93c0276', 'c6fc6bd0-55ba-41a5-b20d-fdcde85a63d8', '2024-10-09', '2024-10-10', 110000, 110000, 'confirmed', 'paid', 110000) ON CONFLICT (booking_reference) DO NOTHING;
INSERT INTO bookings (booking_reference, guest_id, room_id, check_in_date, check_out_date, total_room_price_ngn, total_amount_ngn, status, payment_status, amount_paid_ngn) VALUES ('booking_2007_6706ca3', 'd6eebadf-e834-47d3-91cb-fc042063dc84', 'ca946c9a-b147-488c-8ea8-84a3e1d87cfb', '2024-10-09', '2024-10-10', 110000, 110000, 'confirmed', 'paid', 110000) ON CONFLICT (booking_reference) DO NOTHING;
INSERT INTO bookings (booking_reference, guest_id, room_id, check_in_date, check_out_date, total_room_price_ngn, total_amount_ngn, status, payment_status, amount_paid_ngn) VALUES ('booking_2011_6707c50', 'df03c25b-dfc6-4d98-97ed-96abf93ac7ae', '5dff3a3e-9830-4575-ad57-4a6beb0314b7', '2024-10-10', '2024-10-13', 270000, 270000, 'confirmed', 'paid', 270000) ON CONFLICT (booking_reference) DO NOTHING;
INSERT INTO bookings (booking_reference, guest_id, room_id, check_in_date, check_out_date, total_room_price_ngn, total_amount_ngn, status, payment_status, amount_paid_ngn) VALUES ('booking_2016_67081e8', 'eb5e3e1e-e83a-455f-a4e0-35da0b1d5d00', 'ca946c9a-b147-488c-8ea8-84a3e1d87cfb', '2024-10-10', '2024-10-12', 220000, 220000, 'confirmed', 'paid', 220000) ON CONFLICT (booking_reference) DO NOTHING;
INSERT INTO bookings (booking_reference, guest_id, room_id, check_in_date, check_out_date, total_room_price_ngn, total_amount_ngn, status, payment_status, amount_paid_ngn) VALUES ('booking_2019_67081fd', '6aa1d6ae-2012-4a57-ac05-f4956c8746a9', '8af12217-f3b3-4817-b214-c6f71266a63a', '2024-10-10', '2024-10-11', 20000, 20000, 'confirmed', 'paid', 20000) ON CONFLICT (booking_reference) DO NOTHING;
INSERT INTO bookings (booking_reference, guest_id, room_id, check_in_date, check_out_date, total_room_price_ngn, total_amount_ngn, status, payment_status, amount_paid_ngn) VALUES ('booking_2030_6709142', 'ba2f7988-b166-4651-8e9a-9e78e40208a3', '8af12217-f3b3-4817-b214-c6f71266a63a', '2024-10-11', '2024-10-12', 20000, 20000, 'confirmed', 'paid', 20000) ON CONFLICT (booking_reference) DO NOTHING;
INSERT INTO bookings (booking_reference, guest_id, room_id, check_in_date, check_out_date, total_room_price_ngn, total_amount_ngn, status, payment_status, amount_paid_ngn) VALUES ('booking_2034_670917b', '8e4672ee-4b6f-4e3d-b967-43ff7f0f0304', '99c72914-78a5-49c2-bbf2-31f44cad3419', '2024-10-11', '2024-10-13', 220000, 220000, 'confirmed', 'paid', 220000) ON CONFLICT (booking_reference) DO NOTHING;
INSERT INTO bookings (booking_reference, guest_id, room_id, check_in_date, check_out_date, total_room_price_ngn, total_amount_ngn, status, payment_status, amount_paid_ngn) VALUES ('booking_2037_67092b0', '9248d552-e668-4011-9ab8-834ba9eb0fe2', 'f78d9fae-b8d0-4006-a221-8b2bafaf1724', '2024-10-11', '2024-10-15', 440000, 440000, 'confirmed', 'paid', 440000) ON CONFLICT (booking_reference) DO NOTHING;
INSERT INTO bookings (booking_reference, guest_id, room_id, check_in_date, check_out_date, total_room_price_ngn, total_amount_ngn, status, payment_status, amount_paid_ngn) VALUES ('booking_2041_6709458', '5c6be01f-9fe1-42ec-ac83-1abcede6f402', 'cad2bc4d-5eaa-429b-b9f1-faedd37fdc35', '2024-10-12', '2024-10-13', 162000, 162000, 'confirmed', 'paid', 162000) ON CONFLICT (booking_reference) DO NOTHING;
INSERT INTO bookings (booking_reference, guest_id, room_id, check_in_date, check_out_date, total_room_price_ngn, total_amount_ngn, status, payment_status, amount_paid_ngn) VALUES ('booking_2049_670981d', 'e21a148f-d789-4697-857e-912b72f99b79', '99c72914-78a5-49c2-bbf2-31f44cad3419', '2024-10-16', '2024-10-18', 220000, 220000, 'confirmed', 'paid', 220000) ON CONFLICT (booking_reference) DO NOTHING;
INSERT INTO bookings (booking_reference, guest_id, room_id, check_in_date, check_out_date, total_room_price_ngn, total_amount_ngn, status, payment_status, amount_paid_ngn) VALUES ('booking_2051_670986e', '9ddb3f27-b965-40d9-b543-f0e633d686e1', '8af12217-f3b3-4817-b214-c6f71266a63a', '2024-10-11', '2024-10-12', 25000, 25000, 'confirmed', 'paid', 25000) ON CONFLICT (booking_reference) DO NOTHING;
INSERT INTO bookings (booking_reference, guest_id, room_id, check_in_date, check_out_date, total_room_price_ngn, total_amount_ngn, status, payment_status, amount_paid_ngn) VALUES ('booking_2053_670987c', 'ddd16ae5-74bc-4181-ab2a-5a811b8f4329', 'c6fc6bd0-55ba-41a5-b20d-fdcde85a63d8', '2024-10-11', '2024-10-12', 110000, 110000, 'confirmed', 'paid', 110000) ON CONFLICT (booking_reference) DO NOTHING;
INSERT INTO bookings (booking_reference, guest_id, room_id, check_in_date, check_out_date, total_room_price_ngn, total_amount_ngn, status, payment_status, amount_paid_ngn) VALUES ('booking_2060_670a833', '8015e874-905c-4c99-995f-6a28d42d5557', '8af12217-f3b3-4817-b214-c6f71266a63a', '2024-10-12', '2024-10-13', 25000, 25000, 'confirmed', 'paid', 25000) ON CONFLICT (booking_reference) DO NOTHING;
INSERT INTO bookings (booking_reference, guest_id, room_id, check_in_date, check_out_date, total_room_price_ngn, total_amount_ngn, status, payment_status, amount_paid_ngn) VALUES ('booking_2072_670be5e', 'adfbfdd0-acf5-4b3f-bac2-3cc8639b4fca', 'ca946c9a-b147-488c-8ea8-84a3e1d87cfb', '2024-11-08', '2024-11-10', 220000, 220000, 'confirmed', 'paid', 220000) ON CONFLICT (booking_reference) DO NOTHING;
INSERT INTO bookings (booking_reference, guest_id, room_id, check_in_date, check_out_date, total_room_price_ngn, total_amount_ngn, status, payment_status, amount_paid_ngn) VALUES ('booking_2075_670be75', 'adfbfdd0-acf5-4b3f-bac2-3cc8639b4fca', 'c6fc6bd0-55ba-41a5-b20d-fdcde85a63d8', '2024-11-08', '2024-11-11', 405000, 405000, 'confirmed', 'paid', 405000) ON CONFLICT (booking_reference) DO NOTHING;
INSERT INTO bookings (booking_reference, guest_id, room_id, check_in_date, check_out_date, total_room_price_ngn, total_amount_ngn, status, payment_status, amount_paid_ngn) VALUES ('booking_2084_670cf3d', '25f8570b-2f1a-445f-964d-9d219e277ba0', '5dff3a3e-9830-4575-ad57-4a6beb0314b7', '2024-10-15', '2024-10-16', 90000, 90000, 'confirmed', 'paid', 90000) ON CONFLICT (booking_reference) DO NOTHING;
INSERT INTO bookings (booking_reference, guest_id, room_id, check_in_date, check_out_date, total_room_price_ngn, total_amount_ngn, status, payment_status, amount_paid_ngn) VALUES ('booking_2087_670d30d', '9627b394-f629-406b-96f1-26d4cece04a8', 'f78d9fae-b8d0-4006-a221-8b2bafaf1724', '2024-11-08', '2024-11-10', 270000, 270000, 'confirmed', 'paid', 270000) ON CONFLICT (booking_reference) DO NOTHING;
INSERT INTO bookings (booking_reference, guest_id, room_id, check_in_date, check_out_date, total_room_price_ngn, total_amount_ngn, status, payment_status, amount_paid_ngn) VALUES ('booking_2092_670d6ca', 'dec9dc10-5884-45c2-bada-5cfccc81083a', '99c72914-78a5-49c2-bbf2-31f44cad3419', '2024-10-14', '2024-10-15', 110000, 110000, 'confirmed', 'paid', 110000) ON CONFLICT (booking_reference) DO NOTHING;
INSERT INTO bookings (booking_reference, guest_id, room_id, check_in_date, check_out_date, total_room_price_ngn, total_amount_ngn, status, payment_status, amount_paid_ngn) VALUES ('booking_2100_670e846', 'b276fb89-0903-4c79-9c95-e1d4fabe3542', 'f78d9fae-b8d0-4006-a221-8b2bafaf1724', '2024-10-15', '2024-10-16', 110000, 110000, 'confirmed', 'paid', 110000) ON CONFLICT (booking_reference) DO NOTHING;
INSERT INTO bookings (booking_reference, guest_id, room_id, check_in_date, check_out_date, total_room_price_ngn, total_amount_ngn, status, payment_status, amount_paid_ngn) VALUES ('booking_2104_670f5c7', 'e10ac6b5-e4ad-42eb-9530-593009118991', 'f78d9fae-b8d0-4006-a221-8b2bafaf1724', '2024-10-17', '2024-10-19', 440000, 440000, 'confirmed', 'paid', 440000) ON CONFLICT (booking_reference) DO NOTHING;
INSERT INTO bookings (booking_reference, guest_id, room_id, check_in_date, check_out_date, total_room_price_ngn, total_amount_ngn, status, payment_status, amount_paid_ngn) VALUES ('booking_2115_670fca6', 'bd3d6943-4015-4387-ac5e-33810135d958', 'cad2bc4d-5eaa-429b-b9f1-faedd37fdc35', '2024-10-17', '2024-10-18', 162000, 162000, 'confirmed', 'paid', 162000) ON CONFLICT (booking_reference) DO NOTHING;
INSERT INTO bookings (booking_reference, guest_id, room_id, check_in_date, check_out_date, total_room_price_ngn, total_amount_ngn, status, payment_status, amount_paid_ngn) VALUES ('booking_2118_670fd20', 'e4467d09-e4e2-45e8-892f-b4cb43d5a623', '5dff3a3e-9830-4575-ad57-4a6beb0314b7', '2024-10-17', '2024-10-19', 180000, 180000, 'confirmed', 'paid', 180000) ON CONFLICT (booking_reference) DO NOTHING;
INSERT INTO bookings (booking_reference, guest_id, room_id, check_in_date, check_out_date, total_room_price_ngn, total_amount_ngn, status, payment_status, amount_paid_ngn) VALUES ('booking_2122_670fd78', '32a77829-4d4e-4e72-94a6-22a8516eac20', '5dff3a3e-9830-4575-ad57-4a6beb0314b7', '2024-11-10', '2024-11-11', 85000, 85000, 'confirmed', 'paid', 85000) ON CONFLICT (booking_reference) DO NOTHING;
INSERT INTO bookings (booking_reference, guest_id, room_id, check_in_date, check_out_date, total_room_price_ngn, total_amount_ngn, status, payment_status, amount_paid_ngn) VALUES ('booking_2124_670fd7e', 'ff550fd7-7ffb-4cfd-a860-1ee23c64c592', '5dff3a3e-9830-4575-ad57-4a6beb0314b7', '2024-11-04', '2024-11-07', 255000, 255000, 'confirmed', 'paid', 255000) ON CONFLICT (booking_reference) DO NOTHING;
INSERT INTO bookings (booking_reference, guest_id, room_id, check_in_date, check_out_date, total_room_price_ngn, total_amount_ngn, status, payment_status, amount_paid_ngn) VALUES ('booking_2134_6710d08', '249d4ac7-9a68-4d95-b870-aae174a927a2', '8af12217-f3b3-4817-b214-c6f71266a63a', '2024-10-17', '2024-10-19', 50000, 50000, 'confirmed', 'paid', 50000) ON CONFLICT (booking_reference) DO NOTHING;
INSERT INTO bookings (booking_reference, guest_id, room_id, check_in_date, check_out_date, total_room_price_ngn, total_amount_ngn, status, payment_status, amount_paid_ngn) VALUES ('booking_2144_6711574', '1957cd9e-73e7-49ce-8ff1-1dbf52812041', '8af12217-f3b3-4817-b214-c6f71266a63a', '2024-10-17', '2024-10-20', 75000, 75000, 'confirmed', 'paid', 75000) ON CONFLICT (booking_reference) DO NOTHING;
INSERT INTO bookings (booking_reference, guest_id, room_id, check_in_date, check_out_date, total_room_price_ngn, total_amount_ngn, status, payment_status, amount_paid_ngn) VALUES ('booking_2150_6712783', '562eba03-fcca-43fe-bb71-5f1de5556f0c', '99c72914-78a5-49c2-bbf2-31f44cad3419', '2024-10-18', '2024-10-19', 110000, 110000, 'confirmed', 'paid', 110000) ON CONFLICT (booking_reference) DO NOTHING;
INSERT INTO bookings (booking_reference, guest_id, room_id, check_in_date, check_out_date, total_room_price_ngn, total_amount_ngn, status, payment_status, amount_paid_ngn) VALUES ('booking_2152_67127b2', '8a09742e-79b9-45c3-91fc-ebbd93eab007', 'cad2bc4d-5eaa-429b-b9f1-faedd37fdc35', '2024-10-18', '2024-10-19', 162000, 162000, 'confirmed', 'paid', 162000) ON CONFLICT (booking_reference) DO NOTHING;
INSERT INTO bookings (booking_reference, guest_id, room_id, check_in_date, check_out_date, total_room_price_ngn, total_amount_ngn, status, payment_status, amount_paid_ngn) VALUES ('booking_2155_67127e7', '8d832d01-4145-488f-aac8-4d05d4ab5d17', '5dff3a3e-9830-4575-ad57-4a6beb0314b7', '2024-11-22', '2024-11-25', 270000, 270000, 'confirmed', 'paid', 270000) ON CONFLICT (booking_reference) DO NOTHING;
INSERT INTO bookings (booking_reference, guest_id, room_id, check_in_date, check_out_date, total_room_price_ngn, total_amount_ngn, status, payment_status, amount_paid_ngn) VALUES ('booking_2161_6712ff5', '912cd324-1be5-4bf5-a158-aa937c89e3e8', '8af12217-f3b3-4817-b214-c6f71266a63a', '2024-10-19', '2024-10-20', 25000, 25000, 'confirmed', 'paid', 25000) ON CONFLICT (booking_reference) DO NOTHING;
INSERT INTO bookings (booking_reference, guest_id, room_id, check_in_date, check_out_date, total_room_price_ngn, total_amount_ngn, status, payment_status, amount_paid_ngn) VALUES ('booking_2164_6713b2c', 'b6debca1-e3a7-4148-9ff4-99387e33a885', 'ca946c9a-b147-488c-8ea8-84a3e1d87cfb', '2024-10-19', '2024-10-20', 110000, 110000, 'confirmed', 'paid', 110000) ON CONFLICT (booking_reference) DO NOTHING;
INSERT INTO bookings (booking_reference, guest_id, room_id, check_in_date, check_out_date, total_room_price_ngn, total_amount_ngn, status, payment_status, amount_paid_ngn) VALUES ('booking_2167_6713b36', '27258199-f32b-4a73-b1ca-07770bfa560c', 'f78d9fae-b8d0-4006-a221-8b2bafaf1724', '2024-10-19', '2024-10-21', 220000, 220000, 'confirmed', 'paid', 220000) ON CONFLICT (booking_reference) DO NOTHING;
INSERT INTO bookings (booking_reference, guest_id, room_id, check_in_date, check_out_date, total_room_price_ngn, total_amount_ngn, status, payment_status, amount_paid_ngn) VALUES ('booking_2170_6713ca5', '9416d666-3431-4003-baa9-b277a1e486f6', 'cad2bc4d-5eaa-429b-b9f1-faedd37fdc35', '2024-10-19', '2024-10-23', 648000, 648000, 'confirmed', 'paid', 648000) ON CONFLICT (booking_reference) DO NOTHING;
INSERT INTO bookings (booking_reference, guest_id, room_id, check_in_date, check_out_date, total_room_price_ngn, total_amount_ngn, status, payment_status, amount_paid_ngn) VALUES ('booking_2173_6713cc0', 'ccfd0206-5d49-439e-9fce-8343c5d13b5f', 'ca946c9a-b147-488c-8ea8-84a3e1d87cfb', '2024-10-28', '2024-11-01', 440000, 440000, 'confirmed', 'paid', 440000) ON CONFLICT (booking_reference) DO NOTHING;
INSERT INTO bookings (booking_reference, guest_id, room_id, check_in_date, check_out_date, total_room_price_ngn, total_amount_ngn, status, payment_status, amount_paid_ngn) VALUES ('booking_2178_6713cd5', 'b7efe325-1b4c-4037-b7ed-5767e411e0a1', '8af12217-f3b3-4817-b214-c6f71266a63a', '2024-10-27', '2024-10-28', 25000, 25000, 'confirmed', 'paid', 25000) ON CONFLICT (booking_reference) DO NOTHING;
INSERT INTO bookings (booking_reference, guest_id, room_id, check_in_date, check_out_date, total_room_price_ngn, total_amount_ngn, status, payment_status, amount_paid_ngn) VALUES ('booking_2181_6713d20', 'd7b8d87f-99b8-4046-a967-f1847340112d', '8af12217-f3b3-4817-b214-c6f71266a63a', '2024-11-22', '2024-12-01', 225000, 225000, 'confirmed', 'paid', 225000) ON CONFLICT (booking_reference) DO NOTHING;
INSERT INTO bookings (booking_reference, guest_id, room_id, check_in_date, check_out_date, total_room_price_ngn, total_amount_ngn, status, payment_status, amount_paid_ngn) VALUES ('booking_2183_6714c4d', '8e1efb41-9f3d-44c0-993e-7637975fb0d7', 'c6fc6bd0-55ba-41a5-b20d-fdcde85a63d8', '2024-10-20', '2024-10-21', 110000, 110000, 'confirmed', 'paid', 110000) ON CONFLICT (booking_reference) DO NOTHING;
INSERT INTO bookings (booking_reference, guest_id, room_id, check_in_date, check_out_date, total_room_price_ngn, total_amount_ngn, status, payment_status, amount_paid_ngn) VALUES ('booking_2185_6714ebc', '23f0d85f-47f1-4476-8a5f-6fa6ba935939', '5dff3a3e-9830-4575-ad57-4a6beb0314b7', '2024-10-20', '2024-10-25', 450000, 450000, 'confirmed', 'paid', 450000) ON CONFLICT (booking_reference) DO NOTHING;
INSERT INTO bookings (booking_reference, guest_id, room_id, check_in_date, check_out_date, total_room_price_ngn, total_amount_ngn, status, payment_status, amount_paid_ngn) VALUES ('booking_2187_6714ec7', 'b132ace6-f808-4af6-adea-2f642bef11a6', '99c72914-78a5-49c2-bbf2-31f44cad3419', '2024-10-20', '2024-10-21', 110000, 110000, 'confirmed', 'paid', 110000) ON CONFLICT (booking_reference) DO NOTHING;
INSERT INTO bookings (booking_reference, guest_id, room_id, check_in_date, check_out_date, total_room_price_ngn, total_amount_ngn, status, payment_status, amount_paid_ngn) VALUES ('booking_2192_671519e', '2daedacd-a7d8-4a21-810b-b85369872bcb', '8af12217-f3b3-4817-b214-c6f71266a63a', '2024-10-20', '2024-10-22', 50000, 50000, 'confirmed', 'paid', 50000) ON CONFLICT (booking_reference) DO NOTHING;
INSERT INTO bookings (booking_reference, guest_id, room_id, check_in_date, check_out_date, total_room_price_ngn, total_amount_ngn, status, payment_status, amount_paid_ngn) VALUES ('booking_2199_671557c', '911f3df0-320e-42c4-89d3-f0c7cf633d7f', 'ca946c9a-b147-488c-8ea8-84a3e1d87cfb', '2024-10-20', '2024-10-21', 110000, 110000, 'confirmed', 'paid', 110000) ON CONFLICT (booking_reference) DO NOTHING;
INSERT INTO bookings (booking_reference, guest_id, room_id, check_in_date, check_out_date, total_room_price_ngn, total_amount_ngn, status, payment_status, amount_paid_ngn) VALUES ('booking_2205_67161c3', 'adf6acff-6682-49e9-9c49-0e836a000fbd', 'f78d9fae-b8d0-4006-a221-8b2bafaf1724', '2024-10-21', '2024-10-22', 110000, 110000, 'confirmed', 'paid', 110000) ON CONFLICT (booking_reference) DO NOTHING;
INSERT INTO bookings (booking_reference, guest_id, room_id, check_in_date, check_out_date, total_room_price_ngn, total_amount_ngn, status, payment_status, amount_paid_ngn) VALUES ('booking_2211_6716877', 'bf600c5e-ae9a-4754-b4fb-cca7649d8cf9', 'ca946c9a-b147-488c-8ea8-84a3e1d87cfb', '2024-10-21', '2024-10-22', 110000, 110000, 'confirmed', 'paid', 110000) ON CONFLICT (booking_reference) DO NOTHING;
INSERT INTO bookings (booking_reference, guest_id, room_id, check_in_date, check_out_date, total_room_price_ngn, total_amount_ngn, status, payment_status, amount_paid_ngn) VALUES ('booking_2214_671694d', 'bfaec637-acab-405e-865f-d9507d83f61b', '8af12217-f3b3-4817-b214-c6f71266a63a', '2024-10-22', '2024-10-24', 50000, 50000, 'confirmed', 'paid', 50000) ON CONFLICT (booking_reference) DO NOTHING;
INSERT INTO bookings (booking_reference, guest_id, room_id, check_in_date, check_out_date, total_room_price_ngn, total_amount_ngn, status, payment_status, amount_paid_ngn) VALUES ('booking_2219_671767b', '2719a547-afd2-43c5-9483-396e2dcabdba', '8af12217-f3b3-4817-b214-c6f71266a63a', '2024-10-22', '2024-11-11', 500000, 500000, 'confirmed', 'paid', 500000) ON CONFLICT (booking_reference) DO NOTHING;
INSERT INTO bookings (booking_reference, guest_id, room_id, check_in_date, check_out_date, total_room_price_ngn, total_amount_ngn, status, payment_status, amount_paid_ngn) VALUES ('booking_2223_6717ad6', '177cfa9d-ec41-42b2-b96c-4e65c11e4dc3', '5dff3a3e-9830-4575-ad57-4a6beb0314b7', '2024-10-25', '2024-10-27', 180000, 180000, 'confirmed', 'paid', 180000) ON CONFLICT (booking_reference) DO NOTHING;
INSERT INTO bookings (booking_reference, guest_id, room_id, check_in_date, check_out_date, total_room_price_ngn, total_amount_ngn, status, payment_status, amount_paid_ngn) VALUES ('booking_2232_67191cc', '26f94e9a-fe4e-41fd-9482-a50a0d3d367f', '5dff3a3e-9830-4575-ad57-4a6beb0314b7', '2024-11-02', '2024-11-04', 180000, 180000, 'confirmed', 'paid', 180000) ON CONFLICT (booking_reference) DO NOTHING;
INSERT INTO bookings (booking_reference, guest_id, room_id, check_in_date, check_out_date, total_room_price_ngn, total_amount_ngn, status, payment_status, amount_paid_ngn) VALUES ('booking_2235_6719453', '1afe928e-4427-4dc7-bf36-20e3b88fd9ef', 'ca946c9a-b147-488c-8ea8-84a3e1d87cfb', '2024-10-24', '2024-10-27', 330000, 330000, 'confirmed', 'paid', 330000) ON CONFLICT (booking_reference) DO NOTHING;
INSERT INTO bookings (booking_reference, guest_id, room_id, check_in_date, check_out_date, total_room_price_ngn, total_amount_ngn, status, payment_status, amount_paid_ngn) VALUES ('booking_2244_671a03b', 'aa9035bf-4c6c-4de4-a931-06dd4310deef', 'f78d9fae-b8d0-4006-a221-8b2bafaf1724', '2024-10-24', '2024-10-26', 220000, 220000, 'confirmed', 'paid', 220000) ON CONFLICT (booking_reference) DO NOTHING;
INSERT INTO bookings (booking_reference, guest_id, room_id, check_in_date, check_out_date, total_room_price_ngn, total_amount_ngn, status, payment_status, amount_paid_ngn) VALUES ('booking_2246_671a2b4', '03325933-7530-4d70-8453-ab94bda8bd35', 'c6fc6bd0-55ba-41a5-b20d-fdcde85a63d8', '2024-10-26', '2024-10-27', 110000, 110000, 'confirmed', 'paid', 110000) ON CONFLICT (booking_reference) DO NOTHING;
INSERT INTO bookings (booking_reference, guest_id, room_id, check_in_date, check_out_date, total_room_price_ngn, total_amount_ngn, status, payment_status, amount_paid_ngn) VALUES ('booking_2251_671a343', 'fd79e464-5928-42e5-9f86-5f2e50c98d8b', '99c72914-78a5-49c2-bbf2-31f44cad3419', '2024-10-26', '2024-10-28', 220000, 220000, 'confirmed', 'paid', 220000) ON CONFLICT (booking_reference) DO NOTHING;
INSERT INTO bookings (booking_reference, guest_id, room_id, check_in_date, check_out_date, total_room_price_ngn, total_amount_ngn, status, payment_status, amount_paid_ngn) VALUES ('booking_2256_671a66f', 'ccf0b89c-4d39-48df-8578-ad2c5d03babd', 'f78d9fae-b8d0-4006-a221-8b2bafaf1724', '2024-10-26', '2024-11-04', 990000, 990000, 'confirmed', 'paid', 990000) ON CONFLICT (booking_reference) DO NOTHING;
INSERT INTO bookings (booking_reference, guest_id, room_id, check_in_date, check_out_date, total_room_price_ngn, total_amount_ngn, status, payment_status, amount_paid_ngn) VALUES ('booking_2259_671bad1', 'f887d3e2-b29f-4eaa-a26a-448789a24f6d', 'cad2bc4d-5eaa-429b-b9f1-faedd37fdc35', '2024-10-26', '2024-10-27', 162000, 162000, 'confirmed', 'paid', 162000) ON CONFLICT (booking_reference) DO NOTHING;
INSERT INTO bookings (booking_reference, guest_id, room_id, check_in_date, check_out_date, total_room_price_ngn, total_amount_ngn, status, payment_status, amount_paid_ngn) VALUES ('booking_2270_671cd39', 'a2956260-e5f4-4b60-9afc-12052cbc941b', '8af12217-f3b3-4817-b214-c6f71266a63a', '2024-10-26', '2024-10-27', 50000, 50000, 'confirmed', 'paid', 50000) ON CONFLICT (booking_reference) DO NOTHING;
INSERT INTO bookings (booking_reference, guest_id, room_id, check_in_date, check_out_date, total_room_price_ngn, total_amount_ngn, status, payment_status, amount_paid_ngn) VALUES ('booking_2273_671d33d', '756154f4-c03e-485e-b600-9ddf21559a94', '99c72914-78a5-49c2-bbf2-31f44cad3419', '2024-10-30', '2024-11-05', 660000, 660000, 'confirmed', 'paid', 660000) ON CONFLICT (booking_reference) DO NOTHING;
INSERT INTO bookings (booking_reference, guest_id, room_id, check_in_date, check_out_date, total_room_price_ngn, total_amount_ngn, status, payment_status, amount_paid_ngn) VALUES ('booking_2278_671e383', 'e0d9dfa4-0394-487f-8099-44ad252fb5da', 'ca946c9a-b147-488c-8ea8-84a3e1d87cfb', '2024-10-27', '2024-10-28', 110000, 110000, 'confirmed', 'paid', 110000) ON CONFLICT (booking_reference) DO NOTHING;
INSERT INTO bookings (booking_reference, guest_id, room_id, check_in_date, check_out_date, total_room_price_ngn, total_amount_ngn, status, payment_status, amount_paid_ngn) VALUES ('booking_2281_671ea98', '34fe21fd-8517-4069-8ed0-5859b32f7a33', '8af12217-f3b3-4817-b214-c6f71266a63a', '2024-10-27', '2024-10-28', 25000, 25000, 'confirmed', 'paid', 25000) ON CONFLICT (booking_reference) DO NOTHING;
INSERT INTO bookings (booking_reference, guest_id, room_id, check_in_date, check_out_date, total_room_price_ngn, total_amount_ngn, status, payment_status, amount_paid_ngn) VALUES ('booking_2284_6720d3c', '1d441db4-11d4-46e6-817e-96102586f146', '99c72914-78a5-49c2-bbf2-31f44cad3419', '2024-11-07', '2024-11-10', 330000, 330000, 'confirmed', 'paid', 330000) ON CONFLICT (booking_reference) DO NOTHING;
INSERT INTO bookings (booking_reference, guest_id, room_id, check_in_date, check_out_date, total_room_price_ngn, total_amount_ngn, status, payment_status, amount_paid_ngn) VALUES ('booking_2288_6720d8f', '1d441db4-11d4-46e6-817e-96102586f146', 'a64b9f4a-e434-40fe-8052-dadf544229b0', '2024-11-09', '2024-11-10', 50000, 50000, 'confirmed', 'paid', 50000) ON CONFLICT (booking_reference) DO NOTHING;
INSERT INTO bookings (booking_reference, guest_id, room_id, check_in_date, check_out_date, total_room_price_ngn, total_amount_ngn, status, payment_status, amount_paid_ngn) VALUES ('booking_2291_6720f10', 'd41f488c-8662-473e-b4f1-511603df6f8e', '5dff3a3e-9830-4575-ad57-4a6beb0314b7', '2024-10-29', '2024-10-30', 90000, 90000, 'confirmed', 'paid', 90000) ON CONFLICT (booking_reference) DO NOTHING;
INSERT INTO bookings (booking_reference, guest_id, room_id, check_in_date, check_out_date, total_room_price_ngn, total_amount_ngn, status, payment_status, amount_paid_ngn) VALUES ('booking_2296_6720fff', '9c5d8651-c86c-412b-baa7-79c901a5817d', 'c6fc6bd0-55ba-41a5-b20d-fdcde85a63d8', '2024-10-29', '2024-10-31', 220000, 220000, 'confirmed', 'paid', 220000) ON CONFLICT (booking_reference) DO NOTHING;
INSERT INTO bookings (booking_reference, guest_id, room_id, check_in_date, check_out_date, total_room_price_ngn, total_amount_ngn, status, payment_status, amount_paid_ngn) VALUES ('booking_2299_67212a4', '41fc77c6-0c30-456a-91c8-16e9fe8b0745', '8af12217-f3b3-4817-b214-c6f71266a63a', '2024-10-29', '2024-10-30', 25000, 25000, 'confirmed', 'paid', 25000) ON CONFLICT (booking_reference) DO NOTHING;
INSERT INTO bookings (booking_reference, guest_id, room_id, check_in_date, check_out_date, total_room_price_ngn, total_amount_ngn, status, payment_status, amount_paid_ngn) VALUES ('booking_2302_6723962', 'adfbfdd0-acf5-4b3f-bac2-3cc8639b4fca', '5dff3a3e-9830-4575-ad57-4a6beb0314b7', '2024-11-08', '2024-11-09', 90000, 90000, 'confirmed', 'paid', 90000) ON CONFLICT (booking_reference) DO NOTHING;
INSERT INTO bookings (booking_reference, guest_id, room_id, check_in_date, check_out_date, total_room_price_ngn, total_amount_ngn, status, payment_status, amount_paid_ngn) VALUES ('booking_2305_6723a12', 'e7eb058c-1ecc-43af-a062-8fd2b7c4f528', 'c6fc6bd0-55ba-41a5-b20d-fdcde85a63d8', '2024-10-31', '2024-11-03', 330000, 330000, 'confirmed', 'paid', 330000) ON CONFLICT (booking_reference) DO NOTHING;
INSERT INTO bookings (booking_reference, guest_id, room_id, check_in_date, check_out_date, total_room_price_ngn, total_amount_ngn, status, payment_status, amount_paid_ngn) VALUES ('booking_2308_6723be1', '1b4ab361-cc62-48c7-acf0-40202edf43b8', '5dff3a3e-9830-4575-ad57-4a6beb0314b7', '2024-10-31', '2024-11-02', 180000, 180000, 'confirmed', 'paid', 180000) ON CONFLICT (booking_reference) DO NOTHING;
INSERT INTO bookings (booking_reference, guest_id, room_id, check_in_date, check_out_date, total_room_price_ngn, total_amount_ngn, status, payment_status, amount_paid_ngn) VALUES ('booking_2311_6723f12', '387f3335-a433-48a2-b67f-6f8f7e7365cb', 'cad2bc4d-5eaa-429b-b9f1-faedd37fdc35', '2024-10-31', '2024-11-01', 162000, 162000, 'confirmed', 'paid', 162000) ON CONFLICT (booking_reference) DO NOTHING;
INSERT INTO bookings (booking_reference, guest_id, room_id, check_in_date, check_out_date, total_room_price_ngn, total_amount_ngn, status, payment_status, amount_paid_ngn) VALUES ('booking_2314_6724aec', '60a84a3e-178d-497d-b4a8-1542f80e7ad0', 'ca946c9a-b147-488c-8ea8-84a3e1d87cfb', '2024-11-01', '2024-11-02', 110000, 110000, 'confirmed', 'paid', 110000) ON CONFLICT (booking_reference) DO NOTHING;
INSERT INTO bookings (booking_reference, guest_id, room_id, check_in_date, check_out_date, total_room_price_ngn, total_amount_ngn, status, payment_status, amount_paid_ngn) VALUES ('booking_2318_6724d8f', 'fcec674d-9087-48d4-98cb-b35efa91a221', 'f78d9fae-b8d0-4006-a221-8b2bafaf1724', '2024-11-07', '2024-11-08', 245000, 245000, 'confirmed', 'paid', 245000) ON CONFLICT (booking_reference) DO NOTHING;
INSERT INTO bookings (booking_reference, guest_id, room_id, check_in_date, check_out_date, total_room_price_ngn, total_amount_ngn, status, payment_status, amount_paid_ngn) VALUES ('booking_2331_6724f31', '38ec2a07-e5cd-481f-9d9a-ab2eb68c57a0', 'cad2bc4d-5eaa-429b-b9f1-faedd37fdc35', '2024-11-01', '2024-11-03', 324000, 324000, 'confirmed', 'paid', 324000) ON CONFLICT (booking_reference) DO NOTHING;
INSERT INTO bookings (booking_reference, guest_id, room_id, check_in_date, check_out_date, total_room_price_ngn, total_amount_ngn, status, payment_status, amount_paid_ngn) VALUES ('booking_2336_672507d', '181b180f-2a36-41ff-b36d-c2ab718c156c', 'ca946c9a-b147-488c-8ea8-84a3e1d87cfb', '2024-11-02', '2024-11-04', 220000, 220000, 'confirmed', 'paid', 220000) ON CONFLICT (booking_reference) DO NOTHING;
INSERT INTO bookings (booking_reference, guest_id, room_id, check_in_date, check_out_date, total_room_price_ngn, total_amount_ngn, status, payment_status, amount_paid_ngn) VALUES ('booking_2340_67253ff', '664fb53e-90f8-4a7f-a380-8fe51f7ac3e3', '8af12217-f3b3-4817-b214-c6f71266a63a', '2024-11-01', '2024-11-02', 20000, 20000, 'confirmed', 'paid', 20000) ON CONFLICT (booking_reference) DO NOTHING;
INSERT INTO bookings (booking_reference, guest_id, room_id, check_in_date, check_out_date, total_room_price_ngn, total_amount_ngn, status, payment_status, amount_paid_ngn) VALUES ('booking_2352_672767c', '0c278c3b-7284-442a-b509-8a246e450fd7', 'f78d9fae-b8d0-4006-a221-8b2bafaf1724', '2024-12-01', '2024-12-09', 880000, 880000, 'confirmed', 'paid', 880000) ON CONFLICT (booking_reference) DO NOTHING;
INSERT INTO bookings (booking_reference, guest_id, room_id, check_in_date, check_out_date, total_room_price_ngn, total_amount_ngn, status, payment_status, amount_paid_ngn) VALUES ('booking_2355_672795d', 'e9120bca-f7f3-48ad-9a34-362e3ea34cc5', 'f78d9fae-b8d0-4006-a221-8b2bafaf1724', '2024-11-04', '2024-11-05', 110000, 110000, 'confirmed', 'paid', 110000) ON CONFLICT (booking_reference) DO NOTHING;
INSERT INTO bookings (booking_reference, guest_id, room_id, check_in_date, check_out_date, total_room_price_ngn, total_amount_ngn, status, payment_status, amount_paid_ngn) VALUES ('booking_2358_672796a', '7a7c195f-ee86-49ef-a116-7e6d5872481a', 'a64b9f4a-e434-40fe-8052-dadf544229b0', '2024-11-10', '2024-11-11', 50000, 50000, 'confirmed', 'paid', 50000) ON CONFLICT (booking_reference) DO NOTHING;
INSERT INTO bookings (booking_reference, guest_id, room_id, check_in_date, check_out_date, total_room_price_ngn, total_amount_ngn, status, payment_status, amount_paid_ngn) VALUES ('booking_2360_6727d80', '5624dea2-73a3-41ff-9400-feb909c91a7e', '8af12217-f3b3-4817-b214-c6f71266a63a', '2024-11-03', '2024-11-04', 25000, 25000, 'confirmed', 'paid', 25000) ON CONFLICT (booking_reference) DO NOTHING;
INSERT INTO bookings (booking_reference, guest_id, room_id, check_in_date, check_out_date, total_room_price_ngn, total_amount_ngn, status, payment_status, amount_paid_ngn) VALUES ('booking_2363_6729e9e', 'b8c1ea7f-541d-43e1-bfc2-603f537b6620', 'c6fc6bd0-55ba-41a5-b20d-fdcde85a63d8', '2024-11-05', '2024-11-06', 110000, 110000, 'confirmed', 'paid', 110000) ON CONFLICT (booking_reference) DO NOTHING;
INSERT INTO bookings (booking_reference, guest_id, room_id, check_in_date, check_out_date, total_room_price_ngn, total_amount_ngn, status, payment_status, amount_paid_ngn) VALUES ('booking_2366_672a2c3', '4f4cb150-6cda-435e-9c81-b4e618aea176', '8af12217-f3b3-4817-b214-c6f71266a63a', '2024-11-05', '2024-11-07', 50000, 50000, 'confirmed', 'paid', 50000) ON CONFLICT (booking_reference) DO NOTHING;
INSERT INTO bookings (booking_reference, guest_id, room_id, check_in_date, check_out_date, total_room_price_ngn, total_amount_ngn, status, payment_status, amount_paid_ngn) VALUES ('booking_2368_672a469', '1c8b7958-78f2-48fc-bd04-f542373029db', 'c6fc6bd0-55ba-41a5-b20d-fdcde85a63d8', '2024-11-06', '2024-11-08', 220000, 220000, 'confirmed', 'paid', 220000) ON CONFLICT (booking_reference) DO NOTHING;
INSERT INTO bookings (booking_reference, guest_id, room_id, check_in_date, check_out_date, total_room_price_ngn, total_amount_ngn, status, payment_status, amount_paid_ngn) VALUES ('booking_2374_672b797', 'fba15516-9fda-4cfe-b6bf-f1a6b3bf6869', 'f78d9fae-b8d0-4006-a221-8b2bafaf1724', '2024-11-06', '2024-11-07', 90000, 90000, 'confirmed', 'paid', 90000) ON CONFLICT (booking_reference) DO NOTHING;
INSERT INTO bookings (booking_reference, guest_id, room_id, check_in_date, check_out_date, total_room_price_ngn, total_amount_ngn, status, payment_status, amount_paid_ngn) VALUES ('booking_2379_672d0d7', '7694c8f6-f694-4d2b-90d2-199a11554459', '5dff3a3e-9830-4575-ad57-4a6beb0314b7', '2024-11-07', '2024-11-08', 80000, 80000, 'confirmed', 'paid', 80000) ON CONFLICT (booking_reference) DO NOTHING;
INSERT INTO bookings (booking_reference, guest_id, room_id, check_in_date, check_out_date, total_room_price_ngn, total_amount_ngn, status, payment_status, amount_paid_ngn) VALUES ('booking_2388_672d199', 'b96dfa1d-c632-48b5-b753-cb695b11c7e9', 'cad2bc4d-5eaa-429b-b9f1-faedd37fdc35', '2024-11-07', '2024-11-09', 260000, 260000, 'confirmed', 'paid', 260000) ON CONFLICT (booking_reference) DO NOTHING;
INSERT INTO bookings (booking_reference, guest_id, room_id, check_in_date, check_out_date, total_room_price_ngn, total_amount_ngn, status, payment_status, amount_paid_ngn) VALUES ('booking_2390_672d1d9', '22024985-4449-42ed-a372-e0bbeac43aba', '5dff3a3e-9830-4575-ad57-4a6beb0314b7', '2024-11-15', '2024-11-17', 140000, 140000, 'confirmed', 'paid', 140000) ON CONFLICT (booking_reference) DO NOTHING;
INSERT INTO bookings (booking_reference, guest_id, room_id, check_in_date, check_out_date, total_room_price_ngn, total_amount_ngn, status, payment_status, amount_paid_ngn) VALUES ('booking_2396_672dcf0', '3dfac1a6-db54-43a3-8bb9-040d35a4c8a1', 'cad2bc4d-5eaa-429b-b9f1-faedd37fdc35', '2024-11-09', '2024-11-10', 120000, 120000, 'confirmed', 'paid', 120000) ON CONFLICT (booking_reference) DO NOTHING;
INSERT INTO bookings (booking_reference, guest_id, room_id, check_in_date, check_out_date, total_room_price_ngn, total_amount_ngn, status, payment_status, amount_paid_ngn) VALUES ('booking_2404_672e1b8', 'aa40e8b1-04e3-4ed7-a851-ba6a3cea52d4', 'ca946c9a-b147-488c-8ea8-84a3e1d87cfb', '2024-11-28', '2024-12-03', 450000, 450000, 'confirmed', 'paid', 450000) ON CONFLICT (booking_reference) DO NOTHING;
INSERT INTO bookings (booking_reference, guest_id, room_id, check_in_date, check_out_date, total_room_price_ngn, total_amount_ngn, status, payment_status, amount_paid_ngn) VALUES ('booking_2408_672f8ba', 'e10b7cf0-2140-43a3-8ac9-1dbfd7125c6c', 'f78d9fae-b8d0-4006-a221-8b2bafaf1724', '2024-11-10', '2024-11-16', 660000, 660000, 'confirmed', 'paid', 660000) ON CONFLICT (booking_reference) DO NOTHING;
INSERT INTO bookings (booking_reference, guest_id, room_id, check_in_date, check_out_date, total_room_price_ngn, total_amount_ngn, status, payment_status, amount_paid_ngn) VALUES ('booking_2412_6730a41', 'e8b64601-207c-4d39-abcd-d7e3cdd07c76', 'ca946c9a-b147-488c-8ea8-84a3e1d87cfb', '2024-11-10', '2024-11-11', 110000, 110000, 'confirmed', 'paid', 110000) ON CONFLICT (booking_reference) DO NOTHING;
INSERT INTO bookings (booking_reference, guest_id, room_id, check_in_date, check_out_date, total_room_price_ngn, total_amount_ngn, status, payment_status, amount_paid_ngn) VALUES ('booking_2418_6730fb3', '4ed6521d-b2cd-41fc-900a-7b31a65f6e63', 'cad2bc4d-5eaa-429b-b9f1-faedd37fdc35', '2024-12-07', '2024-12-08', 162000, 162000, 'confirmed', 'paid', 162000) ON CONFLICT (booking_reference) DO NOTHING;
INSERT INTO bookings (booking_reference, guest_id, room_id, check_in_date, check_out_date, total_room_price_ngn, total_amount_ngn, status, payment_status, amount_paid_ngn) VALUES ('booking_2420_6731f1c', 'ca05f6e6-beb2-4d4e-b70b-d80cc52a39c5', '8af12217-f3b3-4817-b214-c6f71266a63a', '2024-11-11', '2024-11-12', 25000, 25000, 'confirmed', 'paid', 25000) ON CONFLICT (booking_reference) DO NOTHING;
INSERT INTO bookings (booking_reference, guest_id, room_id, check_in_date, check_out_date, total_room_price_ngn, total_amount_ngn, status, payment_status, amount_paid_ngn) VALUES ('booking_2423_67322fd', '71731ee1-ff16-45fb-90d9-1f0fdc001833', 'cad2bc4d-5eaa-429b-b9f1-faedd37fdc35', '2024-12-14', '2024-12-15', 162000, 162000, 'confirmed', 'paid', 162000) ON CONFLICT (booking_reference) DO NOTHING;
INSERT INTO bookings (booking_reference, guest_id, room_id, check_in_date, check_out_date, total_room_price_ngn, total_amount_ngn, status, payment_status, amount_paid_ngn) VALUES ('booking_2435_6734ca5', '07710a44-e54a-41b8-9a65-82a1c29989f5', '8af12217-f3b3-4817-b214-c6f71266a63a', '2024-11-13', '2024-11-16', 75000, 75000, 'confirmed', 'paid', 75000) ON CONFLICT (booking_reference) DO NOTHING;
INSERT INTO bookings (booking_reference, guest_id, room_id, check_in_date, check_out_date, total_room_price_ngn, total_amount_ngn, status, payment_status, amount_paid_ngn) VALUES ('booking_2438_6734e05', 'bb8a0734-d93e-4d0b-b29b-adf5bdfc2f3e', 'ca946c9a-b147-488c-8ea8-84a3e1d87cfb', '2024-11-13', '2024-11-15', 220000, 220000, 'confirmed', 'paid', 220000) ON CONFLICT (booking_reference) DO NOTHING;
INSERT INTO bookings (booking_reference, guest_id, room_id, check_in_date, check_out_date, total_room_price_ngn, total_amount_ngn, status, payment_status, amount_paid_ngn) VALUES ('booking_2445_6735f9b', '654e77d5-73d5-44f4-b0aa-a3edb8f3f911', 'f78d9fae-b8d0-4006-a221-8b2bafaf1724', '2024-12-29', '2025-01-31', 2970000, 2970000, 'confirmed', 'paid', 2970000) ON CONFLICT (booking_reference) DO NOTHING;
INSERT INTO bookings (booking_reference, guest_id, room_id, check_in_date, check_out_date, total_room_price_ngn, total_amount_ngn, status, payment_status, amount_paid_ngn) VALUES ('booking_2456_6736fc8', '82dfd132-1056-4aaa-8066-54118eac6b93', 'c6fc6bd0-55ba-41a5-b20d-fdcde85a63d8', '2024-11-15', '2024-11-16', 260000, 260000, 'confirmed', 'paid', 260000) ON CONFLICT (booking_reference) DO NOTHING;
INSERT INTO bookings (booking_reference, guest_id, room_id, check_in_date, check_out_date, total_room_price_ngn, total_amount_ngn, status, payment_status, amount_paid_ngn) VALUES ('booking_2472_67373ac', '660dcb36-324d-4477-a1a9-13a0f860d371', 'c6fc6bd0-55ba-41a5-b20d-fdcde85a63d8', '2024-11-16', '2024-11-17', 130000, 130000, 'confirmed', 'paid', 130000) ON CONFLICT (booking_reference) DO NOTHING;
INSERT INTO bookings (booking_reference, guest_id, room_id, check_in_date, check_out_date, total_room_price_ngn, total_amount_ngn, status, payment_status, amount_paid_ngn) VALUES ('booking_2476_673754f', '00baacb2-48d2-400d-a9a8-0a7a9a6e7f6b', 'ca946c9a-b147-488c-8ea8-84a3e1d87cfb', '2024-11-15', '2024-11-16', 90000, 90000, 'confirmed', 'paid', 90000) ON CONFLICT (booking_reference) DO NOTHING;
INSERT INTO bookings (booking_reference, guest_id, room_id, check_in_date, check_out_date, total_room_price_ngn, total_amount_ngn, status, payment_status, amount_paid_ngn) VALUES ('booking_2487_6738855', '09166817-132f-4870-99c5-a075c0bca77a', 'ca946c9a-b147-488c-8ea8-84a3e1d87cfb', '2024-11-16', '2024-11-17', 110000, 110000, 'confirmed', 'paid', 110000) ON CONFLICT (booking_reference) DO NOTHING;
INSERT INTO bookings (booking_reference, guest_id, room_id, check_in_date, check_out_date, total_room_price_ngn, total_amount_ngn, status, payment_status, amount_paid_ngn) VALUES ('booking_2489_6738863', '9a06bccf-4445-41e0-ae8d-522e4f8a45f3', 'f78d9fae-b8d0-4006-a221-8b2bafaf1724', '2024-11-16', '2024-11-17', 90000, 90000, 'confirmed', 'paid', 90000) ON CONFLICT (booking_reference) DO NOTHING;
INSERT INTO bookings (booking_reference, guest_id, room_id, check_in_date, check_out_date, total_room_price_ngn, total_amount_ngn, status, payment_status, amount_paid_ngn) VALUES ('booking_2493_6738872', 'ed95ca9e-38d4-473d-8d42-e2ed23eaa49e', '8af12217-f3b3-4817-b214-c6f71266a63a', '2024-11-16', '2024-12-09', 575000, 575000, 'confirmed', 'paid', 575000) ON CONFLICT (booking_reference) DO NOTHING;
INSERT INTO bookings (booking_reference, guest_id, room_id, check_in_date, check_out_date, total_room_price_ngn, total_amount_ngn, status, payment_status, amount_paid_ngn) VALUES ('booking_2497_67388c8', '790ee5b2-6eab-4831-9dea-a7e48ff78031', '99c72914-78a5-49c2-bbf2-31f44cad3419', '2024-11-17', '2024-11-22', 425000, 425000, 'confirmed', 'paid', 425000) ON CONFLICT (booking_reference) DO NOTHING;
INSERT INTO bookings (booking_reference, guest_id, room_id, check_in_date, check_out_date, total_room_price_ngn, total_amount_ngn, status, payment_status, amount_paid_ngn) VALUES ('booking_2502_6738b84', '6bb5eba0-01d4-4eaf-8605-d77ca170853a', '8af12217-f3b3-4817-b214-c6f71266a63a', '2024-11-16', '2024-11-19', 60000, 60000, 'confirmed', 'paid', 60000) ON CONFLICT (booking_reference) DO NOTHING;
INSERT INTO bookings (booking_reference, guest_id, room_id, check_in_date, check_out_date, total_room_price_ngn, total_amount_ngn, status, payment_status, amount_paid_ngn) VALUES ('booking_2504_6738f8a', '68aae9c5-9893-421a-a946-c56c7ed09476', '99c72914-78a5-49c2-bbf2-31f44cad3419', '2024-11-16', '2024-11-17', 85000, 85000, 'confirmed', 'paid', 85000) ON CONFLICT (booking_reference) DO NOTHING;
INSERT INTO bookings (booking_reference, guest_id, room_id, check_in_date, check_out_date, total_room_price_ngn, total_amount_ngn, status, payment_status, amount_paid_ngn) VALUES ('booking_2512_6739d34', 'aaa66a99-9fb5-4a53-b7b5-3c0b3e413cfe', 'c6fc6bd0-55ba-41a5-b20d-fdcde85a63d8', '2024-11-17', '2024-11-18', 110000, 110000, 'confirmed', 'paid', 110000) ON CONFLICT (booking_reference) DO NOTHING;
INSERT INTO bookings (booking_reference, guest_id, room_id, check_in_date, check_out_date, total_room_price_ngn, total_amount_ngn, status, payment_status, amount_paid_ngn) VALUES ('booking_2514_6739d5e', 'ec7eace1-e247-4070-bce6-105b744eb322', 'ca946c9a-b147-488c-8ea8-84a3e1d87cfb', '2024-11-17', '2024-11-20', 270000, 270000, 'confirmed', 'paid', 270000) ON CONFLICT (booking_reference) DO NOTHING;
INSERT INTO bookings (booking_reference, guest_id, room_id, check_in_date, check_out_date, total_room_price_ngn, total_amount_ngn, status, payment_status, amount_paid_ngn) VALUES ('booking_2520_6739f32', '5cd2a765-d978-422d-a63e-2250003dbe8a', '8af12217-f3b3-4817-b214-c6f71266a63a', '2024-11-17', '2024-11-18', 20000, 20000, 'confirmed', 'paid', 20000) ON CONFLICT (booking_reference) DO NOTHING;
INSERT INTO bookings (booking_reference, guest_id, room_id, check_in_date, check_out_date, total_room_price_ngn, total_amount_ngn, status, payment_status, amount_paid_ngn) VALUES ('booking_2523_6739f83', 'f204deb2-ff12-4a49-8b0e-98ae4eeb6133', '5dff3a3e-9830-4575-ad57-4a6beb0314b7', '2024-11-17', '2024-11-18', 90000, 90000, 'confirmed', 'paid', 90000) ON CONFLICT (booking_reference) DO NOTHING;
INSERT INTO bookings (booking_reference, guest_id, room_id, check_in_date, check_out_date, total_room_price_ngn, total_amount_ngn, status, payment_status, amount_paid_ngn) VALUES ('booking_2530_673a1eb', 'af9b8339-6a79-4ff8-a4d4-476b619dfc6b', 'f78d9fae-b8d0-4006-a221-8b2bafaf1724', '2024-11-17', '2024-11-18', 130000, 130000, 'confirmed', 'paid', 130000) ON CONFLICT (booking_reference) DO NOTHING;
INSERT INTO bookings (booking_reference, guest_id, room_id, check_in_date, check_out_date, total_room_price_ngn, total_amount_ngn, status, payment_status, amount_paid_ngn) VALUES ('booking_2534_673a2a4', '60b4c8fe-4c61-4d95-ad21-fb1dafc39f43', 'cad2bc4d-5eaa-429b-b9f1-faedd37fdc35', '2024-11-17', '2024-11-19', 324000, 324000, 'confirmed', 'paid', 324000) ON CONFLICT (booking_reference) DO NOTHING;
INSERT INTO bookings (booking_reference, guest_id, room_id, check_in_date, check_out_date, total_room_price_ngn, total_amount_ngn, status, payment_status, amount_paid_ngn) VALUES ('booking_2544_673b11b', 'd8016ac0-26ff-4756-8599-288017174214', 'c6fc6bd0-55ba-41a5-b20d-fdcde85a63d8', '2024-11-18', '2024-11-28', 850000, 850000, 'confirmed', 'paid', 850000) ON CONFLICT (booking_reference) DO NOTHING;
INSERT INTO bookings (booking_reference, guest_id, room_id, check_in_date, check_out_date, total_room_price_ngn, total_amount_ngn, status, payment_status, amount_paid_ngn) VALUES ('booking_2559_673b5ce', '367da1d0-43b0-446d-a85d-3b56e869f2a2', 'f78d9fae-b8d0-4006-a221-8b2bafaf1724', '2024-11-18', '2024-11-19', 90000, 90000, 'confirmed', 'paid', 90000) ON CONFLICT (booking_reference) DO NOTHING;
INSERT INTO bookings (booking_reference, guest_id, room_id, check_in_date, check_out_date, total_room_price_ngn, total_amount_ngn, status, payment_status, amount_paid_ngn) VALUES ('booking_2569_673c5e0', 'ec6260f7-147e-4e1b-8ec2-e23172540508', 'f78d9fae-b8d0-4006-a221-8b2bafaf1724', '2024-11-23', '2024-11-24', 90000, 90000, 'confirmed', 'paid', 90000) ON CONFLICT (booking_reference) DO NOTHING;
INSERT INTO bookings (booking_reference, guest_id, room_id, check_in_date, check_out_date, total_room_price_ngn, total_amount_ngn, status, payment_status, amount_paid_ngn) VALUES ('booking_2582_673ca34', 'f7a40677-b849-4618-8681-38e65ab858ac', 'f78d9fae-b8d0-4006-a221-8b2bafaf1724', '2024-12-21', '2024-12-22', 110000, 110000, 'confirmed', 'paid', 110000) ON CONFLICT (booking_reference) DO NOTHING;
INSERT INTO bookings (booking_reference, guest_id, room_id, check_in_date, check_out_date, total_room_price_ngn, total_amount_ngn, status, payment_status, amount_paid_ngn) VALUES ('booking_2585_673ca54', '3bfff291-5789-4012-bf7c-75cd0ad9f758', 'ca946c9a-b147-488c-8ea8-84a3e1d87cfb', '2024-12-21', '2024-12-22', 110000, 110000, 'confirmed', 'paid', 110000) ON CONFLICT (booking_reference) DO NOTHING;
INSERT INTO bookings (booking_reference, guest_id, room_id, check_in_date, check_out_date, total_room_price_ngn, total_amount_ngn, status, payment_status, amount_paid_ngn) VALUES ('booking_2587_673cd25', '84cd5670-3aa2-4a7a-87fd-e5367d401f07', 'f78d9fae-b8d0-4006-a221-8b2bafaf1724', '2024-11-19', '2024-11-21', 180000, 180000, 'confirmed', 'paid', 180000) ON CONFLICT (booking_reference) DO NOTHING;
INSERT INTO bookings (booking_reference, guest_id, room_id, check_in_date, check_out_date, total_room_price_ngn, total_amount_ngn, status, payment_status, amount_paid_ngn) VALUES ('booking_2592_673d82d', '70bd8754-55b6-403d-a6e8-0ea325bcd557', '99c72914-78a5-49c2-bbf2-31f44cad3419', '2024-12-05', '2024-12-06', 90000, 90000, 'confirmed', 'paid', 90000) ON CONFLICT (booking_reference) DO NOTHING;
INSERT INTO bookings (booking_reference, guest_id, room_id, check_in_date, check_out_date, total_room_price_ngn, total_amount_ngn, status, payment_status, amount_paid_ngn) VALUES ('booking_2596_673d866', 'e85de5ac-3acb-43bc-a2c7-1a960f03c1e6', '5dff3a3e-9830-4575-ad57-4a6beb0314b7', '2024-11-21', '2024-11-22', 80000, 80000, 'confirmed', 'paid', 80000) ON CONFLICT (booking_reference) DO NOTHING;
INSERT INTO bookings (booking_reference, guest_id, room_id, check_in_date, check_out_date, total_room_price_ngn, total_amount_ngn, status, payment_status, amount_paid_ngn) VALUES ('booking_2601_673dcc2', '4b1c2f68-b83a-4348-b571-13109456af3f', 'ca946c9a-b147-488c-8ea8-84a3e1d87cfb', '2024-11-20', '2024-11-28', 680000, 680000, 'confirmed', 'paid', 680000) ON CONFLICT (booking_reference) DO NOTHING;
INSERT INTO bookings (booking_reference, guest_id, room_id, check_in_date, check_out_date, total_room_price_ngn, total_amount_ngn, status, payment_status, amount_paid_ngn) VALUES ('booking_2607_673df47', '68c9f6ae-22fc-4902-a06c-67c0c94adf24', 'cad2bc4d-5eaa-429b-b9f1-faedd37fdc35', '2024-11-21', '2024-11-25', 360000, 360000, 'confirmed', 'paid', 360000) ON CONFLICT (booking_reference) DO NOTHING;
INSERT INTO bookings (booking_reference, guest_id, room_id, check_in_date, check_out_date, total_room_price_ngn, total_amount_ngn, status, payment_status, amount_paid_ngn) VALUES ('booking_2612_673dfee', 'e9e91f24-edc7-4d76-9cf6-7cada63fe2a8', '8af12217-f3b3-4817-b214-c6f71266a63a', '2024-11-20', '2024-11-21', 25000, 25000, 'confirmed', 'paid', 25000) ON CONFLICT (booking_reference) DO NOTHING;
INSERT INTO bookings (booking_reference, guest_id, room_id, check_in_date, check_out_date, total_room_price_ngn, total_amount_ngn, status, payment_status, amount_paid_ngn) VALUES ('booking_2621_673f28b', '9f9377c1-f961-48ec-bcb7-88077a60caf2', 'f78d9fae-b8d0-4006-a221-8b2bafaf1724', '2024-11-29', '2024-12-01', 220000, 220000, 'confirmed', 'paid', 220000) ON CONFLICT (booking_reference) DO NOTHING;
INSERT INTO bookings (booking_reference, guest_id, room_id, check_in_date, check_out_date, total_room_price_ngn, total_amount_ngn, status, payment_status, amount_paid_ngn) VALUES ('booking_2624_673f380', '8709c9a1-7a9c-4c02-81f2-8856fb8fc82e', 'f78d9fae-b8d0-4006-a221-8b2bafaf1724', '2024-11-21', '2024-11-22', 90000, 90000, 'confirmed', 'paid', 90000) ON CONFLICT (booking_reference) DO NOTHING;
INSERT INTO bookings (booking_reference, guest_id, room_id, check_in_date, check_out_date, total_room_price_ngn, total_amount_ngn, status, payment_status, amount_paid_ngn) VALUES ('booking_2627_673f520', '11ec47b2-0ce8-406c-8b6a-e30ba120f9d2', '8af12217-f3b3-4817-b214-c6f71266a63a', '2024-11-21', '2024-11-22', 25000, 25000, 'confirmed', 'paid', 25000) ON CONFLICT (booking_reference) DO NOTHING;
INSERT INTO bookings (booking_reference, guest_id, room_id, check_in_date, check_out_date, total_room_price_ngn, total_amount_ngn, status, payment_status, amount_paid_ngn) VALUES ('booking_2630_67404a9', '952561c2-6c41-42da-a6c0-ce433ef0939d', '99c72914-78a5-49c2-bbf2-31f44cad3419', '2024-11-22', '2024-11-23', 110000, 110000, 'confirmed', 'paid', 110000) ON CONFLICT (booking_reference) DO NOTHING;
INSERT INTO bookings (booking_reference, guest_id, room_id, check_in_date, check_out_date, total_room_price_ngn, total_amount_ngn, status, payment_status, amount_paid_ngn) VALUES ('booking_2635_67405c8', 'c7cd3ba9-caf9-4e5b-9687-a4b24c9f9a4e', '5dff3a3e-9830-4575-ad57-4a6beb0314b7', '2024-12-05', '2024-12-19', 1050000, 1050000, 'confirmed', 'paid', 1050000) ON CONFLICT (booking_reference) DO NOTHING;
INSERT INTO bookings (booking_reference, guest_id, room_id, check_in_date, check_out_date, total_room_price_ngn, total_amount_ngn, status, payment_status, amount_paid_ngn) VALUES ('booking_2642_6740821', '7f9e1e5f-34a5-4c51-9edb-e0e936738233', 'f78d9fae-b8d0-4006-a221-8b2bafaf1724', '2024-11-22', '2024-11-23', 105000, 105000, 'confirmed', 'paid', 105000) ON CONFLICT (booking_reference) DO NOTHING;
INSERT INTO bookings (booking_reference, guest_id, room_id, check_in_date, check_out_date, total_room_price_ngn, total_amount_ngn, status, payment_status, amount_paid_ngn) VALUES ('booking_2644_6740ad1', '899d198b-c61a-4951-9aa9-2e5f7f22a011', '8af12217-f3b3-4817-b214-c6f71266a63a', '2024-11-22', '2024-11-24', 40000, 40000, 'confirmed', 'paid', 40000) ON CONFLICT (booking_reference) DO NOTHING;
INSERT INTO bookings (booking_reference, guest_id, room_id, check_in_date, check_out_date, total_room_price_ngn, total_amount_ngn, status, payment_status, amount_paid_ngn) VALUES ('booking_2646_6740c41', 'e100b1f1-3ff3-4d87-b6f4-c7ceb1a70752', '5dff3a3e-9830-4575-ad57-4a6beb0314b7', '2024-12-23', '2025-01-02', 700000, 700000, 'confirmed', 'paid', 700000) ON CONFLICT (booking_reference) DO NOTHING;
INSERT INTO bookings (booking_reference, guest_id, room_id, check_in_date, check_out_date, total_room_price_ngn, total_amount_ngn, status, payment_status, amount_paid_ngn) VALUES ('booking_2649_6741735', 'a1631c86-2f7e-41c8-b83a-fbab544a9a91', '99c72914-78a5-49c2-bbf2-31f44cad3419', '2024-11-23', '2024-11-29', 510000, 510000, 'confirmed', 'paid', 510000) ON CONFLICT (booking_reference) DO NOTHING;
INSERT INTO bookings (booking_reference, guest_id, room_id, check_in_date, check_out_date, total_room_price_ngn, total_amount_ngn, status, payment_status, amount_paid_ngn) VALUES ('booking_2653_674175f', 'f86a169b-1918-4873-bbd7-d2f9cbeb1f95', 'c6fc6bd0-55ba-41a5-b20d-fdcde85a63d8', '2024-12-04', '2024-12-09', 400000, 400000, 'confirmed', 'paid', 400000) ON CONFLICT (booking_reference) DO NOTHING;
INSERT INTO bookings (booking_reference, guest_id, room_id, check_in_date, check_out_date, total_room_price_ngn, total_amount_ngn, status, payment_status, amount_paid_ngn) VALUES ('booking_2665_6742220', '67618678-ec61-4b88-93e0-b361f3601d49', 'f78d9fae-b8d0-4006-a221-8b2bafaf1724', '2024-12-11', '2024-12-12', 90000, 90000, 'confirmed', 'paid', 90000) ON CONFLICT (booking_reference) DO NOTHING;
INSERT INTO bookings (booking_reference, guest_id, room_id, check_in_date, check_out_date, total_room_price_ngn, total_amount_ngn, status, payment_status, amount_paid_ngn) VALUES ('booking_2671_6743038', 'c0573673-8aed-4460-90c4-34553ed2efb1', 'f78d9fae-b8d0-4006-a221-8b2bafaf1724', '2024-11-24', '2024-11-25', 90000, 90000, 'confirmed', 'paid', 90000) ON CONFLICT (booking_reference) DO NOTHING;
INSERT INTO bookings (booking_reference, guest_id, room_id, check_in_date, check_out_date, total_room_price_ngn, total_amount_ngn, status, payment_status, amount_paid_ngn) VALUES ('booking_2684_6744b47', '84837360-e3c1-4c33-994e-047b72aac3c5', '8af12217-f3b3-4817-b214-c6f71266a63a', '2024-11-25', '2024-11-26', 20000, 20000, 'confirmed', 'paid', 20000) ON CONFLICT (booking_reference) DO NOTHING;
INSERT INTO bookings (booking_reference, guest_id, room_id, check_in_date, check_out_date, total_room_price_ngn, total_amount_ngn, status, payment_status, amount_paid_ngn) VALUES ('booking_2691_6744e76', '170a31d9-4c2c-45a3-a70b-4595d2680f0f', 'f78d9fae-b8d0-4006-a221-8b2bafaf1724', '2024-11-25', '2024-11-29', 380000, 380000, 'confirmed', 'paid', 380000) ON CONFLICT (booking_reference) DO NOTHING;
INSERT INTO bookings (booking_reference, guest_id, room_id, check_in_date, check_out_date, total_room_price_ngn, total_amount_ngn, status, payment_status, amount_paid_ngn) VALUES ('booking_2693_6744e83', '6516620f-fc4e-4d89-887b-083e04bb716a', '5dff3a3e-9830-4575-ad57-4a6beb0314b7', '2024-11-29', '2024-12-02', 240000, 240000, 'confirmed', 'paid', 240000) ON CONFLICT (booking_reference) DO NOTHING;
INSERT INTO bookings (booking_reference, guest_id, room_id, check_in_date, check_out_date, total_room_price_ngn, total_amount_ngn, status, payment_status, amount_paid_ngn) VALUES ('booking_2697_67459ce', 'e9e46186-9ad5-4e72-80f0-9ac9d2144bc4', '5dff3a3e-9830-4575-ad57-4a6beb0314b7', '2024-11-26', '2024-11-28', 170000, 170000, 'confirmed', 'paid', 170000) ON CONFLICT (booking_reference) DO NOTHING;
INSERT INTO bookings (booking_reference, guest_id, room_id, check_in_date, check_out_date, total_room_price_ngn, total_amount_ngn, status, payment_status, amount_paid_ngn) VALUES ('booking_2701_6745e44', '8610a842-8149-4b9a-a826-8c58d8c73e48', 'cad2bc4d-5eaa-429b-b9f1-faedd37fdc35', '2024-11-27', '2024-11-30', 300000, 300000, 'confirmed', 'paid', 300000) ON CONFLICT (booking_reference) DO NOTHING;
INSERT INTO bookings (booking_reference, guest_id, room_id, check_in_date, check_out_date, total_room_price_ngn, total_amount_ngn, status, payment_status, amount_paid_ngn) VALUES ('booking_2704_6745e84', '86da1944-cf49-4d9b-843a-569cf9820e3e', 'c6fc6bd0-55ba-41a5-b20d-fdcde85a63d8', '2024-11-28', '2024-12-04', 480000, 480000, 'confirmed', 'paid', 480000) ON CONFLICT (booking_reference) DO NOTHING;
INSERT INTO bookings (booking_reference, guest_id, room_id, check_in_date, check_out_date, total_room_price_ngn, total_amount_ngn, status, payment_status, amount_paid_ngn) VALUES ('booking_2709_6746020', 'b4a83543-0e15-4a9e-9d13-c907593e199d', '99c72914-78a5-49c2-bbf2-31f44cad3419', '2024-11-29', '2024-11-30', 110000, 110000, 'confirmed', 'paid', 110000) ON CONFLICT (booking_reference) DO NOTHING;
INSERT INTO bookings (booking_reference, guest_id, room_id, check_in_date, check_out_date, total_room_price_ngn, total_amount_ngn, status, payment_status, amount_paid_ngn) VALUES ('booking_2711_6746eb3', 'c1c29f8c-cceb-4985-8236-252519a2ed31', '8af12217-f3b3-4817-b214-c6f71266a63a', '2024-11-27', '2024-11-29', 50000, 50000, 'confirmed', 'paid', 50000) ON CONFLICT (booking_reference) DO NOTHING;
INSERT INTO bookings (booking_reference, guest_id, room_id, check_in_date, check_out_date, total_room_price_ngn, total_amount_ngn, status, payment_status, amount_paid_ngn) VALUES ('booking_2714_674713d', '9a87e861-9af7-4421-93b0-6c72fe5984d3', '5dff3a3e-9830-4575-ad57-4a6beb0314b7', '2024-11-28', '2024-11-29', 90000, 90000, 'confirmed', 'paid', 90000) ON CONFLICT (booking_reference) DO NOTHING;
INSERT INTO bookings (booking_reference, guest_id, room_id, check_in_date, check_out_date, total_room_price_ngn, total_amount_ngn, status, payment_status, amount_paid_ngn) VALUES ('booking_2726_6748cae', '40cb9244-5946-4b04-b7a7-ae6ab107ae3b', 'ca946c9a-b147-488c-8ea8-84a3e1d87cfb', '2024-12-04', '2024-12-09', 450000, 450000, 'confirmed', 'paid', 450000) ON CONFLICT (booking_reference) DO NOTHING;
INSERT INTO bookings (booking_reference, guest_id, room_id, check_in_date, check_out_date, total_room_price_ngn, total_amount_ngn, status, payment_status, amount_paid_ngn) VALUES ('booking_2730_6749c67', '330a3594-424c-456a-a8e7-f8653d1a4d57', 'cad2bc4d-5eaa-429b-b9f1-faedd37fdc35', '2024-11-30', '2024-12-02', 320000, 320000, 'confirmed', 'paid', 320000) ON CONFLICT (booking_reference) DO NOTHING;
INSERT INTO bookings (booking_reference, guest_id, room_id, check_in_date, check_out_date, total_room_price_ngn, total_amount_ngn, status, payment_status, amount_paid_ngn) VALUES ('booking_2732_6749c70', 'c53abb3f-77c7-477f-92ad-31024d47a17c', '99c72914-78a5-49c2-bbf2-31f44cad3419', '2024-11-30', '2024-12-01', 90000, 90000, 'confirmed', 'paid', 90000) ON CONFLICT (booking_reference) DO NOTHING;
INSERT INTO bookings (booking_reference, guest_id, room_id, check_in_date, check_out_date, total_room_price_ngn, total_amount_ngn, status, payment_status, amount_paid_ngn) VALUES ('booking_2744_674caca', '0f8e91a1-1461-400c-8733-f5a562f8732c', '99c72914-78a5-49c2-bbf2-31f44cad3419', '2024-12-01', '2024-12-05', 440000, 440000, 'confirmed', 'paid', 440000) ON CONFLICT (booking_reference) DO NOTHING;
INSERT INTO bookings (booking_reference, guest_id, room_id, check_in_date, check_out_date, total_room_price_ngn, total_amount_ngn, status, payment_status, amount_paid_ngn) VALUES ('booking_2750_674d966', '6c5570b8-c059-411a-b59a-f325672c0bd4', '5dff3a3e-9830-4575-ad57-4a6beb0314b7', '2024-12-02', '2024-12-05', 270000, 270000, 'confirmed', 'paid', 270000) ON CONFLICT (booking_reference) DO NOTHING;
INSERT INTO bookings (booking_reference, guest_id, room_id, check_in_date, check_out_date, total_room_price_ngn, total_amount_ngn, status, payment_status, amount_paid_ngn) VALUES ('booking_2754_674dee0', 'c65d5e8e-b03f-4d74-b103-0132bf7060a7', 'cad2bc4d-5eaa-429b-b9f1-faedd37fdc35', '2024-12-03', '2024-12-07', 340000, 340000, 'confirmed', 'paid', 340000) ON CONFLICT (booking_reference) DO NOTHING;
INSERT INTO bookings (booking_reference, guest_id, room_id, check_in_date, check_out_date, total_room_price_ngn, total_amount_ngn, status, payment_status, amount_paid_ngn) VALUES ('booking_2762_674f43c', '848ad62d-b733-4546-8328-b7fd4cb9c523', 'c6fc6bd0-55ba-41a5-b20d-fdcde85a63d8', '2024-12-20', '2024-12-22', 160000, 160000, 'confirmed', 'paid', 160000) ON CONFLICT (booking_reference) DO NOTHING;
INSERT INTO bookings (booking_reference, guest_id, room_id, check_in_date, check_out_date, total_room_price_ngn, total_amount_ngn, status, payment_status, amount_paid_ngn) VALUES ('booking_2765_674f46a', '668e6187-6cb6-421f-a656-0c8b332ed3c8', '8af12217-f3b3-4817-b214-c6f71266a63a', '2024-12-20', '2024-12-22', 40000, 40000, 'confirmed', 'paid', 40000) ON CONFLICT (booking_reference) DO NOTHING;
INSERT INTO bookings (booking_reference, guest_id, room_id, check_in_date, check_out_date, total_room_price_ngn, total_amount_ngn, status, payment_status, amount_paid_ngn) VALUES ('booking_2772_674f78f', 'c0b77a71-51bc-4ffe-84be-2f10f3b677a7', 'ca946c9a-b147-488c-8ea8-84a3e1d87cfb', '2024-12-03', '2024-12-04', 80000, 80000, 'confirmed', 'paid', 80000) ON CONFLICT (booking_reference) DO NOTHING;
INSERT INTO bookings (booking_reference, guest_id, room_id, check_in_date, check_out_date, total_room_price_ngn, total_amount_ngn, status, payment_status, amount_paid_ngn) VALUES ('booking_2777_67502ec', 'bb9b23df-e8f3-49db-a5c6-9feb89905474', '8af12217-f3b3-4817-b214-c6f71266a63a', '2024-12-05', '2024-12-07', 50000, 50000, 'confirmed', 'paid', 50000) ON CONFLICT (booking_reference) DO NOTHING;
INSERT INTO bookings (booking_reference, guest_id, room_id, check_in_date, check_out_date, total_room_price_ngn, total_amount_ngn, status, payment_status, amount_paid_ngn) VALUES ('booking_2779_67507ae', '1a3c751d-b064-4da0-883f-2adb4a59f247', '8af12217-f3b3-4817-b214-c6f71266a63a', '2024-12-04', '2024-12-05', 25000, 25000, 'confirmed', 'paid', 25000) ON CONFLICT (booking_reference) DO NOTHING;
INSERT INTO bookings (booking_reference, guest_id, room_id, check_in_date, check_out_date, total_room_price_ngn, total_amount_ngn, status, payment_status, amount_paid_ngn) VALUES ('booking_2787_6750a62', 'c0d1f643-9554-454c-b1ce-73e3e1b95471', 'c6fc6bd0-55ba-41a5-b20d-fdcde85a63d8', '2024-12-10', '2024-12-11', 110000, 110000, 'confirmed', 'paid', 110000) ON CONFLICT (booking_reference) DO NOTHING;
INSERT INTO bookings (booking_reference, guest_id, room_id, check_in_date, check_out_date, total_room_price_ngn, total_amount_ngn, status, payment_status, amount_paid_ngn) VALUES ('booking_2789_6750a69', '07970af9-4b24-424b-8af1-4bad6f1b0463', '8af12217-f3b3-4817-b214-c6f71266a63a', '2024-12-10', '2024-12-11', 20000, 20000, 'confirmed', 'paid', 20000) ON CONFLICT (booking_reference) DO NOTHING;
INSERT INTO bookings (booking_reference, guest_id, room_id, check_in_date, check_out_date, total_room_price_ngn, total_amount_ngn, status, payment_status, amount_paid_ngn) VALUES ('booking_2794_6751697', 'af0e4ae0-45cd-48d3-9cda-59e4b1230dec', '99c72914-78a5-49c2-bbf2-31f44cad3419', '2024-12-07', '2024-12-08', 110000, 110000, 'confirmed', 'paid', 110000) ON CONFLICT (booking_reference) DO NOTHING;
INSERT INTO bookings (booking_reference, guest_id, room_id, check_in_date, check_out_date, total_room_price_ngn, total_amount_ngn, status, payment_status, amount_paid_ngn) VALUES ('booking_2798_6751b41', 'bfee5421-1b43-4ae1-b17c-c0c6ab6eaf98', '99c72914-78a5-49c2-bbf2-31f44cad3419', '2024-12-08', '2024-12-12', 360000, 360000, 'confirmed', 'paid', 360000) ON CONFLICT (booking_reference) DO NOTHING;
INSERT INTO bookings (booking_reference, guest_id, room_id, check_in_date, check_out_date, total_room_price_ngn, total_amount_ngn, status, payment_status, amount_paid_ngn) VALUES ('booking_2802_6752f1c', 'a14dd563-0baf-413b-a71e-03bc9b683f15', '8af12217-f3b3-4817-b214-c6f71266a63a', '2024-12-06', '2024-12-07', 20000, 20000, 'confirmed', 'paid', 20000) ON CONFLICT (booking_reference) DO NOTHING;
INSERT INTO bookings (booking_reference, guest_id, room_id, check_in_date, check_out_date, total_room_price_ngn, total_amount_ngn, status, payment_status, amount_paid_ngn) VALUES ('booking_2807_6753222', '4f3a75c2-d22c-4e9c-99af-7a0339bead86', '8af12217-f3b3-4817-b214-c6f71266a63a', '2024-12-06', '2024-12-08', 40000, 40000, 'confirmed', 'paid', 40000) ON CONFLICT (booking_reference) DO NOTHING;
INSERT INTO bookings (booking_reference, guest_id, room_id, check_in_date, check_out_date, total_room_price_ngn, total_amount_ngn, status, payment_status, amount_paid_ngn) VALUES ('booking_2810_67533b1', '581f3eea-f53d-4404-a77b-eb56c5a04a18', '99c72914-78a5-49c2-bbf2-31f44cad3419', '2024-12-06', '2024-12-07', 90000, 90000, 'confirmed', 'paid', 90000) ON CONFLICT (booking_reference) DO NOTHING;
INSERT INTO bookings (booking_reference, guest_id, room_id, check_in_date, check_out_date, total_room_price_ngn, total_amount_ngn, status, payment_status, amount_paid_ngn) VALUES ('booking_2813_675359d', 'e3f58513-17ac-4b0a-a71b-dc151ad22fc3', '8af12217-f3b3-4817-b214-c6f71266a63a', '2024-12-08', '2024-12-09', 25000, 25000, 'confirmed', 'paid', 25000) ON CONFLICT (booking_reference) DO NOTHING;
INSERT INTO bookings (booking_reference, guest_id, room_id, check_in_date, check_out_date, total_room_price_ngn, total_amount_ngn, status, payment_status, amount_paid_ngn) VALUES ('booking_2817_6754039', '46796107-63e3-4e5b-a549-641df2fe4394', '8af12217-f3b3-4817-b214-c6f71266a63a', '2024-12-07', '2024-12-13', 120000, 120000, 'confirmed', 'paid', 120000) ON CONFLICT (booking_reference) DO NOTHING;
INSERT INTO bookings (booking_reference, guest_id, room_id, check_in_date, check_out_date, total_room_price_ngn, total_amount_ngn, status, payment_status, amount_paid_ngn) VALUES ('booking_2823_6755fa4', 'f2426502-e559-494d-8ed4-14c0345433f1', 'f78d9fae-b8d0-4006-a221-8b2bafaf1724', '2024-12-09', '2024-12-11', 160000, 160000, 'confirmed', 'paid', 160000) ON CONFLICT (booking_reference) DO NOTHING;
INSERT INTO bookings (booking_reference, guest_id, room_id, check_in_date, check_out_date, total_room_price_ngn, total_amount_ngn, status, payment_status, amount_paid_ngn) VALUES ('booking_2828_6756b4d', '9a26fb73-41ae-45dd-8203-042ac0ae5681', '99c72914-78a5-49c2-bbf2-31f44cad3419', '2024-12-20', '2024-12-23', 330000, 330000, 'confirmed', 'paid', 330000) ON CONFLICT (booking_reference) DO NOTHING;
INSERT INTO bookings (booking_reference, guest_id, room_id, check_in_date, check_out_date, total_room_price_ngn, total_amount_ngn, status, payment_status, amount_paid_ngn) VALUES ('booking_2836_6756ec1', '6e7dfa89-cc56-4b64-aaab-c4bef83a3f4b', '8af12217-f3b3-4817-b214-c6f71266a63a', '2024-12-10', '2024-12-11', 25000, 25000, 'confirmed', 'paid', 25000) ON CONFLICT (booking_reference) DO NOTHING;
INSERT INTO bookings (booking_reference, guest_id, room_id, check_in_date, check_out_date, total_room_price_ngn, total_amount_ngn, status, payment_status, amount_paid_ngn) VALUES ('booking_2839_675702c', 'eb344f29-fb3c-4d8c-934a-c598738d3a5d', 'c6fc6bd0-55ba-41a5-b20d-fdcde85a63d8', '2024-12-11', '2024-12-12', 130000, 130000, 'confirmed', 'paid', 130000) ON CONFLICT (booking_reference) DO NOTHING;
INSERT INTO bookings (booking_reference, guest_id, room_id, check_in_date, check_out_date, total_room_price_ngn, total_amount_ngn, status, payment_status, amount_paid_ngn) VALUES ('booking_2843_6757364', '98c87545-e0f3-497f-9c44-230734ec499a', 'f78d9fae-b8d0-4006-a221-8b2bafaf1724', '2024-12-15', '2024-12-16', 110000, 110000, 'confirmed', 'paid', 110000) ON CONFLICT (booking_reference) DO NOTHING;
INSERT INTO bookings (booking_reference, guest_id, room_id, check_in_date, check_out_date, total_room_price_ngn, total_amount_ngn, status, payment_status, amount_paid_ngn) VALUES ('booking_2846_6757424', '4d7c4232-4d1a-4dfb-a3fd-8f38ebaee5dd', '8af12217-f3b3-4817-b214-c6f71266a63a', '2024-12-09', '2024-12-10', 25000, 25000, 'confirmed', 'paid', 25000) ON CONFLICT (booking_reference) DO NOTHING;
INSERT INTO bookings (booking_reference, guest_id, room_id, check_in_date, check_out_date, total_room_price_ngn, total_amount_ngn, status, payment_status, amount_paid_ngn) VALUES ('booking_2849_6757f47', '11a96183-1336-491a-be11-6339adcbbe46', 'ca946c9a-b147-488c-8ea8-84a3e1d87cfb', '2024-12-10', '2024-12-13', 330000, 330000, 'confirmed', 'paid', 330000) ON CONFLICT (booking_reference) DO NOTHING;
INSERT INTO bookings (booking_reference, guest_id, room_id, check_in_date, check_out_date, total_room_price_ngn, total_amount_ngn, status, payment_status, amount_paid_ngn) VALUES ('booking_2856_67587fe', 'b4db3ce7-8353-4b5e-a43e-737445185aa2', '8af12217-f3b3-4817-b214-c6f71266a63a', '2024-12-11', '2024-12-13', 30000, 30000, 'confirmed', 'paid', 30000) ON CONFLICT (booking_reference) DO NOTHING;
INSERT INTO bookings (booking_reference, guest_id, room_id, check_in_date, check_out_date, total_room_price_ngn, total_amount_ngn, status, payment_status, amount_paid_ngn) VALUES ('booking_2864_67597ae', '399b205c-a642-4d78-988a-a9f969a60757', '8af12217-f3b3-4817-b214-c6f71266a63a', '2024-12-15', '2025-02-17', 960000, 960000, 'confirmed', 'paid', 960000) ON CONFLICT (booking_reference) DO NOTHING;
INSERT INTO bookings (booking_reference, guest_id, room_id, check_in_date, check_out_date, total_room_price_ngn, total_amount_ngn, status, payment_status, amount_paid_ngn) VALUES ('booking_2872_675c588', '6bab5842-0c2d-4951-a092-fe2f5bdc9bf2', '99c72914-78a5-49c2-bbf2-31f44cad3419', '2024-12-18', '2024-12-19', 85000, 85000, 'confirmed', 'paid', 85000) ON CONFLICT (booking_reference) DO NOTHING;
INSERT INTO bookings (booking_reference, guest_id, room_id, check_in_date, check_out_date, total_room_price_ngn, total_amount_ngn, status, payment_status, amount_paid_ngn) VALUES ('booking_2875_675d850', 'e32d7b30-45b1-4dc0-bb45-b3e4222d358f', 'c6fc6bd0-55ba-41a5-b20d-fdcde85a63d8', '2024-12-15', '2024-12-16', 110000, 110000, 'confirmed', 'paid', 110000) ON CONFLICT (booking_reference) DO NOTHING;
INSERT INTO bookings (booking_reference, guest_id, room_id, check_in_date, check_out_date, total_room_price_ngn, total_amount_ngn, status, payment_status, amount_paid_ngn) VALUES ('booking_2882_675dd09', 'e9f655e1-36fd-4267-974e-cafaef47c6a2', '8af12217-f3b3-4817-b214-c6f71266a63a', '2024-12-15', '2024-12-16', 20000, 20000, 'confirmed', 'paid', 20000) ON CONFLICT (booking_reference) DO NOTHING;
INSERT INTO bookings (booking_reference, guest_id, room_id, check_in_date, check_out_date, total_room_price_ngn, total_amount_ngn, status, payment_status, amount_paid_ngn) VALUES ('booking_2886_675dd60', '827c8ec8-1599-4de3-85e5-c3b0807abc40', 'f78d9fae-b8d0-4006-a221-8b2bafaf1724', '2024-12-18', '2024-12-21', 300000, 300000, 'confirmed', 'paid', 300000) ON CONFLICT (booking_reference) DO NOTHING;
INSERT INTO bookings (booking_reference, guest_id, room_id, check_in_date, check_out_date, total_room_price_ngn, total_amount_ngn, status, payment_status, amount_paid_ngn) VALUES ('booking_2893_675e0c8', '433668b7-c5ee-46aa-a167-8afa37e08b1d', '99c72914-78a5-49c2-bbf2-31f44cad3419', '2024-12-15', '2024-12-16', 90000, 90000, 'confirmed', 'paid', 90000) ON CONFLICT (booking_reference) DO NOTHING;
INSERT INTO bookings (booking_reference, guest_id, room_id, check_in_date, check_out_date, total_room_price_ngn, total_amount_ngn, status, payment_status, amount_paid_ngn) VALUES ('booking_2896_675ec64', 'e648958d-b9fb-4a2b-93a6-55bd481c4a3a', 'cad2bc4d-5eaa-429b-b9f1-faedd37fdc35', '2024-12-15', '2024-12-17', 300000, 300000, 'confirmed', 'paid', 300000) ON CONFLICT (booking_reference) DO NOTHING;
INSERT INTO bookings (booking_reference, guest_id, room_id, check_in_date, check_out_date, total_room_price_ngn, total_amount_ngn, status, payment_status, amount_paid_ngn) VALUES ('booking_2902_675ee50', 'c54dc255-637c-46cf-a673-93619aa32dd7', '8af12217-f3b3-4817-b214-c6f71266a63a', '2024-12-15', '2024-12-17', 50000, 50000, 'confirmed', 'paid', 50000) ON CONFLICT (booking_reference) DO NOTHING;
INSERT INTO bookings (booking_reference, guest_id, room_id, check_in_date, check_out_date, total_room_price_ngn, total_amount_ngn, status, payment_status, amount_paid_ngn) VALUES ('booking_2906_675f5ac', '62289790-5c0f-4f7f-8688-c3a6c8d86c64', 'ca946c9a-b147-488c-8ea8-84a3e1d87cfb', '2024-12-16', '2024-12-19', 330000, 330000, 'confirmed', 'paid', 330000) ON CONFLICT (booking_reference) DO NOTHING;
INSERT INTO bookings (booking_reference, guest_id, room_id, check_in_date, check_out_date, total_room_price_ngn, total_amount_ngn, status, payment_status, amount_paid_ngn) VALUES ('booking_2913_676033e', '5d4147ea-46c5-4e3c-aac1-2b6ac85e4a29', 'f78d9fae-b8d0-4006-a221-8b2bafaf1724', '2024-12-16', '2024-12-18', 400000, 400000, 'confirmed', 'paid', 400000) ON CONFLICT (booking_reference) DO NOTHING;
INSERT INTO bookings (booking_reference, guest_id, room_id, check_in_date, check_out_date, total_room_price_ngn, total_amount_ngn, status, payment_status, amount_paid_ngn) VALUES ('booking_2915_6760801', '7bff287a-eb6c-44f6-94c6-ee0505dbe839', '8af12217-f3b3-4817-b214-c6f71266a63a', '2024-12-16', '2024-12-28', 180000, 180000, 'confirmed', 'paid', 180000) ON CONFLICT (booking_reference) DO NOTHING;
INSERT INTO bookings (booking_reference, guest_id, room_id, check_in_date, check_out_date, total_room_price_ngn, total_amount_ngn, status, payment_status, amount_paid_ngn) VALUES ('booking_2917_6760807', '2a24f6ed-987e-4fb0-87e7-53093731690d', '8af12217-f3b3-4817-b214-c6f71266a63a', '2024-12-16', '2024-12-20', 100000, 100000, 'confirmed', 'paid', 100000) ON CONFLICT (booking_reference) DO NOTHING;
INSERT INTO bookings (booking_reference, guest_id, room_id, check_in_date, check_out_date, total_room_price_ngn, total_amount_ngn, status, payment_status, amount_paid_ngn) VALUES ('booking_2926_676271b', '0a60f2e3-81f8-4b0c-a453-26d45481d310', '8af12217-f3b3-4817-b214-c6f71266a63a', '2024-12-19', '2024-12-20', 25000, 25000, 'confirmed', 'paid', 25000) ON CONFLICT (booking_reference) DO NOTHING;
INSERT INTO bookings (booking_reference, guest_id, room_id, check_in_date, check_out_date, total_room_price_ngn, total_amount_ngn, status, payment_status, amount_paid_ngn) VALUES ('booking_2932_67630ef', '5da116db-788a-4dd8-8f57-3260906824ff', '5dff3a3e-9830-4575-ad57-4a6beb0314b7', '2024-12-20', '2024-12-21', 90000, 90000, 'confirmed', 'paid', 90000) ON CONFLICT (booking_reference) DO NOTHING;
INSERT INTO bookings (booking_reference, guest_id, room_id, check_in_date, check_out_date, total_room_price_ngn, total_amount_ngn, status, payment_status, amount_paid_ngn) VALUES ('booking_2939_6764177', 'eccfdd23-de0f-4d21-8f71-d788601f20cb', '99c72914-78a5-49c2-bbf2-31f44cad3419', '2024-12-19', '2024-12-20', 80000, 80000, 'confirmed', 'paid', 80000) ON CONFLICT (booking_reference) DO NOTHING;
INSERT INTO bookings (booking_reference, guest_id, room_id, check_in_date, check_out_date, total_room_price_ngn, total_amount_ngn, status, payment_status, amount_paid_ngn) VALUES ('booking_2941_676431c', 'f1aa12d6-a423-4c92-8d99-8425f4644e1c', 'f78d9fae-b8d0-4006-a221-8b2bafaf1724', '2024-12-25', '2024-12-29', 440000, 440000, 'confirmed', 'paid', 440000) ON CONFLICT (booking_reference) DO NOTHING;
INSERT INTO bookings (booking_reference, guest_id, room_id, check_in_date, check_out_date, total_room_price_ngn, total_amount_ngn, status, payment_status, amount_paid_ngn) VALUES ('booking_2945_67643ab', '1ca6c6ad-eda2-4bda-9d5d-3dfa744d861c', 'cad2bc4d-5eaa-429b-b9f1-faedd37fdc35', '2024-12-20', '2024-12-23', 360000, 360000, 'confirmed', 'paid', 360000) ON CONFLICT (booking_reference) DO NOTHING;
INSERT INTO bookings (booking_reference, guest_id, room_id, check_in_date, check_out_date, total_room_price_ngn, total_amount_ngn, status, payment_status, amount_paid_ngn) VALUES ('booking_2948_6764652', '95598c0e-ac0e-4c7f-86e4-16ababd33fa6', 'f78d9fae-b8d0-4006-a221-8b2bafaf1724', '2024-12-19', '2024-12-20', 90000, 90000, 'confirmed', 'paid', 90000) ON CONFLICT (booking_reference) DO NOTHING;
INSERT INTO bookings (booking_reference, guest_id, room_id, check_in_date, check_out_date, total_room_price_ngn, total_amount_ngn, status, payment_status, amount_paid_ngn) VALUES ('booking_2952_676473c', '5ad605e9-a405-4ce7-8ac6-3e0d40e42881', '8af12217-f3b3-4817-b214-c6f71266a63a', '2024-12-20', '2024-12-23', 60000, 60000, 'confirmed', 'paid', 60000) ON CONFLICT (booking_reference) DO NOTHING;
INSERT INTO bookings (booking_reference, guest_id, room_id, check_in_date, check_out_date, total_room_price_ngn, total_amount_ngn, status, payment_status, amount_paid_ngn) VALUES ('booking_2955_67649b1', '850fc6e2-ed54-4413-a504-c62cc6edc566', 'ca946c9a-b147-488c-8ea8-84a3e1d87cfb', '2024-12-20', '2024-12-21', 90000, 90000, 'confirmed', 'paid', 90000) ON CONFLICT (booking_reference) DO NOTHING;
INSERT INTO bookings (booking_reference, guest_id, room_id, check_in_date, check_out_date, total_room_price_ngn, total_amount_ngn, status, payment_status, amount_paid_ngn) VALUES ('booking_2958_6765098', '20579bb3-931f-4282-9db3-28cd63a5ab50', 'f78d9fae-b8d0-4006-a221-8b2bafaf1724', '2024-12-20', '2024-12-21', 110000, 110000, 'confirmed', 'paid', 110000) ON CONFLICT (booking_reference) DO NOTHING;
INSERT INTO bookings (booking_reference, guest_id, room_id, check_in_date, check_out_date, total_room_price_ngn, total_amount_ngn, status, payment_status, amount_paid_ngn) VALUES ('booking_2961_67669e0', '40530bc3-7f6d-4e4d-acd4-35f5875324a0', '5dff3a3e-9830-4575-ad57-4a6beb0314b7', '2024-12-21', '2024-12-22', 90000, 90000, 'confirmed', 'paid', 90000) ON CONFLICT (booking_reference) DO NOTHING;
INSERT INTO bookings (booking_reference, guest_id, room_id, check_in_date, check_out_date, total_room_price_ngn, total_amount_ngn, status, payment_status, amount_paid_ngn) VALUES ('booking_2966_6767f10', '5ff39899-9d5b-4b76-a33b-ded97d600519', 'f78d9fae-b8d0-4006-a221-8b2bafaf1724', '2024-12-22', '2024-12-23', 0, 0, 'confirmed', 'paid', 0) ON CONFLICT (booking_reference) DO NOTHING;
INSERT INTO bookings (booking_reference, guest_id, room_id, check_in_date, check_out_date, total_room_price_ngn, total_amount_ngn, status, payment_status, amount_paid_ngn) VALUES ('booking_2969_676817a', 'ec3da837-a81a-41bd-8f87-300b5e1b6501', 'ca946c9a-b147-488c-8ea8-84a3e1d87cfb', '2024-12-24', '2024-12-26', 180000, 180000, 'confirmed', 'paid', 180000) ON CONFLICT (booking_reference) DO NOTHING;
INSERT INTO bookings (booking_reference, guest_id, room_id, check_in_date, check_out_date, total_room_price_ngn, total_amount_ngn, status, payment_status, amount_paid_ngn) VALUES ('booking_2973_67684fa', 'b9087a76-0b13-4a38-b041-3d309bf8b7ad', 'ca946c9a-b147-488c-8ea8-84a3e1d87cfb', '2024-12-22', '2024-12-23', 90000, 90000, 'confirmed', 'paid', 90000) ON CONFLICT (booking_reference) DO NOTHING;
INSERT INTO bookings (booking_reference, guest_id, room_id, check_in_date, check_out_date, total_room_price_ngn, total_amount_ngn, status, payment_status, amount_paid_ngn) VALUES ('booking_2976_67692ed', '0e13b9aa-9972-4210-9f11-fb948ae94a31', 'c6fc6bd0-55ba-41a5-b20d-fdcde85a63d8', '2024-12-23', '2024-12-24', 90000, 90000, 'confirmed', 'paid', 90000) ON CONFLICT (booking_reference) DO NOTHING;
INSERT INTO bookings (booking_reference, guest_id, room_id, check_in_date, check_out_date, total_room_price_ngn, total_amount_ngn, status, payment_status, amount_paid_ngn) VALUES ('booking_2982_67696e0', '90872356-69e6-4d5e-ae34-3af5c037dc07', '99c72914-78a5-49c2-bbf2-31f44cad3419', '2024-12-25', '2024-12-30', 550000, 550000, 'confirmed', 'paid', 550000) ON CONFLICT (booking_reference) DO NOTHING;
INSERT INTO bookings (booking_reference, guest_id, room_id, check_in_date, check_out_date, total_room_price_ngn, total_amount_ngn, status, payment_status, amount_paid_ngn) VALUES ('booking_2985_6769d60', '627eb92d-7574-4281-947c-99297093384b', 'c6fc6bd0-55ba-41a5-b20d-fdcde85a63d8', '2024-12-26', '2025-01-03', 880000, 880000, 'confirmed', 'paid', 880000) ON CONFLICT (booking_reference) DO NOTHING;
INSERT INTO bookings (booking_reference, guest_id, room_id, check_in_date, check_out_date, total_room_price_ngn, total_amount_ngn, status, payment_status, amount_paid_ngn) VALUES ('booking_2988_676a4f7', 'fe6f23b6-345c-460f-9dac-3cd5625b581b', 'c6fc6bd0-55ba-41a5-b20d-fdcde85a63d8', '2024-12-24', '2024-12-26', 180000, 180000, 'confirmed', 'paid', 180000) ON CONFLICT (booking_reference) DO NOTHING;
INSERT INTO bookings (booking_reference, guest_id, room_id, check_in_date, check_out_date, total_room_price_ngn, total_amount_ngn, status, payment_status, amount_paid_ngn) VALUES ('booking_2994_676a6df', '3222aae6-f153-4c29-8695-372931a3597e', 'ca946c9a-b147-488c-8ea8-84a3e1d87cfb', '2024-12-27', '2024-12-28', 90000, 90000, 'confirmed', 'paid', 90000) ON CONFLICT (booking_reference) DO NOTHING;
INSERT INTO bookings (booking_reference, guest_id, room_id, check_in_date, check_out_date, total_room_price_ngn, total_amount_ngn, status, payment_status, amount_paid_ngn) VALUES ('booking_2997_676aae5', '627cbdeb-5501-42dd-b6bf-05122522c350', 'cad2bc4d-5eaa-429b-b9f1-faedd37fdc35', '2024-12-24', '2025-01-02', 1080000, 1080000, 'confirmed', 'paid', 1080000) ON CONFLICT (booking_reference) DO NOTHING;
INSERT INTO bookings (booking_reference, guest_id, room_id, check_in_date, check_out_date, total_room_price_ngn, total_amount_ngn, status, payment_status, amount_paid_ngn) VALUES ('booking_3000_676abd9', '1b37d5a0-118c-4422-8f4b-983047bd6c8c', 'ca946c9a-b147-488c-8ea8-84a3e1d87cfb', '2024-12-30', '2025-01-02', 240000, 240000, 'confirmed', 'paid', 240000) ON CONFLICT (booking_reference) DO NOTHING;
INSERT INTO bookings (booking_reference, guest_id, room_id, check_in_date, check_out_date, total_room_price_ngn, total_amount_ngn, status, payment_status, amount_paid_ngn) VALUES ('booking_3003_676ac52', '6c2550ab-84c3-4397-86cf-81a1a2289e7e', '8af12217-f3b3-4817-b214-c6f71266a63a', '2024-12-24', '2024-12-25', 25000, 25000, 'confirmed', 'paid', 25000) ON CONFLICT (booking_reference) DO NOTHING;
INSERT INTO bookings (booking_reference, guest_id, room_id, check_in_date, check_out_date, total_room_price_ngn, total_amount_ngn, status, payment_status, amount_paid_ngn) VALUES ('booking_3007_676b52f', 'd0ec3fad-926c-4dc9-8bf1-8100cdecfb1a', 'ca946c9a-b147-488c-8ea8-84a3e1d87cfb', '2024-12-26', '2024-12-27', 90000, 90000, 'confirmed', 'paid', 90000) ON CONFLICT (booking_reference) DO NOTHING;
INSERT INTO bookings (booking_reference, guest_id, room_id, check_in_date, check_out_date, total_room_price_ngn, total_amount_ngn, status, payment_status, amount_paid_ngn) VALUES ('booking_3018_676e706', '3f8df2d7-8bb9-4aef-96df-1ad8f38da336', 'ca946c9a-b147-488c-8ea8-84a3e1d87cfb', '2024-12-28', '2024-12-30', 180000, 180000, 'confirmed', 'paid', 180000) ON CONFLICT (booking_reference) DO NOTHING;
INSERT INTO bookings (booking_reference, guest_id, room_id, check_in_date, check_out_date, total_room_price_ngn, total_amount_ngn, status, payment_status, amount_paid_ngn) VALUES ('booking_3026_676ffcb', 'a8aea89e-3f29-4f5e-8310-1032a5d447e1', '8af12217-f3b3-4817-b214-c6f71266a63a', '2024-12-28', '2024-12-29', 25000, 25000, 'confirmed', 'paid', 25000) ON CONFLICT (booking_reference) DO NOTHING;
INSERT INTO bookings (booking_reference, guest_id, room_id, check_in_date, check_out_date, total_room_price_ngn, total_amount_ngn, status, payment_status, amount_paid_ngn) VALUES ('booking_3033_677136a', '84f51b38-e55e-4333-8adc-bc956f137166', '99c72914-78a5-49c2-bbf2-31f44cad3419', '2024-12-30', '2025-01-01', 210000, 210000, 'confirmed', 'paid', 210000) ON CONFLICT (booking_reference) DO NOTHING;
INSERT INTO bookings (booking_reference, guest_id, room_id, check_in_date, check_out_date, total_room_price_ngn, total_amount_ngn, status, payment_status, amount_paid_ngn) VALUES ('booking_3047_67723a6', '5d7c0e1d-f6be-49ac-9159-0e075866ce10', '99c72914-78a5-49c2-bbf2-31f44cad3419', '2025-01-01', '2025-01-02', 110000, 110000, 'confirmed', 'paid', 110000) ON CONFLICT (booking_reference) DO NOTHING;
INSERT INTO bookings (booking_reference, guest_id, room_id, check_in_date, check_out_date, total_room_price_ngn, total_amount_ngn, status, payment_status, amount_paid_ngn) VALUES ('booking_3049_67723b7', '36c55fdd-021b-4eba-9aaf-619e6d084528', '8af12217-f3b3-4817-b214-c6f71266a63a', '2025-01-01', '2025-01-02', 25000, 25000, 'confirmed', 'paid', 25000) ON CONFLICT (booking_reference) DO NOTHING;
INSERT INTO bookings (booking_reference, guest_id, room_id, check_in_date, check_out_date, total_room_price_ngn, total_amount_ngn, status, payment_status, amount_paid_ngn) VALUES ('booking_3052_67723fa', '80c394c8-93ca-412b-8727-093b8139bd59', 'ca946c9a-b147-488c-8ea8-84a3e1d87cfb', '2025-01-02', '2025-01-03', 110000, 110000, 'confirmed', 'paid', 110000) ON CONFLICT (booking_reference) DO NOTHING;
INSERT INTO bookings (booking_reference, guest_id, room_id, check_in_date, check_out_date, total_room_price_ngn, total_amount_ngn, status, payment_status, amount_paid_ngn) VALUES ('booking_3056_677244b', '6950c14d-0047-4157-90c8-866ebc7bbe5d', 'a64b9f4a-e434-40fe-8052-dadf544229b0', '2025-01-19', '2025-01-20', 50000, 50000, 'confirmed', 'paid', 50000) ON CONFLICT (booking_reference) DO NOTHING;
INSERT INTO bookings (booking_reference, guest_id, room_id, check_in_date, check_out_date, total_room_price_ngn, total_amount_ngn, status, payment_status, amount_paid_ngn) VALUES ('booking_3059_677246b', '6b516809-3ef3-44c7-807e-f33edd72a78c', 'ca946c9a-b147-488c-8ea8-84a3e1d87cfb', '2025-01-08', '2025-01-31', 2530000, 2530000, 'confirmed', 'paid', 2530000) ON CONFLICT (booking_reference) DO NOTHING;
INSERT INTO bookings (booking_reference, guest_id, room_id, check_in_date, check_out_date, total_room_price_ngn, total_amount_ngn, status, payment_status, amount_paid_ngn) VALUES ('booking_3063_67724b2', '0ca4339e-058e-4ed6-9d2f-19f294bc1f07', 'c6fc6bd0-55ba-41a5-b20d-fdcde85a63d8', '2025-01-18', '2025-01-28', 1000000, 1000000, 'confirmed', 'paid', 1000000) ON CONFLICT (booking_reference) DO NOTHING;
INSERT INTO bookings (booking_reference, guest_id, room_id, check_in_date, check_out_date, total_room_price_ngn, total_amount_ngn, status, payment_status, amount_paid_ngn) VALUES ('booking_3066_67724ca', 'b5e8c6e1-0633-420c-99a8-5f3f28af2827', 'cad2bc4d-5eaa-429b-b9f1-faedd37fdc35', '2025-01-21', '2025-01-29', 1296000, 1296000, 'confirmed', 'paid', 1296000) ON CONFLICT (booking_reference) DO NOTHING;
INSERT INTO bookings (booking_reference, guest_id, room_id, check_in_date, check_out_date, total_room_price_ngn, total_amount_ngn, status, payment_status, amount_paid_ngn) VALUES ('booking_3068_67724d6', 'cd99ff8a-3812-4c25-ac21-c405c42be8b9', '5dff3a3e-9830-4575-ad57-4a6beb0314b7', '2025-03-12', '2025-03-22', 800000, 800000, 'confirmed', 'paid', 800000) ON CONFLICT (booking_reference) DO NOTHING;
INSERT INTO bookings (booking_reference, guest_id, room_id, check_in_date, check_out_date, total_room_price_ngn, total_amount_ngn, status, payment_status, amount_paid_ngn) VALUES ('booking_3071_677250e', 'e54c0640-6a2c-4832-bf15-a0206bccd6b0', '8af12217-f3b3-4817-b214-c6f71266a63a', '2025-01-02', '2025-01-03', 25000, 25000, 'confirmed', 'paid', 25000) ON CONFLICT (booking_reference) DO NOTHING;
INSERT INTO bookings (booking_reference, guest_id, room_id, check_in_date, check_out_date, total_room_price_ngn, total_amount_ngn, status, payment_status, amount_paid_ngn) VALUES ('booking_3077_6775208', '350a9a61-344d-4a3f-83e2-91a67999c30d', 'c6fc6bd0-55ba-41a5-b20d-fdcde85a63d8', '2025-01-06', '2025-01-08', 220000, 220000, 'confirmed', 'paid', 220000) ON CONFLICT (booking_reference) DO NOTHING;
INSERT INTO bookings (booking_reference, guest_id, room_id, check_in_date, check_out_date, total_room_price_ngn, total_amount_ngn, status, payment_status, amount_paid_ngn) VALUES ('booking_3080_6775512', '7a0ce97b-5457-4d98-97c3-ea9bdd4868a6', '99c72914-78a5-49c2-bbf2-31f44cad3419', '2025-01-02', '2025-01-04', 220000, 220000, 'confirmed', 'paid', 220000) ON CONFLICT (booking_reference) DO NOTHING;
INSERT INTO bookings (booking_reference, guest_id, room_id, check_in_date, check_out_date, total_room_price_ngn, total_amount_ngn, status, payment_status, amount_paid_ngn) VALUES ('booking_3092_6776b60', 'be381ba4-7c00-4f7a-a6ef-b9fc38a6ac35', '8af12217-f3b3-4817-b214-c6f71266a63a', '2025-01-02', '2025-01-03', 50000, 50000, 'confirmed', 'paid', 50000) ON CONFLICT (booking_reference) DO NOTHING;
INSERT INTO bookings (booking_reference, guest_id, room_id, check_in_date, check_out_date, total_room_price_ngn, total_amount_ngn, status, payment_status, amount_paid_ngn) VALUES ('booking_3097_6777bff', '4384f9cc-0354-4e1f-a193-8c6c2e82a179', '5dff3a3e-9830-4575-ad57-4a6beb0314b7', '2025-01-04', '2025-01-08', 360000, 360000, 'confirmed', 'paid', 360000) ON CONFLICT (booking_reference) DO NOTHING;
INSERT INTO bookings (booking_reference, guest_id, room_id, check_in_date, check_out_date, total_room_price_ngn, total_amount_ngn, status, payment_status, amount_paid_ngn) VALUES ('booking_3100_6777e24', 'bafc4e16-1ad6-4abd-9f0c-75536f30fd83', 'cad2bc4d-5eaa-429b-b9f1-faedd37fdc35', '2025-01-03', '2025-01-04', 120000, 120000, 'confirmed', 'paid', 120000) ON CONFLICT (booking_reference) DO NOTHING;
INSERT INTO bookings (booking_reference, guest_id, room_id, check_in_date, check_out_date, total_room_price_ngn, total_amount_ngn, status, payment_status, amount_paid_ngn) VALUES ('booking_3111_6779057', '09b1edea-0a91-4c4f-bfad-d6c23af392ba', 'ca946c9a-b147-488c-8ea8-84a3e1d87cfb', '2025-01-05', '2025-01-08', 255000, 255000, 'confirmed', 'paid', 255000) ON CONFLICT (booking_reference) DO NOTHING;
INSERT INTO bookings (booking_reference, guest_id, room_id, check_in_date, check_out_date, total_room_price_ngn, total_amount_ngn, status, payment_status, amount_paid_ngn) VALUES ('booking_3118_677ae53', '351d9b40-08fc-46ef-b029-da1062a76029', 'c6fc6bd0-55ba-41a5-b20d-fdcde85a63d8', '2025-01-10', '2025-01-11', 135000, 135000, 'confirmed', 'paid', 135000) ON CONFLICT (booking_reference) DO NOTHING;
INSERT INTO bookings (booking_reference, guest_id, room_id, check_in_date, check_out_date, total_room_price_ngn, total_amount_ngn, status, payment_status, amount_paid_ngn) VALUES ('booking_3126_677bf02', 'ed40af09-ec34-4459-8609-4100da51a1c4', 'cad2bc4d-5eaa-429b-b9f1-faedd37fdc35', '2025-01-19', '2025-01-20', 140000, 140000, 'confirmed', 'paid', 140000) ON CONFLICT (booking_reference) DO NOTHING;
INSERT INTO bookings (booking_reference, guest_id, room_id, check_in_date, check_out_date, total_room_price_ngn, total_amount_ngn, status, payment_status, amount_paid_ngn) VALUES ('booking_3129_677c053', 'd72746f9-dd6d-4415-bea7-79e0764e39e3', '8af12217-f3b3-4817-b214-c6f71266a63a', '2025-01-06', '2025-01-15', 180000, 180000, 'confirmed', 'paid', 180000) ON CONFLICT (booking_reference) DO NOTHING;
INSERT INTO bookings (booking_reference, guest_id, room_id, check_in_date, check_out_date, total_room_price_ngn, total_amount_ngn, status, payment_status, amount_paid_ngn) VALUES ('booking_3133_677c279', 'd36348cf-f489-4230-a96e-d530f93ec46b', 'cad2bc4d-5eaa-429b-b9f1-faedd37fdc35', '2025-01-06', '2025-01-08', 180000, 180000, 'confirmed', 'paid', 180000) ON CONFLICT (booking_reference) DO NOTHING;
INSERT INTO bookings (booking_reference, guest_id, room_id, check_in_date, check_out_date, total_room_price_ngn, total_amount_ngn, status, payment_status, amount_paid_ngn) VALUES ('booking_3139_677d3b1', '0bc7ebba-5360-43d1-9d8a-09c3dd83e678', '5dff3a3e-9830-4575-ad57-4a6beb0314b7', '2025-01-10', '2025-01-12', 180000, 180000, 'confirmed', 'paid', 180000) ON CONFLICT (booking_reference) DO NOTHING;
INSERT INTO bookings (booking_reference, guest_id, room_id, check_in_date, check_out_date, total_room_price_ngn, total_amount_ngn, status, payment_status, amount_paid_ngn) VALUES ('booking_3145_677e50d', '78d6c800-af31-4e1c-92b6-dce423b2e8fc', '99c72914-78a5-49c2-bbf2-31f44cad3419', '2025-01-10', '2025-01-12', 210000, 210000, 'confirmed', 'paid', 210000) ON CONFLICT (booking_reference) DO NOTHING;
INSERT INTO bookings (booking_reference, guest_id, room_id, check_in_date, check_out_date, total_room_price_ngn, total_amount_ngn, status, payment_status, amount_paid_ngn) VALUES ('booking_3147_677e513', '8094c8b8-53b0-4d0b-8494-0efd69e44860', '8af12217-f3b3-4817-b214-c6f71266a63a', '2025-01-10', '2025-01-12', 40000, 40000, 'confirmed', 'paid', 40000) ON CONFLICT (booking_reference) DO NOTHING;
INSERT INTO bookings (booking_reference, guest_id, room_id, check_in_date, check_out_date, total_room_price_ngn, total_amount_ngn, status, payment_status, amount_paid_ngn) VALUES ('booking_3150_677e83b', '2339a394-6323-4ec5-a888-db052f2775a9', '8af12217-f3b3-4817-b214-c6f71266a63a', '2025-01-08', '2025-01-09', 15000, 15000, 'confirmed', 'paid', 15000) ON CONFLICT (booking_reference) DO NOTHING;
INSERT INTO bookings (booking_reference, guest_id, room_id, check_in_date, check_out_date, total_room_price_ngn, total_amount_ngn, status, payment_status, amount_paid_ngn) VALUES ('booking_3156_677ed90', '51ebf0fa-c8ab-4423-80dc-cde670574348', 'c6fc6bd0-55ba-41a5-b20d-fdcde85a63d8', '2025-01-08', '2025-01-10', 170000, 170000, 'confirmed', 'paid', 170000) ON CONFLICT (booking_reference) DO NOTHING;
INSERT INTO bookings (booking_reference, guest_id, room_id, check_in_date, check_out_date, total_room_price_ngn, total_amount_ngn, status, payment_status, amount_paid_ngn) VALUES ('booking_3158_677eded', '7edb06aa-f710-4134-85b0-c3ee82289904', '8af12217-f3b3-4817-b214-c6f71266a63a', '2025-01-08', '2025-01-10', 40000, 40000, 'confirmed', 'paid', 40000) ON CONFLICT (booking_reference) DO NOTHING;
INSERT INTO bookings (booking_reference, guest_id, room_id, check_in_date, check_out_date, total_room_price_ngn, total_amount_ngn, status, payment_status, amount_paid_ngn) VALUES ('booking_3160_677eeee', '6e25cd41-702e-4dbe-9501-0ee63496989d', '99c72914-78a5-49c2-bbf2-31f44cad3419', '2025-01-08', '2025-01-09', 90000, 90000, 'confirmed', 'paid', 90000) ON CONFLICT (booking_reference) DO NOTHING;
INSERT INTO bookings (booking_reference, guest_id, room_id, check_in_date, check_out_date, total_room_price_ngn, total_amount_ngn, status, payment_status, amount_paid_ngn) VALUES ('booking_3163_677fcdb', '62785cb5-83cc-4f47-986e-c1f20e0b1772', 'a64b9f4a-e434-40fe-8052-dadf544229b0', '2025-02-13', '2025-02-14', 50000, 50000, 'confirmed', 'paid', 50000) ON CONFLICT (booking_reference) DO NOTHING;
INSERT INTO bookings (booking_reference, guest_id, room_id, check_in_date, check_out_date, total_room_price_ngn, total_amount_ngn, status, payment_status, amount_paid_ngn) VALUES ('booking_3166_678007f', '575fd954-9377-4f4e-a902-53fe23cb452c', 'cad2bc4d-5eaa-429b-b9f1-faedd37fdc35', '2025-01-09', '2025-01-12', 240000, 240000, 'confirmed', 'paid', 240000) ON CONFLICT (booking_reference) DO NOTHING;
INSERT INTO bookings (booking_reference, guest_id, room_id, check_in_date, check_out_date, total_room_price_ngn, total_amount_ngn, status, payment_status, amount_paid_ngn) VALUES ('booking_3171_6780211', 'd9301955-2b7f-4c85-be14-30ade9a0c11e', '8af12217-f3b3-4817-b214-c6f71266a63a', '2025-01-09', '2025-01-10', 25000, 25000, 'confirmed', 'paid', 25000) ON CONFLICT (booking_reference) DO NOTHING;
INSERT INTO bookings (booking_reference, guest_id, room_id, check_in_date, check_out_date, total_room_price_ngn, total_amount_ngn, status, payment_status, amount_paid_ngn) VALUES ('booking_3184_6782b5b', 'b74218ba-e052-4f00-8aaf-04e8a291e1c7', '99c72914-78a5-49c2-bbf2-31f44cad3419', '2025-01-15', '2025-01-23', 767120, 767120, 'confirmed', 'paid', 767120) ON CONFLICT (booking_reference) DO NOTHING;
INSERT INTO bookings (booking_reference, guest_id, room_id, check_in_date, check_out_date, total_room_price_ngn, total_amount_ngn, status, payment_status, amount_paid_ngn) VALUES ('booking_3188_6782c1a', '358b8e3b-a45f-4cfd-b2e3-dd336554d1fa', 'c6fc6bd0-55ba-41a5-b20d-fdcde85a63d8', '2025-01-11', '2025-01-12', 90000, 90000, 'confirmed', 'paid', 90000) ON CONFLICT (booking_reference) DO NOTHING;
INSERT INTO bookings (booking_reference, guest_id, room_id, check_in_date, check_out_date, total_room_price_ngn, total_amount_ngn, status, payment_status, amount_paid_ngn) VALUES ('booking_3195_6783992', '38ba3660-a6d8-4403-bbf1-9a8c959aee32', '99c72914-78a5-49c2-bbf2-31f44cad3419', '2025-01-12', '2025-01-13', 85000, 85000, 'confirmed', 'paid', 85000) ON CONFLICT (booking_reference) DO NOTHING;
INSERT INTO bookings (booking_reference, guest_id, room_id, check_in_date, check_out_date, total_room_price_ngn, total_amount_ngn, status, payment_status, amount_paid_ngn) VALUES ('booking_3200_6783c2a', '83cf985f-9996-4a76-a1b6-29d44e8555bb', 'c6fc6bd0-55ba-41a5-b20d-fdcde85a63d8', '2025-01-12', '2025-01-14', 220000, 220000, 'confirmed', 'paid', 220000) ON CONFLICT (booking_reference) DO NOTHING;
INSERT INTO bookings (booking_reference, guest_id, room_id, check_in_date, check_out_date, total_room_price_ngn, total_amount_ngn, status, payment_status, amount_paid_ngn) VALUES ('booking_3204_6784dc0', '988a062e-c39c-4e1f-947d-c6872da83e5b', '5dff3a3e-9830-4575-ad57-4a6beb0314b7', '2025-01-13', '2025-01-16', 240000, 240000, 'confirmed', 'paid', 240000) ON CONFLICT (booking_reference) DO NOTHING;
INSERT INTO bookings (booking_reference, guest_id, room_id, check_in_date, check_out_date, total_room_price_ngn, total_amount_ngn, status, payment_status, amount_paid_ngn) VALUES ('booking_3213_6785128', 'b3c74cfe-beae-4a3b-9742-acdc0451ef5d', '8af12217-f3b3-4817-b214-c6f71266a63a', '2025-02-07', '2025-02-19', 240000, 240000, 'confirmed', 'paid', 240000) ON CONFLICT (booking_reference) DO NOTHING;
INSERT INTO bookings (booking_reference, guest_id, room_id, check_in_date, check_out_date, total_room_price_ngn, total_amount_ngn, status, payment_status, amount_paid_ngn) VALUES ('booking_3217_6785135', '8ac06683-cb3d-41fd-ad22-01f65afb7924', 'f78d9fae-b8d0-4006-a221-8b2bafaf1724', '2025-02-06', '2025-02-16', 1000000, 1000000, 'confirmed', 'paid', 1000000) ON CONFLICT (booking_reference) DO NOTHING;
INSERT INTO bookings (booking_reference, guest_id, room_id, check_in_date, check_out_date, total_room_price_ngn, total_amount_ngn, status, payment_status, amount_paid_ngn) VALUES ('booking_3219_678513a', '81104783-86b0-418b-ab81-84898aaa4893', 'ca946c9a-b147-488c-8ea8-84a3e1d87cfb', '2025-02-08', '2025-02-10', 200000, 200000, 'confirmed', 'paid', 200000) ON CONFLICT (booking_reference) DO NOTHING;
INSERT INTO bookings (booking_reference, guest_id, room_id, check_in_date, check_out_date, total_room_price_ngn, total_amount_ngn, status, payment_status, amount_paid_ngn) VALUES ('booking_3223_6785417', 'ce9db5a4-3fb2-402f-bb14-28ed6ac199c8', '8af12217-f3b3-4817-b214-c6f71266a63a', '2025-01-13', '2025-01-14', 20000, 20000, 'confirmed', 'paid', 20000) ON CONFLICT (booking_reference) DO NOTHING;
INSERT INTO bookings (booking_reference, guest_id, room_id, check_in_date, check_out_date, total_room_price_ngn, total_amount_ngn, status, payment_status, amount_paid_ngn) VALUES ('booking_3227_6786657', 'a6720096-956d-402b-bc3d-a730abd9edd7', 'c6fc6bd0-55ba-41a5-b20d-fdcde85a63d8', '2025-01-14', '2025-01-16', 220000, 220000, 'confirmed', 'paid', 220000) ON CONFLICT (booking_reference) DO NOTHING;
INSERT INTO bookings (booking_reference, guest_id, room_id, check_in_date, check_out_date, total_room_price_ngn, total_amount_ngn, status, payment_status, amount_paid_ngn) VALUES ('booking_3238_6787ff5', 'ea1ab71a-4237-49c7-84e5-4b73145c2868', '5dff3a3e-9830-4575-ad57-4a6beb0314b7', '2025-01-16', '2025-01-26', 850000, 850000, 'confirmed', 'paid', 850000) ON CONFLICT (booking_reference) DO NOTHING;
INSERT INTO bookings (booking_reference, guest_id, room_id, check_in_date, check_out_date, total_room_price_ngn, total_amount_ngn, status, payment_status, amount_paid_ngn) VALUES ('booking_3242_6789090', '23ec2712-1701-49a4-8115-9e7ecdc2b9d4', 'cad2bc4d-5eaa-429b-b9f1-faedd37fdc35', '2025-01-18', '2025-01-19', 80000, 80000, 'confirmed', 'paid', 80000) ON CONFLICT (booking_reference) DO NOTHING;
INSERT INTO bookings (booking_reference, guest_id, room_id, check_in_date, check_out_date, total_room_price_ngn, total_amount_ngn, status, payment_status, amount_paid_ngn) VALUES ('booking_3249_678971a', 'e5eb4b72-7d96-4edc-8193-fa6ebce308dd', '5dff3a3e-9830-4575-ad57-4a6beb0314b7', '2025-02-14', '2025-02-17', 255000, 255000, 'confirmed', 'paid', 255000) ON CONFLICT (booking_reference) DO NOTHING;
INSERT INTO bookings (booking_reference, guest_id, room_id, check_in_date, check_out_date, total_room_price_ngn, total_amount_ngn, status, payment_status, amount_paid_ngn) VALUES ('booking_3252_678a2f9', '709b3f2e-14df-402c-bfcc-10406a6ed1ee', 'c6fc6bd0-55ba-41a5-b20d-fdcde85a63d8', '2025-01-17', '2025-01-18', 90000, 90000, 'confirmed', 'paid', 90000) ON CONFLICT (booking_reference) DO NOTHING;
INSERT INTO bookings (booking_reference, guest_id, room_id, check_in_date, check_out_date, total_room_price_ngn, total_amount_ngn, status, payment_status, amount_paid_ngn) VALUES ('booking_3258_678ba1e', '9b9a8043-8d5d-4944-811c-7b40b2acc232', 'cad2bc4d-5eaa-429b-b9f1-faedd37fdc35', '2025-01-20', '2025-01-21', 90000, 90000, 'confirmed', 'paid', 90000) ON CONFLICT (booking_reference) DO NOTHING;
INSERT INTO bookings (booking_reference, guest_id, room_id, check_in_date, check_out_date, total_room_price_ngn, total_amount_ngn, status, payment_status, amount_paid_ngn) VALUES ('booking_3261_678bd9d', '59e2af28-5e54-4e45-a9bb-f7d03a3facac', '8af12217-f3b3-4817-b214-c6f71266a63a', '2025-01-18', '2025-01-19', 25000, 25000, 'confirmed', 'paid', 25000) ON CONFLICT (booking_reference) DO NOTHING;
INSERT INTO bookings (booking_reference, guest_id, room_id, check_in_date, check_out_date, total_room_price_ngn, total_amount_ngn, status, payment_status, amount_paid_ngn) VALUES ('booking_3268_678c0dd', '3db22071-0246-47e5-9edd-1ff7cdf1b0d6', '99c72914-78a5-49c2-bbf2-31f44cad3419', '2025-02-02', '2026-07-22', 51301150, 51301150, 'confirmed', 'paid', 51301150) ON CONFLICT (booking_reference) DO NOTHING;
INSERT INTO bookings (booking_reference, guest_id, room_id, check_in_date, check_out_date, total_room_price_ngn, total_amount_ngn, status, payment_status, amount_paid_ngn) VALUES ('booking_3273_678c10f', 'b70f63f4-d81f-42f5-91db-e1a0b63e9bf5', '8af12217-f3b3-4817-b214-c6f71266a63a', '2025-01-18', '2025-01-19', 20000, 20000, 'confirmed', 'paid', 20000) ON CONFLICT (booking_reference) DO NOTHING;
INSERT INTO bookings (booking_reference, guest_id, room_id, check_in_date, check_out_date, total_room_price_ngn, total_amount_ngn, status, payment_status, amount_paid_ngn) VALUES ('booking_3276_678c9ba', '4f67cdbc-8e69-4886-a457-4523c8ccec16', '8af12217-f3b3-4817-b214-c6f71266a63a', '2025-01-19', '2025-01-20', 20000, 20000, 'confirmed', 'paid', 20000) ON CONFLICT (booking_reference) DO NOTHING;
INSERT INTO bookings (booking_reference, guest_id, room_id, check_in_date, check_out_date, total_room_price_ngn, total_amount_ngn, status, payment_status, amount_paid_ngn) VALUES ('booking_3279_678d5f3', 'ecc509b2-9d3e-4c68-b9d8-ec88bce3ac49', '8af12217-f3b3-4817-b214-c6f71266a63a', '2025-01-22', '2025-01-27', 200000, 200000, 'confirmed', 'paid', 200000) ON CONFLICT (booking_reference) DO NOTHING;
INSERT INTO bookings (booking_reference, guest_id, room_id, check_in_date, check_out_date, total_room_price_ngn, total_amount_ngn, status, payment_status, amount_paid_ngn) VALUES ('booking_3294_67928aa', 'dc843023-41bd-42d1-b913-212e9ab3fd18', '99c72914-78a5-49c2-bbf2-31f44cad3419', '2025-01-23', '2025-01-27', 440000, 440000, 'confirmed', 'paid', 440000) ON CONFLICT (booking_reference) DO NOTHING;
INSERT INTO bookings (booking_reference, guest_id, room_id, check_in_date, check_out_date, total_room_price_ngn, total_amount_ngn, status, payment_status, amount_paid_ngn) VALUES ('booking_3299_67934cc', '233a4fac-6cd4-4f33-9766-dfd5bd901035', '8af12217-f3b3-4817-b214-c6f71266a63a', '2025-02-02', '2026-07-22', 13375000, 13375000, 'confirmed', 'paid', 13375000) ON CONFLICT (booking_reference) DO NOTHING;
INSERT INTO bookings (booking_reference, guest_id, room_id, check_in_date, check_out_date, total_room_price_ngn, total_amount_ngn, status, payment_status, amount_paid_ngn) VALUES ('booking_3303_67935f9', 'e73a9361-7069-44ec-b40d-0a6ec6f4c4b6', '99c72914-78a5-49c2-bbf2-31f44cad3419', '2025-01-27', '2025-01-29', 270000, 270000, 'confirmed', 'paid', 270000) ON CONFLICT (booking_reference) DO NOTHING;
INSERT INTO bookings (booking_reference, guest_id, room_id, check_in_date, check_out_date, total_room_price_ngn, total_amount_ngn, status, payment_status, amount_paid_ngn) VALUES ('booking_3310_6795f91', 'd6d0026f-2930-43cb-b41d-b300a3a73a8f', '5dff3a3e-9830-4575-ad57-4a6beb0314b7', '2025-01-27', '2025-01-30', 255000, 255000, 'confirmed', 'paid', 255000) ON CONFLICT (booking_reference) DO NOTHING;
INSERT INTO bookings (booking_reference, guest_id, room_id, check_in_date, check_out_date, total_room_price_ngn, total_amount_ngn, status, payment_status, amount_paid_ngn) VALUES ('booking_3322_67977a8', '13c4e048-2895-4f0e-b580-85cfd6cf8a7a', '8af12217-f3b3-4817-b214-c6f71266a63a', '2025-01-27', '2025-01-28', 20000, 20000, 'confirmed', 'paid', 20000) ON CONFLICT (booking_reference) DO NOTHING;
INSERT INTO bookings (booking_reference, guest_id, room_id, check_in_date, check_out_date, total_room_price_ngn, total_amount_ngn, status, payment_status, amount_paid_ngn) VALUES ('booking_3324_679786f', '30d60e3d-0572-4fb4-b715-77edbb8f6aad', '8af12217-f3b3-4817-b214-c6f71266a63a', '2025-01-27', '2025-01-28', 20000, 20000, 'confirmed', 'paid', 20000) ON CONFLICT (booking_reference) DO NOTHING;
INSERT INTO bookings (booking_reference, guest_id, room_id, check_in_date, check_out_date, total_room_price_ngn, total_amount_ngn, status, payment_status, amount_paid_ngn) VALUES ('booking_3326_67992e3', '4cc7bdfa-5a64-4f73-818a-2557407a5818', '8af12217-f3b3-4817-b214-c6f71266a63a', '2025-01-28', '2025-01-30', 40000, 40000, 'confirmed', 'paid', 40000) ON CONFLICT (booking_reference) DO NOTHING;
INSERT INTO bookings (booking_reference, guest_id, room_id, check_in_date, check_out_date, total_room_price_ngn, total_amount_ngn, status, payment_status, amount_paid_ngn) VALUES ('booking_3333_679a476', '26f51932-33a3-4326-a5b0-6ca3c84c1d9d', 'cad2bc4d-5eaa-429b-b9f1-faedd37fdc35', '2025-01-29', '2025-02-08', 1620000, 1620000, 'confirmed', 'paid', 1620000) ON CONFLICT (booking_reference) DO NOTHING;
INSERT INTO bookings (booking_reference, guest_id, room_id, check_in_date, check_out_date, total_room_price_ngn, total_amount_ngn, status, payment_status, amount_paid_ngn) VALUES ('booking_3336_679ba2a', '9878486a-1aef-4189-9820-def136568afd', '5dff3a3e-9830-4575-ad57-4a6beb0314b7', '2025-01-30', '2025-02-03', 360000, 360000, 'confirmed', 'paid', 360000) ON CONFLICT (booking_reference) DO NOTHING;
INSERT INTO bookings (booking_reference, guest_id, room_id, check_in_date, check_out_date, total_room_price_ngn, total_amount_ngn, status, payment_status, amount_paid_ngn) VALUES ('booking_3338_679bf16', '1c29d983-9a89-4e9a-bfae-5ec68a944e86', '8af12217-f3b3-4817-b214-c6f71266a63a', '2025-01-30', '2025-02-07', 160000, 160000, 'confirmed', 'paid', 160000) ON CONFLICT (booking_reference) DO NOTHING;
INSERT INTO bookings (booking_reference, guest_id, room_id, check_in_date, check_out_date, total_room_price_ngn, total_amount_ngn, status, payment_status, amount_paid_ngn) VALUES ('booking_3341_679cb7a', '6807ddce-0f1b-4c0c-9fb9-e22469eda79d', 'c6fc6bd0-55ba-41a5-b20d-fdcde85a63d8', '2025-01-31', '2025-02-01', 105000, 105000, 'confirmed', 'paid', 105000) ON CONFLICT (booking_reference) DO NOTHING;
INSERT INTO bookings (booking_reference, guest_id, room_id, check_in_date, check_out_date, total_room_price_ngn, total_amount_ngn, status, payment_status, amount_paid_ngn) VALUES ('booking_3349_679cf83', '01cae54f-4360-4b7e-9c28-68f59754b7c9', 'ca946c9a-b147-488c-8ea8-84a3e1d87cfb', '2025-01-31', '2025-02-08', 720000, 720000, 'confirmed', 'paid', 720000) ON CONFLICT (booking_reference) DO NOTHING;
INSERT INTO bookings (booking_reference, guest_id, room_id, check_in_date, check_out_date, total_room_price_ngn, total_amount_ngn, status, payment_status, amount_paid_ngn) VALUES ('booking_3354_679e1db', 'b93e3a57-5b28-4e3a-b4e7-ea7ed8dd5cce', 'cad2bc4d-5eaa-429b-b9f1-faedd37fdc35', '2025-02-08', '2025-02-09', 162000, 162000, 'confirmed', 'paid', 162000) ON CONFLICT (booking_reference) DO NOTHING;
INSERT INTO bookings (booking_reference, guest_id, room_id, check_in_date, check_out_date, total_room_price_ngn, total_amount_ngn, status, payment_status, amount_paid_ngn) VALUES ('booking_3359_679e26b', '4bcd4d55-3df1-4d42-9e05-3dfca93c0276', 'c6fc6bd0-55ba-41a5-b20d-fdcde85a63d8', '2025-02-01', '2025-02-15', 1540000, 1540000, 'confirmed', 'paid', 1540000) ON CONFLICT (booking_reference) DO NOTHING;
INSERT INTO bookings (booking_reference, guest_id, room_id, check_in_date, check_out_date, total_room_price_ngn, total_amount_ngn, status, payment_status, amount_paid_ngn) VALUES ('booking_3365_679f338', '0a0d34ce-15c4-4a82-a51c-51d757df9df0', 'f78d9fae-b8d0-4006-a221-8b2bafaf1724', '2025-02-02', '2025-02-05', 270000, 270000, 'confirmed', 'paid', 270000) ON CONFLICT (booking_reference) DO NOTHING;
INSERT INTO bookings (booking_reference, guest_id, room_id, check_in_date, check_out_date, total_room_price_ngn, total_amount_ngn, status, payment_status, amount_paid_ngn) VALUES ('booking_3372_67a07c0', 'd56a9537-f2d2-434f-96fc-5e945d0ba2b1', '8af12217-f3b3-4817-b214-c6f71266a63a', '2025-02-07', '2025-02-28', 420000, 420000, 'confirmed', 'paid', 420000) ON CONFLICT (booking_reference) DO NOTHING;
INSERT INTO bookings (booking_reference, guest_id, room_id, check_in_date, check_out_date, total_room_price_ngn, total_amount_ngn, status, payment_status, amount_paid_ngn) VALUES ('booking_3374_67a09f1', 'f2be8635-091b-4f68-a505-6999235cb0a6', 'ca946c9a-b147-488c-8ea8-84a3e1d87cfb', '2025-02-14', '2025-02-17', 270000, 270000, 'confirmed', 'paid', 270000) ON CONFLICT (booking_reference) DO NOTHING;
INSERT INTO bookings (booking_reference, guest_id, room_id, check_in_date, check_out_date, total_room_price_ngn, total_amount_ngn, status, payment_status, amount_paid_ngn) VALUES ('booking_3382_67a0dc6', '64056fcb-f99c-4921-a3bc-1794b4c7a83e', '5dff3a3e-9830-4575-ad57-4a6beb0314b7', '2025-02-04', '2025-02-07', 240000, 240000, 'confirmed', 'paid', 240000) ON CONFLICT (booking_reference) DO NOTHING;
INSERT INTO bookings (booking_reference, guest_id, room_id, check_in_date, check_out_date, total_room_price_ngn, total_amount_ngn, status, payment_status, amount_paid_ngn) VALUES ('booking_3392_67a3a6b', '31637054-159b-4a76-a14f-5fb5932cce80', '5dff3a3e-9830-4575-ad57-4a6beb0314b7', '2025-02-08', '2025-02-09', 85000, 85000, 'confirmed', 'paid', 85000) ON CONFLICT (booking_reference) DO NOTHING;
INSERT INTO bookings (booking_reference, guest_id, room_id, check_in_date, check_out_date, total_room_price_ngn, total_amount_ngn, status, payment_status, amount_paid_ngn) VALUES ('booking_3394_67a3a77', '70bce6b1-319f-4cae-8ed9-2f2fa4081fdd', 'cad2bc4d-5eaa-429b-b9f1-faedd37fdc35', '2025-02-09', '2025-02-14', 500000, 500000, 'confirmed', 'paid', 500000) ON CONFLICT (booking_reference) DO NOTHING;
INSERT INTO bookings (booking_reference, guest_id, room_id, check_in_date, check_out_date, total_room_price_ngn, total_amount_ngn, status, payment_status, amount_paid_ngn) VALUES ('booking_3399_67a3aca', '043acf23-0d5e-48bd-9225-80fbd211a729', 'f78d9fae-b8d0-4006-a221-8b2bafaf1724', '2025-02-05', '2025-02-06', 50000, 50000, 'confirmed', 'paid', 50000) ON CONFLICT (booking_reference) DO NOTHING;
INSERT INTO bookings (booking_reference, guest_id, room_id, check_in_date, check_out_date, total_room_price_ngn, total_amount_ngn, status, payment_status, amount_paid_ngn) VALUES ('booking_3404_67a4bcb', '4e1ee342-3c43-4595-afa6-519f0e650e7a', 'cad2bc4d-5eaa-429b-b9f1-faedd37fdc35', '2025-02-14', '2025-02-20', 660000, 660000, 'confirmed', 'paid', 660000) ON CONFLICT (booking_reference) DO NOTHING;
INSERT INTO bookings (booking_reference, guest_id, room_id, check_in_date, check_out_date, total_room_price_ngn, total_amount_ngn, status, payment_status, amount_paid_ngn) VALUES ('booking_3412_67a655f', '4bcd4d55-3df1-4d42-9e05-3dfca93c0276', '5dff3a3e-9830-4575-ad57-4a6beb0314b7', '2025-02-07', '2025-02-08', 90000, 90000, 'confirmed', 'paid', 90000) ON CONFLICT (booking_reference) DO NOTHING;
INSERT INTO bookings (booking_reference, guest_id, room_id, check_in_date, check_out_date, total_room_price_ngn, total_amount_ngn, status, payment_status, amount_paid_ngn) VALUES ('booking_3414_67a6649', '503796ac-d94e-4756-897a-f4ef5fff5e29', 'ca946c9a-b147-488c-8ea8-84a3e1d87cfb', '2025-02-13', '2025-02-14', 110000, 110000, 'confirmed', 'paid', 110000) ON CONFLICT (booking_reference) DO NOTHING;
INSERT INTO bookings (booking_reference, guest_id, room_id, check_in_date, check_out_date, total_room_price_ngn, total_amount_ngn, status, payment_status, amount_paid_ngn) VALUES ('booking_3419_67a9f90', 'd50f8004-d5b6-4165-bf94-423684f571c8', 'ca946c9a-b147-488c-8ea8-84a3e1d87cfb', '2025-02-10', '2025-02-13', 315000, 315000, 'confirmed', 'paid', 315000) ON CONFLICT (booking_reference) DO NOTHING;
INSERT INTO bookings (booking_reference, guest_id, room_id, check_in_date, check_out_date, total_room_price_ngn, total_amount_ngn, status, payment_status, amount_paid_ngn) VALUES ('booking_3422_67aa465', '1d0f5fd2-f4a0-459b-9e82-93ce8b9dc78e', '5dff3a3e-9830-4575-ad57-4a6beb0314b7', '2025-02-10', '2025-02-14', 360000, 360000, 'confirmed', 'paid', 360000) ON CONFLICT (booking_reference) DO NOTHING;
INSERT INTO bookings (booking_reference, guest_id, room_id, check_in_date, check_out_date, total_room_price_ngn, total_amount_ngn, status, payment_status, amount_paid_ngn) VALUES ('booking_3430_67acbcb', '01cf4408-132b-47bc-b8ba-afa26b4b8340', 'c6fc6bd0-55ba-41a5-b20d-fdcde85a63d8', '2025-02-15', '2025-03-22', 3500000, 3500000, 'confirmed', 'paid', 3500000) ON CONFLICT (booking_reference) DO NOTHING;
INSERT INTO bookings (booking_reference, guest_id, room_id, check_in_date, check_out_date, total_room_price_ngn, total_amount_ngn, status, payment_status, amount_paid_ngn) VALUES ('booking_3442_67b214d', '1b12a501-1aef-43e1-b5b0-a67a00661f78', 'f78d9fae-b8d0-4006-a221-8b2bafaf1724', '2025-02-17', '2025-02-22', 375000, 375000, 'confirmed', 'paid', 375000) ON CONFLICT (booking_reference) DO NOTHING;
INSERT INTO bookings (booking_reference, guest_id, room_id, check_in_date, check_out_date, total_room_price_ngn, total_amount_ngn, status, payment_status, amount_paid_ngn) VALUES ('booking_3447_67b4297', 'd7d183d9-3c23-48a3-9b45-7795918a7eef', 'ca946c9a-b147-488c-8ea8-84a3e1d87cfb', '2025-02-18', '2025-03-21', 2790000, 2790000, 'confirmed', 'paid', 2790000) ON CONFLICT (booking_reference) DO NOTHING;
INSERT INTO bookings (booking_reference, guest_id, room_id, check_in_date, check_out_date, total_room_price_ngn, total_amount_ngn, status, payment_status, amount_paid_ngn) VALUES ('booking_3451_67b4ce2', 'b0183329-f5f0-4598-911e-6e13bb180fec', '8af12217-f3b3-4817-b214-c6f71266a63a', '2025-02-18', '2025-02-20', 40000, 40000, 'confirmed', 'paid', 40000) ON CONFLICT (booking_reference) DO NOTHING;
INSERT INTO bookings (booking_reference, guest_id, room_id, check_in_date, check_out_date, total_room_price_ngn, total_amount_ngn, status, payment_status, amount_paid_ngn) VALUES ('booking_3453_67b4cf7', 'abb49050-e451-4e87-bf83-83b2be4a25f8', '8af12217-f3b3-4817-b214-c6f71266a63a', '2025-02-23', '2025-02-28', 100000, 100000, 'confirmed', 'paid', 100000) ON CONFLICT (booking_reference) DO NOTHING;
INSERT INTO bookings (booking_reference, guest_id, room_id, check_in_date, check_out_date, total_room_price_ngn, total_amount_ngn, status, payment_status, amount_paid_ngn) VALUES ('booking_3459_67b574a', '16009fcc-d13e-434b-be4f-6ce29a9a3eb4', '8af12217-f3b3-4817-b214-c6f71266a63a', '2025-02-19', '2025-02-20', 20000, 20000, 'confirmed', 'paid', 20000) ON CONFLICT (booking_reference) DO NOTHING;
INSERT INTO bookings (booking_reference, guest_id, room_id, check_in_date, check_out_date, total_room_price_ngn, total_amount_ngn, status, payment_status, amount_paid_ngn) VALUES ('booking_3464_67b5f22', '249bc9d4-90aa-4f26-847d-bc21c700854f', '5dff3a3e-9830-4575-ad57-4a6beb0314b7', '2025-02-19', '2025-02-20', 85000, 85000, 'confirmed', 'paid', 85000) ON CONFLICT (booking_reference) DO NOTHING;
INSERT INTO bookings (booking_reference, guest_id, room_id, check_in_date, check_out_date, total_room_price_ngn, total_amount_ngn, status, payment_status, amount_paid_ngn) VALUES ('booking_3470_67b6487', 'a51f4143-bb8f-4cba-a6a4-312eedf290c1', 'cad2bc4d-5eaa-429b-b9f1-faedd37fdc35', '2025-02-20', '2025-03-03', 1155000, 1155000, 'confirmed', 'paid', 1155000) ON CONFLICT (booking_reference) DO NOTHING;
INSERT INTO bookings (booking_reference, guest_id, room_id, check_in_date, check_out_date, total_room_price_ngn, total_amount_ngn, status, payment_status, amount_paid_ngn) VALUES ('booking_3475_67b7764', '2129afe7-5d65-4c21-91d6-a7ac9405b3b9', '5dff3a3e-9830-4575-ad57-4a6beb0314b7', '2025-02-20', '2025-03-06', 1260000, 1260000, 'confirmed', 'paid', 1260000) ON CONFLICT (booking_reference) DO NOTHING;
INSERT INTO bookings (booking_reference, guest_id, room_id, check_in_date, check_out_date, total_room_price_ngn, total_amount_ngn, status, payment_status, amount_paid_ngn) VALUES ('booking_3482_67b84b2', '5fc93ea8-4178-4a56-8940-8debd1dbedeb', 'f78d9fae-b8d0-4006-a221-8b2bafaf1724', '2025-02-22', '2025-02-24', 220000, 220000, 'confirmed', 'paid', 220000) ON CONFLICT (booking_reference) DO NOTHING;
INSERT INTO bookings (booking_reference, guest_id, room_id, check_in_date, check_out_date, total_room_price_ngn, total_amount_ngn, status, payment_status, amount_paid_ngn) VALUES ('booking_3494_67bc0a2', '8710083b-c29a-4ea7-8eff-8610c60ecb60', 'f78d9fae-b8d0-4006-a221-8b2bafaf1724', '2025-02-25', '2025-03-03', 660000, 660000, 'confirmed', 'paid', 660000) ON CONFLICT (booking_reference) DO NOTHING;
INSERT INTO bookings (booking_reference, guest_id, room_id, check_in_date, check_out_date, total_room_price_ngn, total_amount_ngn, status, payment_status, amount_paid_ngn) VALUES ('booking_3507_67bda49', '51b1f493-0d5e-4795-9051-f17abfd74794', '8af12217-f3b3-4817-b214-c6f71266a63a', '2025-02-25', '2025-02-27', 40000, 40000, 'confirmed', 'paid', 40000) ON CONFLICT (booking_reference) DO NOTHING;
INSERT INTO bookings (booking_reference, guest_id, room_id, check_in_date, check_out_date, total_room_price_ngn, total_amount_ngn, status, payment_status, amount_paid_ngn) VALUES ('booking_3527_67c05d7', '364061d4-812d-4cb8-92bc-28cdf6ed045b', '8af12217-f3b3-4817-b214-c6f71266a63a', '2025-02-28', '2025-03-06', 120000, 120000, 'confirmed', 'paid', 120000) ON CONFLICT (booking_reference) DO NOTHING;
INSERT INTO bookings (booking_reference, guest_id, room_id, check_in_date, check_out_date, total_room_price_ngn, total_amount_ngn, status, payment_status, amount_paid_ngn) VALUES ('booking_3532_67c06a1', '51a471a0-d1d0-4089-9153-777c61c818c7', '8af12217-f3b3-4817-b214-c6f71266a63a', '2025-02-27', '2025-02-28', 20000, 20000, 'confirmed', 'paid', 20000) ON CONFLICT (booking_reference) DO NOTHING;
INSERT INTO bookings (booking_reference, guest_id, room_id, check_in_date, check_out_date, total_room_price_ngn, total_amount_ngn, status, payment_status, amount_paid_ngn) VALUES ('booking_3541_67c3712', '32d85f18-f42f-42d4-af2e-4971bb0d9595', '8af12217-f3b3-4817-b214-c6f71266a63a', '2025-03-01', '2025-03-02', 50000, 50000, 'confirmed', 'paid', 50000) ON CONFLICT (booking_reference) DO NOTHING;
INSERT INTO bookings (booking_reference, guest_id, room_id, check_in_date, check_out_date, total_room_price_ngn, total_amount_ngn, status, payment_status, amount_paid_ngn) VALUES ('booking_3550_67c597a', '4ce146ab-8f2d-4471-bc0b-b0a3107b4f12', 'ca946c9a-b147-488c-8ea8-84a3e1d87cfb', '2025-03-21', '2025-03-23', 440000, 440000, 'confirmed', 'paid', 440000) ON CONFLICT (booking_reference) DO NOTHING;
INSERT INTO bookings (booking_reference, guest_id, room_id, check_in_date, check_out_date, total_room_price_ngn, total_amount_ngn, status, payment_status, amount_paid_ngn) VALUES ('booking_3555_67c5c32', 'c395b4ce-6f68-451d-8ee5-c2c734fddffd', '8af12217-f3b3-4817-b214-c6f71266a63a', '2025-03-03', '2025-03-04', 25000, 25000, 'confirmed', 'paid', 25000) ON CONFLICT (booking_reference) DO NOTHING;
INSERT INTO bookings (booking_reference, guest_id, room_id, check_in_date, check_out_date, total_room_price_ngn, total_amount_ngn, status, payment_status, amount_paid_ngn) VALUES ('booking_3557_67c5c39', '2b231776-e7e7-44e3-ac65-086c9447bd90', '8af12217-f3b3-4817-b214-c6f71266a63a', '2025-03-03', '2025-03-05', 40000, 40000, 'confirmed', 'paid', 40000) ON CONFLICT (booking_reference) DO NOTHING;
INSERT INTO bookings (booking_reference, guest_id, room_id, check_in_date, check_out_date, total_room_price_ngn, total_amount_ngn, status, payment_status, amount_paid_ngn) VALUES ('booking_3565_67c7f17', '9f4c805a-2282-4b9a-892c-f4d33bceb2e4', '8af12217-f3b3-4817-b214-c6f71266a63a', '2025-03-05', '2025-03-14', 180000, 180000, 'confirmed', 'paid', 180000) ON CONFLICT (booking_reference) DO NOTHING;
INSERT INTO bookings (booking_reference, guest_id, room_id, check_in_date, check_out_date, total_room_price_ngn, total_amount_ngn, status, payment_status, amount_paid_ngn) VALUES ('booking_3572_67c86bd', '86fa747d-38f6-44fe-9bff-e7b42f65cf5c', '8af12217-f3b3-4817-b214-c6f71266a63a', '2025-03-05', '2025-03-06', 20000, 20000, 'confirmed', 'paid', 20000) ON CONFLICT (booking_reference) DO NOTHING;
INSERT INTO bookings (booking_reference, guest_id, room_id, check_in_date, check_out_date, total_room_price_ngn, total_amount_ngn, status, payment_status, amount_paid_ngn) VALUES ('booking_3580_67c8c02', 'dc66bceb-9443-4aac-b032-56cd0f30abd7', 'f78d9fae-b8d0-4006-a221-8b2bafaf1724', '2025-03-06', '2025-03-10', 340000, 340000, 'confirmed', 'paid', 340000) ON CONFLICT (booking_reference) DO NOTHING;
INSERT INTO bookings (booking_reference, guest_id, room_id, check_in_date, check_out_date, total_room_price_ngn, total_amount_ngn, status, payment_status, amount_paid_ngn) VALUES ('booking_3583_67c8c0f', 'd14e5cb9-447f-4c7b-b188-f8bec497a307', 'cad2bc4d-5eaa-429b-b9f1-faedd37fdc35', '2025-03-06', '2025-03-10', 360000, 360000, 'confirmed', 'paid', 360000) ON CONFLICT (booking_reference) DO NOTHING;
INSERT INTO bookings (booking_reference, guest_id, room_id, check_in_date, check_out_date, total_room_price_ngn, total_amount_ngn, status, payment_status, amount_paid_ngn) VALUES ('booking_3587_67c8c1d', '9367ee7d-702e-4c60-bfd9-68dc10a0afd1', 'f78d9fae-b8d0-4006-a221-8b2bafaf1724', '2025-03-05', '2025-03-06', 25000, 25000, 'confirmed', 'paid', 25000) ON CONFLICT (booking_reference) DO NOTHING;
INSERT INTO bookings (booking_reference, guest_id, room_id, check_in_date, check_out_date, total_room_price_ngn, total_amount_ngn, status, payment_status, amount_paid_ngn) VALUES ('booking_3594_67c9525', '3d8ff6b4-f736-4e6c-a88f-681f7ceef4c5', '5dff3a3e-9830-4575-ad57-4a6beb0314b7', '2025-03-06', '2025-03-09', 270000, 270000, 'confirmed', 'paid', 270000) ON CONFLICT (booking_reference) DO NOTHING;
INSERT INTO bookings (booking_reference, guest_id, room_id, check_in_date, check_out_date, total_room_price_ngn, total_amount_ngn, status, payment_status, amount_paid_ngn) VALUES ('booking_3600_67c95a2', 'a26da8fd-ec7f-49d7-bb36-4e514dae74d3', '8af12217-f3b3-4817-b214-c6f71266a63a', '2025-03-06', '2025-03-11', 125000, 125000, 'confirmed', 'paid', 125000) ON CONFLICT (booking_reference) DO NOTHING;
INSERT INTO bookings (booking_reference, guest_id, room_id, check_in_date, check_out_date, total_room_price_ngn, total_amount_ngn, status, payment_status, amount_paid_ngn) VALUES ('booking_3602_67c95a7', '4461bbf9-3429-4c7b-a285-b80b33010a30', '8af12217-f3b3-4817-b214-c6f71266a63a', '2025-03-06', '2025-04-13', 760000, 760000, 'confirmed', 'paid', 760000) ON CONFLICT (booking_reference) DO NOTHING;
INSERT INTO bookings (booking_reference, guest_id, room_id, check_in_date, check_out_date, total_room_price_ngn, total_amount_ngn, status, payment_status, amount_paid_ngn) VALUES ('booking_3610_67cadf1', 'fa176315-a653-4d95-ad40-e41ddb02cd26', 'f78d9fae-b8d0-4006-a221-8b2bafaf1724', '2025-03-12', '2025-03-13', 272000, 272000, 'confirmed', 'paid', 272000) ON CONFLICT (booking_reference) DO NOTHING;
INSERT INTO bookings (booking_reference, guest_id, room_id, check_in_date, check_out_date, total_room_price_ngn, total_amount_ngn, status, payment_status, amount_paid_ngn) VALUES ('booking_3621_67cd738', '0a5f2bcc-a170-4a22-94ee-19533a92c2b0', 'f78d9fae-b8d0-4006-a221-8b2bafaf1724', '2025-04-05', '2025-04-06', 110000, 110000, 'confirmed', 'paid', 110000) ON CONFLICT (booking_reference) DO NOTHING;
INSERT INTO bookings (booking_reference, guest_id, room_id, check_in_date, check_out_date, total_room_price_ngn, total_amount_ngn, status, payment_status, amount_paid_ngn) VALUES ('booking_3628_67ce129', '0e1a127d-efd8-458f-a06f-ac35aad52d69', '5dff3a3e-9830-4575-ad57-4a6beb0314b7', '2025-03-09', '2025-03-11', 180000, 180000, 'confirmed', 'paid', 180000) ON CONFLICT (booking_reference) DO NOTHING;
INSERT INTO bookings (booking_reference, guest_id, room_id, check_in_date, check_out_date, total_room_price_ngn, total_amount_ngn, status, payment_status, amount_paid_ngn) VALUES ('booking_3638_67cebd6', '9861fb6b-3fb2-4cb5-a907-60dc9b889c81', '5dff3a3e-9830-4575-ad57-4a6beb0314b7', '2025-03-11', '2025-03-12', 80000, 80000, 'confirmed', 'paid', 80000) ON CONFLICT (booking_reference) DO NOTHING;
INSERT INTO bookings (booking_reference, guest_id, room_id, check_in_date, check_out_date, total_room_price_ngn, total_amount_ngn, status, payment_status, amount_paid_ngn) VALUES ('booking_3644_67cff0d', '860ed74c-9fd9-4aee-b9a8-b982f1d26554', 'f78d9fae-b8d0-4006-a221-8b2bafaf1724', '2025-06-25', '2025-06-30', 500000, 500000, 'confirmed', 'paid', 500000) ON CONFLICT (booking_reference) DO NOTHING;
INSERT INTO bookings (booking_reference, guest_id, room_id, check_in_date, check_out_date, total_room_price_ngn, total_amount_ngn, status, payment_status, amount_paid_ngn) VALUES ('booking_3646_67d004a', '8a3fc5b8-d076-4c03-9c19-10a50c1c68a6', '8af12217-f3b3-4817-b214-c6f71266a63a', '2025-03-18', '2025-03-21', 75000, 75000, 'confirmed', 'paid', 75000) ON CONFLICT (booking_reference) DO NOTHING;
INSERT INTO bookings (booking_reference, guest_id, room_id, check_in_date, check_out_date, total_room_price_ngn, total_amount_ngn, status, payment_status, amount_paid_ngn) VALUES ('booking_3652_67d1a2e', '09b7eca7-8afa-4eab-8c3c-43d5a5611be8', 'f78d9fae-b8d0-4006-a221-8b2bafaf1724', '2025-03-15', '2025-03-16', 90000, 90000, 'confirmed', 'paid', 90000) ON CONFLICT (booking_reference) DO NOTHING;
INSERT INTO bookings (booking_reference, guest_id, room_id, check_in_date, check_out_date, total_room_price_ngn, total_amount_ngn, status, payment_status, amount_paid_ngn) VALUES ('booking_3658_67d2c7f', 'cb890d47-c49c-494d-aebb-0901f6ca64f3', 'f78d9fae-b8d0-4006-a221-8b2bafaf1724', '2025-03-13', '2025-03-15', 180000, 180000, 'confirmed', 'paid', 180000) ON CONFLICT (booking_reference) DO NOTHING;
INSERT INTO bookings (booking_reference, guest_id, room_id, check_in_date, check_out_date, total_room_price_ngn, total_amount_ngn, status, payment_status, amount_paid_ngn) VALUES ('booking_3664_67d4226', '8ccc43b4-b6f1-48e6-a421-0c20850d5269', 'cad2bc4d-5eaa-429b-b9f1-faedd37fdc35', '2025-03-15', '2025-03-17', 200000, 200000, 'confirmed', 'paid', 200000) ON CONFLICT (booking_reference) DO NOTHING;
INSERT INTO bookings (booking_reference, guest_id, room_id, check_in_date, check_out_date, total_room_price_ngn, total_amount_ngn, status, payment_status, amount_paid_ngn) VALUES ('booking_3667_67d4276', 'aeedde84-99c4-4958-afaf-3d24db152a70', 'cad2bc4d-5eaa-429b-b9f1-faedd37fdc35', '2025-03-14', '2025-03-15', 162000, 162000, 'confirmed', 'paid', 162000) ON CONFLICT (booking_reference) DO NOTHING;
INSERT INTO bookings (booking_reference, guest_id, room_id, check_in_date, check_out_date, total_room_price_ngn, total_amount_ngn, status, payment_status, amount_paid_ngn) VALUES ('booking_3683_67d57be', '7145e45e-ae00-488f-8119-bcf2f6559c21', 'f78d9fae-b8d0-4006-a221-8b2bafaf1724', '2025-03-16', '2025-03-17', 90000, 90000, 'confirmed', 'paid', 90000) ON CONFLICT (booking_reference) DO NOTHING;
INSERT INTO bookings (booking_reference, guest_id, room_id, check_in_date, check_out_date, total_room_price_ngn, total_amount_ngn, status, payment_status, amount_paid_ngn) VALUES ('booking_3685_67d598b', 'fe4c9412-e4b0-4a6f-88b3-4c3aeda7c0a5', '8af12217-f3b3-4817-b214-c6f71266a63a', '2025-03-15', '2025-03-16', 25000, 25000, 'confirmed', 'paid', 25000) ON CONFLICT (booking_reference) DO NOTHING;
INSERT INTO bookings (booking_reference, guest_id, room_id, check_in_date, check_out_date, total_room_price_ngn, total_amount_ngn, status, payment_status, amount_paid_ngn) VALUES ('booking_3696_67d8176', '79735f08-47c0-4d69-8490-3ec5a277286c', 'f78d9fae-b8d0-4006-a221-8b2bafaf1724', '2025-03-17', '2025-03-21', 360000, 360000, 'confirmed', 'paid', 360000) ON CONFLICT (booking_reference) DO NOTHING;
INSERT INTO bookings (booking_reference, guest_id, room_id, check_in_date, check_out_date, total_room_price_ngn, total_amount_ngn, status, payment_status, amount_paid_ngn) VALUES ('booking_3700_67d8285', '1489d31f-f495-4bb6-8b0f-e64567ba8b5b', '8af12217-f3b3-4817-b214-c6f71266a63a', '2025-03-19', '2025-03-21', 50000, 50000, 'confirmed', 'paid', 50000) ON CONFLICT (booking_reference) DO NOTHING;
INSERT INTO bookings (booking_reference, guest_id, room_id, check_in_date, check_out_date, total_room_price_ngn, total_amount_ngn, status, payment_status, amount_paid_ngn) VALUES ('booking_3706_67d8478', '53d34d13-9bbf-4098-b4d3-1170b103e20e', 'c6fc6bd0-55ba-41a5-b20d-fdcde85a63d8', '2025-03-22', '2025-03-23', 130000, 130000, 'confirmed', 'paid', 130000) ON CONFLICT (booking_reference) DO NOTHING;
INSERT INTO bookings (booking_reference, guest_id, room_id, check_in_date, check_out_date, total_room_price_ngn, total_amount_ngn, status, payment_status, amount_paid_ngn) VALUES ('booking_3718_67d9477', '5af68b45-8a9d-4aa1-8522-4c2784de2a06', '8af12217-f3b3-4817-b214-c6f71266a63a', '2025-03-18', '2025-03-19', 25000, 25000, 'confirmed', 'paid', 25000) ON CONFLICT (booking_reference) DO NOTHING;
INSERT INTO bookings (booking_reference, guest_id, room_id, check_in_date, check_out_date, total_room_price_ngn, total_amount_ngn, status, payment_status, amount_paid_ngn) VALUES ('booking_3723_67dc0b4', '28a90cf1-d7e6-4761-a370-448af77221f0', '8af12217-f3b3-4817-b214-c6f71266a63a', '2025-03-21', '2025-03-22', 20000, 20000, 'confirmed', 'paid', 20000) ON CONFLICT (booking_reference) DO NOTHING;
INSERT INTO bookings (booking_reference, guest_id, room_id, check_in_date, check_out_date, total_room_price_ngn, total_amount_ngn, status, payment_status, amount_paid_ngn) VALUES ('booking_3726_67dc47e', '4bcd4d55-3df1-4d42-9e05-3dfca93c0276', '8af12217-f3b3-4817-b214-c6f71266a63a', '2025-03-21', '2025-03-23', 40000, 40000, 'confirmed', 'paid', 40000) ON CONFLICT (booking_reference) DO NOTHING;
INSERT INTO bookings (booking_reference, guest_id, room_id, check_in_date, check_out_date, total_room_price_ngn, total_amount_ngn, status, payment_status, amount_paid_ngn) VALUES ('booking_3730_67dc686', 'e1d432b2-081c-4e2d-9611-051a3ec69a4e', 'cad2bc4d-5eaa-429b-b9f1-faedd37fdc35', '2025-03-21', '2025-03-23', 200000, 200000, 'confirmed', 'paid', 200000) ON CONFLICT (booking_reference) DO NOTHING;
INSERT INTO bookings (booking_reference, guest_id, room_id, check_in_date, check_out_date, total_room_price_ngn, total_amount_ngn, status, payment_status, amount_paid_ngn) VALUES ('booking_3734_67ddaf1', '71bd13df-5028-4474-a696-1db0b272646a', '5dff3a3e-9830-4575-ad57-4a6beb0314b7', '2025-03-23', '2025-03-29', 3762000, 3762000, 'confirmed', 'paid', 3762000) ON CONFLICT (booking_reference) DO NOTHING;
INSERT INTO bookings (booking_reference, guest_id, room_id, check_in_date, check_out_date, total_room_price_ngn, total_amount_ngn, status, payment_status, amount_paid_ngn) VALUES ('booking_3755_67e4366', '65f878e3-d0e9-4fc8-83ab-d9a248645919', 'ca946c9a-b147-488c-8ea8-84a3e1d87cfb', '2025-04-05', '2025-04-06', 110000, 110000, 'confirmed', 'paid', 110000) ON CONFLICT (booking_reference) DO NOTHING;
INSERT INTO bookings (booking_reference, guest_id, room_id, check_in_date, check_out_date, total_room_price_ngn, total_amount_ngn, status, payment_status, amount_paid_ngn) VALUES ('booking_3758_67e456e', 'eea9eed7-41c1-40f9-a464-f67a799b8a2f', 'ca946c9a-b147-488c-8ea8-84a3e1d87cfb', '2025-04-11', '2025-04-14', 330000, 330000, 'confirmed', 'paid', 330000) ON CONFLICT (booking_reference) DO NOTHING;
INSERT INTO bookings (booking_reference, guest_id, room_id, check_in_date, check_out_date, total_room_price_ngn, total_amount_ngn, status, payment_status, amount_paid_ngn) VALUES ('booking_3761_67e5a5e', '26b5613d-548a-4cc3-9483-03e8e4974f3a', '5dff3a3e-9830-4575-ad57-4a6beb0314b7', '2025-04-01', '2025-04-03', 180000, 180000, 'confirmed', 'paid', 180000) ON CONFLICT (booking_reference) DO NOTHING;
INSERT INTO bookings (booking_reference, guest_id, room_id, check_in_date, check_out_date, total_room_price_ngn, total_amount_ngn, status, payment_status, amount_paid_ngn) VALUES ('booking_3764_67e5a70', 'f9e71c05-5c95-460c-8fa8-044dc22e0e9c', 'ca946c9a-b147-488c-8ea8-84a3e1d87cfb', '2025-03-29', '2025-03-30', 110000, 110000, 'confirmed', 'paid', 110000) ON CONFLICT (booking_reference) DO NOTHING;
INSERT INTO bookings (booking_reference, guest_id, room_id, check_in_date, check_out_date, total_room_price_ngn, total_amount_ngn, status, payment_status, amount_paid_ngn) VALUES ('booking_3767_67e69a1', '6af9dc54-9e31-4475-ad63-797b6d65ab58', 'f78d9fae-b8d0-4006-a221-8b2bafaf1724', '2025-04-19', '2025-04-20', 90000, 90000, 'confirmed', 'paid', 90000) ON CONFLICT (booking_reference) DO NOTHING;
INSERT INTO bookings (booking_reference, guest_id, room_id, check_in_date, check_out_date, total_room_price_ngn, total_amount_ngn, status, payment_status, amount_paid_ngn) VALUES ('booking_3772_67e69d2', '1d126002-a064-41cd-af98-aceca38f835e', 'f78d9fae-b8d0-4006-a221-8b2bafaf1724', '2025-03-30', '2025-03-31', 110000, 110000, 'confirmed', 'paid', 110000) ON CONFLICT (booking_reference) DO NOTHING;
INSERT INTO bookings (booking_reference, guest_id, room_id, check_in_date, check_out_date, total_room_price_ngn, total_amount_ngn, status, payment_status, amount_paid_ngn) VALUES ('booking_3775_67e69d6', '450ffc43-6f5a-42b8-992a-4d87bbea7069', 'ca946c9a-b147-488c-8ea8-84a3e1d87cfb', '2025-03-30', '2025-04-01', 220000, 220000, 'confirmed', 'paid', 220000) ON CONFLICT (booking_reference) DO NOTHING;
INSERT INTO bookings (booking_reference, guest_id, room_id, check_in_date, check_out_date, total_room_price_ngn, total_amount_ngn, status, payment_status, amount_paid_ngn) VALUES ('booking_3779_67e6bc2', '86448d3f-39bb-42ff-8b1e-4286d08800e1', 'c6fc6bd0-55ba-41a5-b20d-fdcde85a63d8', '2025-03-29', '2025-08-17', 15510000, 15510000, 'confirmed', 'paid', 15510000) ON CONFLICT (booking_reference) DO NOTHING;
INSERT INTO bookings (booking_reference, guest_id, room_id, check_in_date, check_out_date, total_room_price_ngn, total_amount_ngn, status, payment_status, amount_paid_ngn) VALUES ('booking_3781_67e6bcf', '23f6f901-2f78-4635-9c61-b244bc14cd3e', '5dff3a3e-9830-4575-ad57-4a6beb0314b7', '2025-03-29', '2025-04-01', 270000, 270000, 'confirmed', 'paid', 270000) ON CONFLICT (booking_reference) DO NOTHING;
INSERT INTO bookings (booking_reference, guest_id, room_id, check_in_date, check_out_date, total_room_price_ngn, total_amount_ngn, status, payment_status, amount_paid_ngn) VALUES ('booking_3783_67e7c0e', '6deca368-8af3-4a2a-b305-0f95317f7b94', 'cad2bc4d-5eaa-429b-b9f1-faedd37fdc35', '2025-04-05', '2025-04-06', 110000, 110000, 'confirmed', 'paid', 110000) ON CONFLICT (booking_reference) DO NOTHING;
INSERT INTO bookings (booking_reference, guest_id, room_id, check_in_date, check_out_date, total_room_price_ngn, total_amount_ngn, status, payment_status, amount_paid_ngn) VALUES ('booking_3785_67e7c16', '73fa5292-404d-4e99-8cd7-cbd692a531e4', '8af12217-f3b3-4817-b214-c6f71266a63a', '2025-03-29', '2025-03-30', 20000, 20000, 'confirmed', 'paid', 20000) ON CONFLICT (booking_reference) DO NOTHING;
INSERT INTO bookings (booking_reference, guest_id, room_id, check_in_date, check_out_date, total_room_price_ngn, total_amount_ngn, status, payment_status, amount_paid_ngn) VALUES ('booking_3793_67e9051', '4c2230a5-3217-430d-a81b-4f7aa455a0c9', 'cad2bc4d-5eaa-429b-b9f1-faedd37fdc35', '2025-03-30', '2025-03-31', 110000, 110000, 'confirmed', 'paid', 110000) ON CONFLICT (booking_reference) DO NOTHING;
INSERT INTO bookings (booking_reference, guest_id, room_id, check_in_date, check_out_date, total_room_price_ngn, total_amount_ngn, status, payment_status, amount_paid_ngn) VALUES ('booking_3799_67e95df', 'e504930d-be90-467a-8f88-759e8716cbb0', 'ca946c9a-b147-488c-8ea8-84a3e1d87cfb', '2025-04-01', '2025-04-05', 360000, 360000, 'confirmed', 'paid', 360000) ON CONFLICT (booking_reference) DO NOTHING;
INSERT INTO bookings (booking_reference, guest_id, room_id, check_in_date, check_out_date, total_room_price_ngn, total_amount_ngn, status, payment_status, amount_paid_ngn) VALUES ('booking_3807_67ead4e', 'b507888f-72bd-4f91-b06c-28820bbf3ea9', 'f78d9fae-b8d0-4006-a221-8b2bafaf1724', '2025-03-31', '2025-04-03', 330000, 330000, 'confirmed', 'paid', 330000) ON CONFLICT (booking_reference) DO NOTHING;
INSERT INTO bookings (booking_reference, guest_id, room_id, check_in_date, check_out_date, total_room_price_ngn, total_amount_ngn, status, payment_status, amount_paid_ngn) VALUES ('booking_3812_67ec25e', '666a0a05-9c90-487c-a9b7-efd2eb8af9d6', 'cad2bc4d-5eaa-429b-b9f1-faedd37fdc35', '2025-04-02', '2025-04-03', 150000, 150000, 'confirmed', 'paid', 150000) ON CONFLICT (booking_reference) DO NOTHING;
INSERT INTO bookings (booking_reference, guest_id, room_id, check_in_date, check_out_date, total_room_price_ngn, total_amount_ngn, status, payment_status, amount_paid_ngn) VALUES ('booking_3815_67ec279', '2bb97519-23f3-48a3-ba73-f7aef18baaba', '8af12217-f3b3-4817-b214-c6f71266a63a', '2025-04-01', '2025-04-02', 25000, 25000, 'confirmed', 'paid', 25000) ON CONFLICT (booking_reference) DO NOTHING;
INSERT INTO bookings (booking_reference, guest_id, room_id, check_in_date, check_out_date, total_room_price_ngn, total_amount_ngn, status, payment_status, amount_paid_ngn) VALUES ('booking_3822_67ed29c', 'd503b41d-3575-43f9-8437-05af626dabd5', 'f78d9fae-b8d0-4006-a221-8b2bafaf1724', '2025-04-03', '2025-04-04', 110000, 110000, 'confirmed', 'paid', 110000) ON CONFLICT (booking_reference) DO NOTHING;
INSERT INTO bookings (booking_reference, guest_id, room_id, check_in_date, check_out_date, total_room_price_ngn, total_amount_ngn, status, payment_status, amount_paid_ngn) VALUES ('booking_3825_67ed3d8', '32570506-4caa-4324-9633-816ba3b0117b', '8af12217-f3b3-4817-b214-c6f71266a63a', '2025-04-02', '2025-04-03', 20000, 20000, 'confirmed', 'paid', 20000) ON CONFLICT (booking_reference) DO NOTHING;
INSERT INTO bookings (booking_reference, guest_id, room_id, check_in_date, check_out_date, total_room_price_ngn, total_amount_ngn, status, payment_status, amount_paid_ngn) VALUES ('booking_3828_67ee721', '561f423f-48b7-4de3-b8c9-44f6d4db6c90', 'f78d9fae-b8d0-4006-a221-8b2bafaf1724', '2025-04-06', '2025-04-07', 110000, 110000, 'confirmed', 'paid', 110000) ON CONFLICT (booking_reference) DO NOTHING;
INSERT INTO bookings (booking_reference, guest_id, room_id, check_in_date, check_out_date, total_room_price_ngn, total_amount_ngn, status, payment_status, amount_paid_ngn) VALUES ('booking_3831_67ee99a', 'b0987000-d0c7-4361-9bb8-4fe3bde8a7e6', '5dff3a3e-9830-4575-ad57-4a6beb0314b7', '2025-04-05', '2025-04-06', 90000, 90000, 'confirmed', 'paid', 90000) ON CONFLICT (booking_reference) DO NOTHING;
INSERT INTO bookings (booking_reference, guest_id, room_id, check_in_date, check_out_date, total_room_price_ngn, total_amount_ngn, status, payment_status, amount_paid_ngn) VALUES ('booking_3833_67ef9f0', '0a600633-37f4-4691-845c-f11ba9323958', 'ca946c9a-b147-488c-8ea8-84a3e1d87cfb', '2025-04-06', '2025-04-08', 220000, 220000, 'confirmed', 'paid', 220000) ON CONFLICT (booking_reference) DO NOTHING;
INSERT INTO bookings (booking_reference, guest_id, room_id, check_in_date, check_out_date, total_room_price_ngn, total_amount_ngn, status, payment_status, amount_paid_ngn) VALUES ('booking_3835_67efb3a', '89b29246-225f-4b15-8069-f2cbfb979b2e', 'f78d9fae-b8d0-4006-a221-8b2bafaf1724', '2025-04-16', '2025-04-19', 270000, 270000, 'confirmed', 'paid', 270000) ON CONFLICT (booking_reference) DO NOTHING;
INSERT INTO bookings (booking_reference, guest_id, room_id, check_in_date, check_out_date, total_room_price_ngn, total_amount_ngn, status, payment_status, amount_paid_ngn) VALUES ('booking_3838_67f185d', 'e268b180-99f6-4b58-800a-4c5d667777cf', 'ca946c9a-b147-488c-8ea8-84a3e1d87cfb', '2025-04-08', '2025-04-10', 200000, 200000, 'confirmed', 'paid', 200000) ON CONFLICT (booking_reference) DO NOTHING;
INSERT INTO bookings (booking_reference, guest_id, room_id, check_in_date, check_out_date, total_room_price_ngn, total_amount_ngn, status, payment_status, amount_paid_ngn) VALUES ('booking_3840_67f189c', '913ded70-cd1a-477a-852d-8dd7cfdd28ef', 'ca946c9a-b147-488c-8ea8-84a3e1d87cfb', '2025-07-09', '2025-07-15', 2350000, 2350000, 'confirmed', 'paid', 2350000) ON CONFLICT (booking_reference) DO NOTHING;
INSERT INTO bookings (booking_reference, guest_id, room_id, check_in_date, check_out_date, total_room_price_ngn, total_amount_ngn, status, payment_status, amount_paid_ngn) VALUES ('booking_3849_67f3c3e', 'c4669444-c325-4b1c-a76a-45a9df479b39', '8af12217-f3b3-4817-b214-c6f71266a63a', '2025-04-07', '2025-08-08', 2460000, 2460000, 'confirmed', 'paid', 2460000) ON CONFLICT (booking_reference) DO NOTHING;
INSERT INTO bookings (booking_reference, guest_id, room_id, check_in_date, check_out_date, total_room_price_ngn, total_amount_ngn, status, payment_status, amount_paid_ngn) VALUES ('booking_3851_67f3e0d', 'a9be8fe4-1c59-476b-929d-18c456939d06', 'f78d9fae-b8d0-4006-a221-8b2bafaf1724', '2025-04-11', '2025-04-14', 330000, 330000, 'confirmed', 'paid', 330000) ON CONFLICT (booking_reference) DO NOTHING;
INSERT INTO bookings (booking_reference, guest_id, room_id, check_in_date, check_out_date, total_room_price_ngn, total_amount_ngn, status, payment_status, amount_paid_ngn) VALUES ('booking_3859_67f4eb8', '82f88373-77fb-47d3-813b-a36ea9ec038e', '8af12217-f3b3-4817-b214-c6f71266a63a', '2025-04-08', '2025-04-09', 20000, 20000, 'confirmed', 'paid', 20000) ON CONFLICT (booking_reference) DO NOTHING;
INSERT INTO bookings (booking_reference, guest_id, room_id, check_in_date, check_out_date, total_room_price_ngn, total_amount_ngn, status, payment_status, amount_paid_ngn) VALUES ('booking_3862_67f4ed4', 'ab64b160-afea-4af9-8127-952ace72b94a', 'f78d9fae-b8d0-4006-a221-8b2bafaf1724', '2025-04-08', '2025-04-09', 105000, 105000, 'confirmed', 'paid', 105000) ON CONFLICT (booking_reference) DO NOTHING;
INSERT INTO bookings (booking_reference, guest_id, room_id, check_in_date, check_out_date, total_room_price_ngn, total_amount_ngn, status, payment_status, amount_paid_ngn) VALUES ('booking_3870_67f511e', '51e20c6e-6cac-43f2-8655-6b76dac3d85f', '5dff3a3e-9830-4575-ad57-4a6beb0314b7', '2025-04-10', '2025-04-14', 440000, 440000, 'confirmed', 'paid', 440000) ON CONFLICT (booking_reference) DO NOTHING;
INSERT INTO bookings (booking_reference, guest_id, room_id, check_in_date, check_out_date, total_room_price_ngn, total_amount_ngn, status, payment_status, amount_paid_ngn) VALUES ('booking_3874_67f5485', '99c343e9-5ecc-47b7-a3b3-092bf841cf53', 'f78d9fae-b8d0-4006-a221-8b2bafaf1724', '2025-04-23', '2025-04-24', 110000, 110000, 'confirmed', 'paid', 110000) ON CONFLICT (booking_reference) DO NOTHING;
INSERT INTO bookings (booking_reference, guest_id, room_id, check_in_date, check_out_date, total_room_price_ngn, total_amount_ngn, status, payment_status, amount_paid_ngn) VALUES ('booking_3878_67f6351', '16a72fac-9442-4db7-bfcd-1fc606c3c5b2', '5dff3a3e-9830-4575-ad57-4a6beb0314b7', '2025-04-09', '2025-04-10', 90000, 90000, 'confirmed', 'paid', 90000) ON CONFLICT (booking_reference) DO NOTHING;
INSERT INTO bookings (booking_reference, guest_id, room_id, check_in_date, check_out_date, total_room_price_ngn, total_amount_ngn, status, payment_status, amount_paid_ngn) VALUES ('booking_3880_67f645b', 'bb39d075-440a-4df0-8de7-3eb3fd040e64', 'f78d9fae-b8d0-4006-a221-8b2bafaf1724', '2025-04-09', '2025-04-11', 180000, 180000, 'confirmed', 'paid', 180000) ON CONFLICT (booking_reference) DO NOTHING;
INSERT INTO bookings (booking_reference, guest_id, room_id, check_in_date, check_out_date, total_room_price_ngn, total_amount_ngn, status, payment_status, amount_paid_ngn) VALUES ('booking_3883_67f6468', '759ca0b6-5517-43a4-8b7d-8841ce4cf5ec', 'cad2bc4d-5eaa-429b-b9f1-faedd37fdc35', '2025-04-11', '2025-04-13', 240000, 240000, 'confirmed', 'paid', 240000) ON CONFLICT (booking_reference) DO NOTHING;
INSERT INTO bookings (booking_reference, guest_id, room_id, check_in_date, check_out_date, total_room_price_ngn, total_amount_ngn, status, payment_status, amount_paid_ngn) VALUES ('booking_3892_67f7f37', '9e6c08ae-3474-4408-8875-533efd1ab3e1', 'ca946c9a-b147-488c-8ea8-84a3e1d87cfb', '2025-04-10', '2025-04-11', 90000, 90000, 'confirmed', 'paid', 90000) ON CONFLICT (booking_reference) DO NOTHING;
INSERT INTO bookings (booking_reference, guest_id, room_id, check_in_date, check_out_date, total_room_price_ngn, total_amount_ngn, status, payment_status, amount_paid_ngn) VALUES ('booking_3898_67f975c', '6aa9287f-d522-48a8-83a3-e07553ac8808', 'cad2bc4d-5eaa-429b-b9f1-faedd37fdc35', '2025-04-13', '2025-04-14', 130000, 130000, 'confirmed', 'paid', 130000) ON CONFLICT (booking_reference) DO NOTHING;
INSERT INTO bookings (booking_reference, guest_id, room_id, check_in_date, check_out_date, total_room_price_ngn, total_amount_ngn, status, payment_status, amount_paid_ngn) VALUES ('booking_3908_67fceab', '0db6c08a-b493-40ff-a187-0c602a51bd1f', 'ca946c9a-b147-488c-8ea8-84a3e1d87cfb', '2025-04-14', '2025-04-15', 110000, 110000, 'confirmed', 'paid', 110000) ON CONFLICT (booking_reference) DO NOTHING;
INSERT INTO bookings (booking_reference, guest_id, room_id, check_in_date, check_out_date, total_room_price_ngn, total_amount_ngn, status, payment_status, amount_paid_ngn) VALUES ('booking_3910_67fcece', 'fadcfbdc-da14-4f42-a671-5bceccb6ea02', 'f78d9fae-b8d0-4006-a221-8b2bafaf1724', '2025-04-14', '2025-04-15', 90000, 90000, 'confirmed', 'paid', 90000) ON CONFLICT (booking_reference) DO NOTHING;
INSERT INTO bookings (booking_reference, guest_id, room_id, check_in_date, check_out_date, total_room_price_ngn, total_amount_ngn, status, payment_status, amount_paid_ngn) VALUES ('booking_3913_67fd434', '4909722f-ec74-4ed7-9603-a51cbee46021', '5dff3a3e-9830-4575-ad57-4a6beb0314b7', '2025-04-14', '2025-04-15', 90000, 90000, 'confirmed', 'paid', 90000) ON CONFLICT (booking_reference) DO NOTHING;
INSERT INTO bookings (booking_reference, guest_id, room_id, check_in_date, check_out_date, total_room_price_ngn, total_amount_ngn, status, payment_status, amount_paid_ngn) VALUES ('booking_3915_67fe22a', 'fb87c950-bf7d-48d2-b2dd-766db0d7f789', 'ca946c9a-b147-488c-8ea8-84a3e1d87cfb', '2025-04-15', '2025-04-24', 810000, 810000, 'confirmed', 'paid', 810000) ON CONFLICT (booking_reference) DO NOTHING;
INSERT INTO bookings (booking_reference, guest_id, room_id, check_in_date, check_out_date, total_room_price_ngn, total_amount_ngn, status, payment_status, amount_paid_ngn) VALUES ('booking_3917_67fe831', 'ad47dfde-411b-4888-875f-dd3c45a41530', 'ca946c9a-b147-488c-8ea8-84a3e1d87cfb', '2025-04-24', '2025-04-26', 180000, 180000, 'confirmed', 'paid', 180000) ON CONFLICT (booking_reference) DO NOTHING;
INSERT INTO bookings (booking_reference, guest_id, room_id, check_in_date, check_out_date, total_room_price_ngn, total_amount_ngn, status, payment_status, amount_paid_ngn) VALUES ('booking_3920_67fea2b', '451a7626-1042-47b1-b746-252ff6d87c05', '8af12217-f3b3-4817-b214-c6f71266a63a', '2025-04-16', '2025-04-17', 20000, 20000, 'confirmed', 'paid', 20000) ON CONFLICT (booking_reference) DO NOTHING;
INSERT INTO bookings (booking_reference, guest_id, room_id, check_in_date, check_out_date, total_room_price_ngn, total_amount_ngn, status, payment_status, amount_paid_ngn) VALUES ('booking_3924_67ff47f', 'da5915dd-773f-4d37-9956-41db546a9bcb', '8af12217-f3b3-4817-b214-c6f71266a63a', '2025-04-15', '2025-04-17', 40000, 40000, 'confirmed', 'paid', 40000) ON CONFLICT (booking_reference) DO NOTHING;
INSERT INTO bookings (booking_reference, guest_id, room_id, check_in_date, check_out_date, total_room_price_ngn, total_amount_ngn, status, payment_status, amount_paid_ngn) VALUES ('booking_3932_68000fc', 'c3dccde0-e65a-4795-98f0-d87da1ef64d1', 'f78d9fae-b8d0-4006-a221-8b2bafaf1724', '2025-04-22', '2025-04-23', 110000, 110000, 'confirmed', 'paid', 110000) ON CONFLICT (booking_reference) DO NOTHING;
INSERT INTO bookings (booking_reference, guest_id, room_id, check_in_date, check_out_date, total_room_price_ngn, total_amount_ngn, status, payment_status, amount_paid_ngn) VALUES ('booking_3934_6800189', 'd1678eea-f7e6-4824-8b2d-7156bfa1bf7d', '5dff3a3e-9830-4575-ad57-4a6beb0314b7', '2025-04-17', '2025-04-21', 360000, 360000, 'confirmed', 'paid', 360000) ON CONFLICT (booking_reference) DO NOTHING;
INSERT INTO bookings (booking_reference, guest_id, room_id, check_in_date, check_out_date, total_room_price_ngn, total_amount_ngn, status, payment_status, amount_paid_ngn) VALUES ('booking_3938_68001ce', '264b665b-5c0c-4bae-93d2-d9a7222e050a', 'cad2bc4d-5eaa-429b-b9f1-faedd37fdc35', '2025-04-17', '2025-04-18', 110000, 110000, 'confirmed', 'paid', 110000) ON CONFLICT (booking_reference) DO NOTHING;
INSERT INTO bookings (booking_reference, guest_id, room_id, check_in_date, check_out_date, total_room_price_ngn, total_amount_ngn, status, payment_status, amount_paid_ngn) VALUES ('booking_3942_6800c47', '0dbf1afd-c2c1-4fe4-9524-3ff41b6827f6', '8af12217-f3b3-4817-b214-c6f71266a63a', '2025-04-17', '2025-04-18', 25000, 25000, 'confirmed', 'paid', 25000) ON CONFLICT (booking_reference) DO NOTHING;
INSERT INTO bookings (booking_reference, guest_id, room_id, check_in_date, check_out_date, total_room_price_ngn, total_amount_ngn, status, payment_status, amount_paid_ngn) VALUES ('booking_3949_6801178', '8e517e85-d52e-471b-a6bd-18fa4f5deced', '8af12217-f3b3-4817-b214-c6f71266a63a', '2025-04-18', '2025-04-20', 50000, 50000, 'confirmed', 'paid', 50000) ON CONFLICT (booking_reference) DO NOTHING;
INSERT INTO bookings (booking_reference, guest_id, room_id, check_in_date, check_out_date, total_room_price_ngn, total_amount_ngn, status, payment_status, amount_paid_ngn) VALUES ('booking_3952_68012ba', '2d12a834-e789-468b-a2a3-0c7ffe35c46a', 'f78d9fae-b8d0-4006-a221-8b2bafaf1724', '2025-05-21', '2025-05-25', 1420000, 1420000, 'confirmed', 'paid', 1420000) ON CONFLICT (booking_reference) DO NOTHING;
INSERT INTO bookings (booking_reference, guest_id, room_id, check_in_date, check_out_date, total_room_price_ngn, total_amount_ngn, status, payment_status, amount_paid_ngn) VALUES ('booking_3959_6801833', '32cf0aed-df4b-453e-9b9d-8e05996ab2ce', 'cad2bc4d-5eaa-429b-b9f1-faedd37fdc35', '2025-04-18', '2025-04-19', 160000, 160000, 'confirmed', 'paid', 160000) ON CONFLICT (booking_reference) DO NOTHING;
INSERT INTO bookings (booking_reference, guest_id, room_id, check_in_date, check_out_date, total_room_price_ngn, total_amount_ngn, status, payment_status, amount_paid_ngn) VALUES ('booking_3969_6802aa6', 'e8ba8c3f-16ef-42f8-9721-5c99c23b3753', 'cad2bc4d-5eaa-429b-b9f1-faedd37fdc35', '2025-04-19', '2025-04-22', 486000, 486000, 'confirmed', 'paid', 486000) ON CONFLICT (booking_reference) DO NOTHING;
INSERT INTO bookings (booking_reference, guest_id, room_id, check_in_date, check_out_date, total_room_price_ngn, total_amount_ngn, status, payment_status, amount_paid_ngn) VALUES ('booking_3974_6803882', 'c532216a-7b7e-4870-98d6-27c03815db9c', 'f78d9fae-b8d0-4006-a221-8b2bafaf1724', '2025-04-20', '2025-04-21', 90000, 90000, 'confirmed', 'paid', 90000) ON CONFLICT (booking_reference) DO NOTHING;
INSERT INTO bookings (booking_reference, guest_id, room_id, check_in_date, check_out_date, total_room_price_ngn, total_amount_ngn, status, payment_status, amount_paid_ngn) VALUES ('booking_3976_68038f8', '8a169d0c-3f69-4415-bf0a-1290e61b5529', 'ca946c9a-b147-488c-8ea8-84a3e1d87cfb', '2025-04-26', '2025-04-28', 180000, 180000, 'confirmed', 'paid', 180000) ON CONFLICT (booking_reference) DO NOTHING;
INSERT INTO bookings (booking_reference, guest_id, room_id, check_in_date, check_out_date, total_room_price_ngn, total_amount_ngn, status, payment_status, amount_paid_ngn) VALUES ('booking_3979_68055b9', 'cc6f4f5b-9d9c-4a97-9a5d-0a1ed4f56038', 'f78d9fae-b8d0-4006-a221-8b2bafaf1724', '2025-04-21', '2025-04-22', 110000, 110000, 'confirmed', 'paid', 110000) ON CONFLICT (booking_reference) DO NOTHING;
INSERT INTO bookings (booking_reference, guest_id, room_id, check_in_date, check_out_date, total_room_price_ngn, total_amount_ngn, status, payment_status, amount_paid_ngn) VALUES ('booking_3983_680612b', '97790b0e-109c-4bbe-a54b-94170620d472', 'f78d9fae-b8d0-4006-a221-8b2bafaf1724', '2025-04-27', '2025-04-28', 110000, 110000, 'confirmed', 'paid', 110000) ON CONFLICT (booking_reference) DO NOTHING;
INSERT INTO bookings (booking_reference, guest_id, room_id, check_in_date, check_out_date, total_room_price_ngn, total_amount_ngn, status, payment_status, amount_paid_ngn) VALUES ('booking_3988_6807cfb', 'f7dc2d1a-70a1-4a58-be51-c20b96a8102e', 'ca946c9a-b147-488c-8ea8-84a3e1d87cfb', '2025-06-13', '2025-06-16', 260000, 260000, 'confirmed', 'paid', 260000) ON CONFLICT (booking_reference) DO NOTHING;
INSERT INTO bookings (booking_reference, guest_id, room_id, check_in_date, check_out_date, total_room_price_ngn, total_amount_ngn, status, payment_status, amount_paid_ngn) VALUES ('booking_3997_680a1e5', 'f7bccfbe-8c6d-4bc5-8a54-202c77cdaa7b', 'cad2bc4d-5eaa-429b-b9f1-faedd37fdc35', '2025-04-25', '2025-04-26', 90000, 90000, 'confirmed', 'paid', 90000) ON CONFLICT (booking_reference) DO NOTHING;
INSERT INTO bookings (booking_reference, guest_id, room_id, check_in_date, check_out_date, total_room_price_ngn, total_amount_ngn, status, payment_status, amount_paid_ngn) VALUES ('booking_4003_680bf13', '0bb8a6e9-99e1-45f7-8700-c732703da32e', 'f78d9fae-b8d0-4006-a221-8b2bafaf1724', '2025-05-01', '2025-05-02', 100000, 100000, 'confirmed', 'paid', 100000) ON CONFLICT (booking_reference) DO NOTHING;
INSERT INTO bookings (booking_reference, guest_id, room_id, check_in_date, check_out_date, total_room_price_ngn, total_amount_ngn, status, payment_status, amount_paid_ngn) VALUES ('booking_4005_680cac9', '42c4a721-c534-47fc-9142-a0c654cc7551', '8af12217-f3b3-4817-b214-c6f71266a63a', '2025-04-25', '2025-04-26', 20000, 20000, 'confirmed', 'paid', 20000) ON CONFLICT (booking_reference) DO NOTHING;
INSERT INTO bookings (booking_reference, guest_id, room_id, check_in_date, check_out_date, total_room_price_ngn, total_amount_ngn, status, payment_status, amount_paid_ngn) VALUES ('booking_4011_680ccc3', '6b001c96-6eb1-42ee-bd03-2333ddda64fb', '8af12217-f3b3-4817-b214-c6f71266a63a', '2025-04-26', '2025-04-27', 20000, 20000, 'confirmed', 'paid', 20000) ON CONFLICT (booking_reference) DO NOTHING;
INSERT INTO bookings (booking_reference, guest_id, room_id, check_in_date, check_out_date, total_room_price_ngn, total_amount_ngn, status, payment_status, amount_paid_ngn) VALUES ('booking_4015_680cd3f', '90d1fde6-d07c-46b6-9823-7d8d9d55646e', '8af12217-f3b3-4817-b214-c6f71266a63a', '2025-04-26', '2025-05-15', 380000, 380000, 'confirmed', 'paid', 380000) ON CONFLICT (booking_reference) DO NOTHING;
INSERT INTO bookings (booking_reference, guest_id, room_id, check_in_date, check_out_date, total_room_price_ngn, total_amount_ngn, status, payment_status, amount_paid_ngn) VALUES ('booking_4017_680df49', '5395864a-4c91-4822-acd0-8e19351f1194', '5dff3a3e-9830-4575-ad57-4a6beb0314b7', '2025-04-27', '2025-04-28', 80000, 80000, 'confirmed', 'paid', 80000) ON CONFLICT (booking_reference) DO NOTHING;
INSERT INTO bookings (booking_reference, guest_id, room_id, check_in_date, check_out_date, total_room_price_ngn, total_amount_ngn, status, payment_status, amount_paid_ngn) VALUES ('booking_4020_680e98d', '51c45b9a-9b8b-4454-8e53-65354e196b71', 'ca946c9a-b147-488c-8ea8-84a3e1d87cfb', '2025-04-30', '2025-05-03', 330000, 330000, 'confirmed', 'paid', 330000) ON CONFLICT (booking_reference) DO NOTHING;
INSERT INTO bookings (booking_reference, guest_id, room_id, check_in_date, check_out_date, total_room_price_ngn, total_amount_ngn, status, payment_status, amount_paid_ngn) VALUES ('booking_4025_680f61c', '40d49438-344c-4bf2-bf13-19213cf430b9', 'f78d9fae-b8d0-4006-a221-8b2bafaf1724', '2025-04-28', '2025-04-29', 90000, 90000, 'confirmed', 'paid', 90000) ON CONFLICT (booking_reference) DO NOTHING;
INSERT INTO bookings (booking_reference, guest_id, room_id, check_in_date, check_out_date, total_room_price_ngn, total_amount_ngn, status, payment_status, amount_paid_ngn) VALUES ('booking_4031_6810931', 'df910efa-2f7e-4cd2-b352-9a7ec53a6338', 'ca946c9a-b147-488c-8ea8-84a3e1d87cfb', '2025-04-29', '2025-04-30', 90000, 90000, 'confirmed', 'paid', 90000) ON CONFLICT (booking_reference) DO NOTHING;
INSERT INTO bookings (booking_reference, guest_id, room_id, check_in_date, check_out_date, total_room_price_ngn, total_amount_ngn, status, payment_status, amount_paid_ngn) VALUES ('booking_4033_681093b', 'daf98e25-165e-4505-a145-89ebb2986f67', 'cad2bc4d-5eaa-429b-b9f1-faedd37fdc35', '2025-04-29', '2025-05-03', 648000, 648000, 'confirmed', 'paid', 648000) ON CONFLICT (booking_reference) DO NOTHING;
INSERT INTO bookings (booking_reference, guest_id, room_id, check_in_date, check_out_date, total_room_price_ngn, total_amount_ngn, status, payment_status, amount_paid_ngn) VALUES ('booking_4038_6810ea5', '8c211aa4-17c7-4c64-8b1c-a4b897136f87', '5dff3a3e-9830-4575-ad57-4a6beb0314b7', '2025-04-30', '2025-05-03', 270000, 270000, 'confirmed', 'paid', 270000) ON CONFLICT (booking_reference) DO NOTHING;
INSERT INTO bookings (booking_reference, guest_id, room_id, check_in_date, check_out_date, total_room_price_ngn, total_amount_ngn, status, payment_status, amount_paid_ngn) VALUES ('booking_4041_6810eb3', '01bc3267-53c2-455a-8462-680ba24b7e70', 'cad2bc4d-5eaa-429b-b9f1-faedd37fdc35', '2025-05-03', '2025-05-04', 150000, 150000, 'confirmed', 'paid', 150000) ON CONFLICT (booking_reference) DO NOTHING;
INSERT INTO bookings (booking_reference, guest_id, room_id, check_in_date, check_out_date, total_room_price_ngn, total_amount_ngn, status, payment_status, amount_paid_ngn) VALUES ('booking_4045_68114a8', 'af24e91e-017d-4f49-8294-eaea2279cdd3', 'f78d9fae-b8d0-4006-a221-8b2bafaf1724', '2025-05-02', '2025-05-03', 90000, 90000, 'confirmed', 'paid', 90000) ON CONFLICT (booking_reference) DO NOTHING;
INSERT INTO bookings (booking_reference, guest_id, room_id, check_in_date, check_out_date, total_room_price_ngn, total_amount_ngn, status, payment_status, amount_paid_ngn) VALUES ('booking_4054_6812582', 'ed26cd13-8444-4d18-88f6-195647542461', 'f78d9fae-b8d0-4006-a221-8b2bafaf1724', '2025-05-09', '2025-05-12', 315000, 315000, 'confirmed', 'paid', 315000) ON CONFLICT (booking_reference) DO NOTHING;
INSERT INTO bookings (booking_reference, guest_id, room_id, check_in_date, check_out_date, total_room_price_ngn, total_amount_ngn, status, payment_status, amount_paid_ngn) VALUES ('booking_4058_681293b', '2f1864b7-144e-4749-8aa3-df3fb5af5c34', '8af12217-f3b3-4817-b214-c6f71266a63a', '2025-04-30', '2025-05-01', 25000, 25000, 'confirmed', 'paid', 25000) ON CONFLICT (booking_reference) DO NOTHING;
INSERT INTO bookings (booking_reference, guest_id, room_id, check_in_date, check_out_date, total_room_price_ngn, total_amount_ngn, status, payment_status, amount_paid_ngn) VALUES ('booking_4068_6813d20', 'c8ab48ea-c244-43ae-a060-bd77819f3cc2', '8af12217-f3b3-4817-b214-c6f71266a63a', '2025-05-01', '2025-05-02', 20000, 20000, 'confirmed', 'paid', 20000) ON CONFLICT (booking_reference) DO NOTHING;
INSERT INTO bookings (booking_reference, guest_id, room_id, check_in_date, check_out_date, total_room_price_ngn, total_amount_ngn, status, payment_status, amount_paid_ngn) VALUES ('booking_4075_6814827', '941a4fd2-a2b3-4b47-82bc-c22dbd2eab2f', '5dff3a3e-9830-4575-ad57-4a6beb0314b7', '2025-05-03', '2025-05-05', 160000, 160000, 'confirmed', 'paid', 160000) ON CONFLICT (booking_reference) DO NOTHING;
INSERT INTO bookings (booking_reference, guest_id, room_id, check_in_date, check_out_date, total_room_price_ngn, total_amount_ngn, status, payment_status, amount_paid_ngn) VALUES ('booking_4077_6814a29', 'be1a5ecb-f0c8-4d81-8516-827a1bb82e18', 'ca946c9a-b147-488c-8ea8-84a3e1d87cfb', '2025-05-03', '2025-05-05', 160000, 160000, 'confirmed', 'paid', 160000) ON CONFLICT (booking_reference) DO NOTHING;
INSERT INTO bookings (booking_reference, guest_id, room_id, check_in_date, check_out_date, total_room_price_ngn, total_amount_ngn, status, payment_status, amount_paid_ngn) VALUES ('booking_4079_6814d25', '70d6f489-d175-4fcc-81c9-ae9d501b6cab', 'f78d9fae-b8d0-4006-a221-8b2bafaf1724', '2025-05-05', '2025-05-07', 544000, 544000, 'confirmed', 'paid', 544000) ON CONFLICT (booking_reference) DO NOTHING;
INSERT INTO bookings (booking_reference, guest_id, room_id, check_in_date, check_out_date, total_room_price_ngn, total_amount_ngn, status, payment_status, amount_paid_ngn) VALUES ('booking_4083_6814d2c', 'ef736d30-5b78-4e65-a74a-57d180d6ea69', 'f78d9fae-b8d0-4006-a221-8b2bafaf1724', '2025-05-03', '2025-05-04', 90000, 90000, 'confirmed', 'paid', 90000) ON CONFLICT (booking_reference) DO NOTHING;
INSERT INTO bookings (booking_reference, guest_id, room_id, check_in_date, check_out_date, total_room_price_ngn, total_amount_ngn, status, payment_status, amount_paid_ngn) VALUES ('booking_4085_6814ea4', '622772bd-cb58-44df-b419-bda4852ef16c', '8af12217-f3b3-4817-b214-c6f71266a63a', '2025-05-02', '2025-05-03', 25000, 25000, 'confirmed', 'paid', 25000) ON CONFLICT (booking_reference) DO NOTHING;
INSERT INTO bookings (booking_reference, guest_id, room_id, check_in_date, check_out_date, total_room_price_ngn, total_amount_ngn, status, payment_status, amount_paid_ngn) VALUES ('booking_4101_6819048', '499fb591-6fe3-462e-b3e7-17f193856811', '5dff3a3e-9830-4575-ad57-4a6beb0314b7', '2025-05-06', '2025-05-23', 1190000, 1190000, 'confirmed', 'paid', 1190000) ON CONFLICT (booking_reference) DO NOTHING;
INSERT INTO bookings (booking_reference, guest_id, room_id, check_in_date, check_out_date, total_room_price_ngn, total_amount_ngn, status, payment_status, amount_paid_ngn) VALUES ('booking_4103_68192d1', '18c7c126-60ed-4b69-a38a-7fc4fe988dc8', '8af12217-f3b3-4817-b214-c6f71266a63a', '2025-05-04', '2025-05-06', 40000, 40000, 'confirmed', 'paid', 40000) ON CONFLICT (booking_reference) DO NOTHING;
INSERT INTO bookings (booking_reference, guest_id, room_id, check_in_date, check_out_date, total_room_price_ngn, total_amount_ngn, status, payment_status, amount_paid_ngn) VALUES ('booking_4108_681a613', '0614c0b6-4f5c-490b-8a8d-aef14af65571', '8af12217-f3b3-4817-b214-c6f71266a63a', '2025-05-06', '2025-05-07', 25000, 25000, 'confirmed', 'paid', 25000) ON CONFLICT (booking_reference) DO NOTHING;
INSERT INTO bookings (booking_reference, guest_id, room_id, check_in_date, check_out_date, total_room_price_ngn, total_amount_ngn, status, payment_status, amount_paid_ngn) VALUES ('booking_4113_681b3eb', '12bad4b9-4419-4a61-be96-1f3e27680d52', '8af12217-f3b3-4817-b214-c6f71266a63a', '2025-05-07', '2025-05-09', 50000, 50000, 'confirmed', 'paid', 50000) ON CONFLICT (booking_reference) DO NOTHING;
INSERT INTO bookings (booking_reference, guest_id, room_id, check_in_date, check_out_date, total_room_price_ngn, total_amount_ngn, status, payment_status, amount_paid_ngn) VALUES ('booking_4117_681b612', '3217db57-9f8c-4a68-8a0e-fa0223c1dee1', 'ca946c9a-b147-488c-8ea8-84a3e1d87cfb', '2025-05-07', '2025-05-11', 440000, 440000, 'confirmed', 'paid', 440000) ON CONFLICT (booking_reference) DO NOTHING;
INSERT INTO bookings (booking_reference, guest_id, room_id, check_in_date, check_out_date, total_room_price_ngn, total_amount_ngn, status, payment_status, amount_paid_ngn) VALUES ('booking_4119_681b736', '18cda6f8-9fce-41a4-b8b6-0327c4138f8b', 'f78d9fae-b8d0-4006-a221-8b2bafaf1724', '2025-05-15', '2025-05-16', 90000, 90000, 'confirmed', 'paid', 90000) ON CONFLICT (booking_reference) DO NOTHING;
INSERT INTO bookings (booking_reference, guest_id, room_id, check_in_date, check_out_date, total_room_price_ngn, total_amount_ngn, status, payment_status, amount_paid_ngn) VALUES ('booking_4123_681bd1d', '2c9c565f-f241-4aaf-87ea-df67c758a814', 'f78d9fae-b8d0-4006-a221-8b2bafaf1724', '2025-05-08', '2025-05-09', 90000, 90000, 'confirmed', 'paid', 90000) ON CONFLICT (booking_reference) DO NOTHING;
INSERT INTO bookings (booking_reference, guest_id, room_id, check_in_date, check_out_date, total_room_price_ngn, total_amount_ngn, status, payment_status, amount_paid_ngn) VALUES ('booking_4132_681dddb', '47197e6f-2eb8-4580-b71b-c77d7b5daade', 'cad2bc4d-5eaa-429b-b9f1-faedd37fdc35', '2025-05-09', '2025-05-11', 300000, 300000, 'confirmed', 'paid', 300000) ON CONFLICT (booking_reference) DO NOTHING;
INSERT INTO bookings (booking_reference, guest_id, room_id, check_in_date, check_out_date, total_room_price_ngn, total_amount_ngn, status, payment_status, amount_paid_ngn) VALUES ('booking_4138_681e19d', '176193bd-a965-4fad-9795-11ba7160f054', 'cad2bc4d-5eaa-429b-b9f1-faedd37fdc35', '2025-06-25', '2025-06-30', 810000, 810000, 'confirmed', 'paid', 810000) ON CONFLICT (booking_reference) DO NOTHING;
INSERT INTO bookings (booking_reference, guest_id, room_id, check_in_date, check_out_date, total_room_price_ngn, total_amount_ngn, status, payment_status, amount_paid_ngn) VALUES ('booking_4143_681f869', 'b4d4e810-0d16-4ae7-a481-db83a2d198c8', '8af12217-f3b3-4817-b214-c6f71266a63a', '2025-05-10', '2025-05-11', 25000, 25000, 'confirmed', 'paid', 25000) ON CONFLICT (booking_reference) DO NOTHING;
INSERT INTO bookings (booking_reference, guest_id, room_id, check_in_date, check_out_date, total_room_price_ngn, total_amount_ngn, status, payment_status, amount_paid_ngn) VALUES ('booking_4146_681fae3', '9f5cc32e-a408-44c7-b95e-8633633836b1', '8af12217-f3b3-4817-b214-c6f71266a63a', '2025-05-11', '2025-05-12', 20000, 20000, 'confirmed', 'paid', 20000) ON CONFLICT (booking_reference) DO NOTHING;
INSERT INTO bookings (booking_reference, guest_id, room_id, check_in_date, check_out_date, total_room_price_ngn, total_amount_ngn, status, payment_status, amount_paid_ngn) VALUES ('booking_4153_6820bd4', '31344658-f37f-4703-a025-c07a0dc31b8f', 'ca946c9a-b147-488c-8ea8-84a3e1d87cfb', '2025-05-11', '2025-05-13', 180000, 180000, 'confirmed', 'paid', 180000) ON CONFLICT (booking_reference) DO NOTHING;
INSERT INTO bookings (booking_reference, guest_id, room_id, check_in_date, check_out_date, total_room_price_ngn, total_amount_ngn, status, payment_status, amount_paid_ngn) VALUES ('booking_4158_6820ebd', '4fca181c-0490-4a04-a604-aad17f88da0b', 'cad2bc4d-5eaa-429b-b9f1-faedd37fdc35', '2025-05-11', '2025-05-12', 155000, 155000, 'confirmed', 'paid', 155000) ON CONFLICT (booking_reference) DO NOTHING;
INSERT INTO bookings (booking_reference, guest_id, room_id, check_in_date, check_out_date, total_room_price_ngn, total_amount_ngn, status, payment_status, amount_paid_ngn) VALUES ('booking_4165_68211c2', 'd00fa9b1-71c6-492e-bd95-32f791534382', '5dff3a3e-9830-4575-ad57-4a6beb0314b7', '2025-05-23', '2025-05-25', 180000, 180000, 'confirmed', 'paid', 180000) ON CONFLICT (booking_reference) DO NOTHING;
INSERT INTO bookings (booking_reference, guest_id, room_id, check_in_date, check_out_date, total_room_price_ngn, total_amount_ngn, status, payment_status, amount_paid_ngn) VALUES ('booking_4170_6821c97', '27d9cb0a-3c62-468d-9dc1-98e300f6f1e4', '8af12217-f3b3-4817-b214-c6f71266a63a', '2025-05-12', '2025-05-13', 20000, 20000, 'confirmed', 'paid', 20000) ON CONFLICT (booking_reference) DO NOTHING;
INSERT INTO bookings (booking_reference, guest_id, room_id, check_in_date, check_out_date, total_room_price_ngn, total_amount_ngn, status, payment_status, amount_paid_ngn) VALUES ('booking_4172_6821cdf', '4db29019-8cfe-41be-84b5-b1a1d7717d15', 'f78d9fae-b8d0-4006-a221-8b2bafaf1724', '2025-05-13', '2025-05-15', 220000, 220000, 'confirmed', 'paid', 220000) ON CONFLICT (booking_reference) DO NOTHING;
INSERT INTO bookings (booking_reference, guest_id, room_id, check_in_date, check_out_date, total_room_price_ngn, total_amount_ngn, status, payment_status, amount_paid_ngn) VALUES ('booking_4175_6821ce5', 'eb67e3e2-b287-4f20-b537-79212d00ab32', 'f78d9fae-b8d0-4006-a221-8b2bafaf1724', '2025-05-12', '2025-05-13', 110000, 110000, 'confirmed', 'paid', 110000) ON CONFLICT (booking_reference) DO NOTHING;
INSERT INTO bookings (booking_reference, guest_id, room_id, check_in_date, check_out_date, total_room_price_ngn, total_amount_ngn, status, payment_status, amount_paid_ngn) VALUES ('booking_4181_6822540', '349f6fb8-5ba5-45c1-b521-3486584d6ae7', 'ca946c9a-b147-488c-8ea8-84a3e1d87cfb', '2025-05-13', '2025-05-20', 630000, 630000, 'confirmed', 'paid', 630000) ON CONFLICT (booking_reference) DO NOTHING;
INSERT INTO bookings (booking_reference, guest_id, room_id, check_in_date, check_out_date, total_room_price_ngn, total_amount_ngn, status, payment_status, amount_paid_ngn) VALUES ('booking_4183_68233fd', '81409458-23ec-4a36-8756-1f11ecdba169', '8af12217-f3b3-4817-b214-c6f71266a63a', '2025-05-13', '2025-05-14', 20000, 20000, 'confirmed', 'paid', 20000) ON CONFLICT (booking_reference) DO NOTHING;
INSERT INTO bookings (booking_reference, guest_id, room_id, check_in_date, check_out_date, total_room_price_ngn, total_amount_ngn, status, payment_status, amount_paid_ngn) VALUES ('booking_4185_6824808', '0ca59482-a784-49a8-805b-a69dfe773bde', '8af12217-f3b3-4817-b214-c6f71266a63a', '2025-05-14', '2025-05-15', 20000, 20000, 'confirmed', 'paid', 20000) ON CONFLICT (booking_reference) DO NOTHING;
INSERT INTO bookings (booking_reference, guest_id, room_id, check_in_date, check_out_date, total_room_price_ngn, total_amount_ngn, status, payment_status, amount_paid_ngn) VALUES ('booking_4188_6824db6', 'ed6f7208-17e4-4837-9ca3-b6b3d8a048c8', 'a64b9f4a-e434-40fe-8052-dadf544229b0', '2025-05-25', '2025-05-26', 100000, 100000, 'confirmed', 'paid', 100000) ON CONFLICT (booking_reference) DO NOTHING;
INSERT INTO bookings (booking_reference, guest_id, room_id, check_in_date, check_out_date, total_room_price_ngn, total_amount_ngn, status, payment_status, amount_paid_ngn) VALUES ('booking_4190_6824f3e', '7855f82e-a6e8-47be-8f8a-878aedb814fa', 'cad2bc4d-5eaa-429b-b9f1-faedd37fdc35', '2025-05-15', '2025-05-17', 324000, 324000, 'confirmed', 'paid', 324000) ON CONFLICT (booking_reference) DO NOTHING;
INSERT INTO bookings (booking_reference, guest_id, room_id, check_in_date, check_out_date, total_room_price_ngn, total_amount_ngn, status, payment_status, amount_paid_ngn) VALUES ('booking_4193_682722a', '0e64d11b-b6c5-4fe5-8f9e-e8131adfa2dc', 'cad2bc4d-5eaa-429b-b9f1-faedd37fdc35', '2025-07-11', '2025-07-12', 162000, 162000, 'confirmed', 'paid', 162000) ON CONFLICT (booking_reference) DO NOTHING;
INSERT INTO bookings (booking_reference, guest_id, room_id, check_in_date, check_out_date, total_room_price_ngn, total_amount_ngn, status, payment_status, amount_paid_ngn) VALUES ('booking_4197_6827b51', '274a4d71-96ba-4d9e-9107-610f2c09981d', 'cad2bc4d-5eaa-429b-b9f1-faedd37fdc35', '2025-05-17', '2025-05-18', 90000, 90000, 'confirmed', 'paid', 90000) ON CONFLICT (booking_reference) DO NOTHING;
INSERT INTO bookings (booking_reference, guest_id, room_id, check_in_date, check_out_date, total_room_price_ngn, total_amount_ngn, status, payment_status, amount_paid_ngn) VALUES ('booking_4200_682875d', '22cad0c0-c6ce-4ae2-8b9e-858a1a55426c', 'f78d9fae-b8d0-4006-a221-8b2bafaf1724', '2025-05-17', '2025-05-18', 110000, 110000, 'confirmed', 'paid', 110000) ON CONFLICT (booking_reference) DO NOTHING;
INSERT INTO bookings (booking_reference, guest_id, room_id, check_in_date, check_out_date, total_room_price_ngn, total_amount_ngn, status, payment_status, amount_paid_ngn) VALUES ('booking_4211_6829d38', '40bd56ef-7f1a-4438-97b8-b40544eb10ea', '8af12217-f3b3-4817-b214-c6f71266a63a', '2025-05-18', '2025-05-19', 20000, 20000, 'confirmed', 'paid', 20000) ON CONFLICT (booking_reference) DO NOTHING;
INSERT INTO bookings (booking_reference, guest_id, room_id, check_in_date, check_out_date, total_room_price_ngn, total_amount_ngn, status, payment_status, amount_paid_ngn) VALUES ('booking_4213_682a225', '278fbf71-fd29-400b-9607-03ddb3e248fa', 'f78d9fae-b8d0-4006-a221-8b2bafaf1724', '2025-05-19', '2025-05-21', 180000, 180000, 'confirmed', 'paid', 180000) ON CONFLICT (booking_reference) DO NOTHING;
INSERT INTO bookings (booking_reference, guest_id, room_id, check_in_date, check_out_date, total_room_price_ngn, total_amount_ngn, status, payment_status, amount_paid_ngn) VALUES ('booking_4219_682a238', 'fd6bf3ff-5620-454f-817d-ab0aeaee22fb', 'f78d9fae-b8d0-4006-a221-8b2bafaf1724', '2025-05-18', '2025-05-19', 90000, 90000, 'confirmed', 'paid', 90000) ON CONFLICT (booking_reference) DO NOTHING;
INSERT INTO bookings (booking_reference, guest_id, room_id, check_in_date, check_out_date, total_room_price_ngn, total_amount_ngn, status, payment_status, amount_paid_ngn) VALUES ('booking_4227_682dd85', 'fa55fa03-60fa-4bf3-baae-73d4524a8b4a', 'f78d9fae-b8d0-4006-a221-8b2bafaf1724', '2025-05-28', '2025-06-02', 400000, 400000, 'confirmed', 'paid', 400000) ON CONFLICT (booking_reference) DO NOTHING;
INSERT INTO bookings (booking_reference, guest_id, room_id, check_in_date, check_out_date, total_room_price_ngn, total_amount_ngn, status, payment_status, amount_paid_ngn) VALUES ('booking_4232_682e26f', '8e9681dd-117b-4f8c-a1d4-120f66538618', 'f78d9fae-b8d0-4006-a221-8b2bafaf1724', '2025-05-25', '2025-05-26', 90000, 90000, 'confirmed', 'paid', 90000) ON CONFLICT (booking_reference) DO NOTHING;
INSERT INTO bookings (booking_reference, guest_id, room_id, check_in_date, check_out_date, total_room_price_ngn, total_amount_ngn, status, payment_status, amount_paid_ngn) VALUES ('booking_4234_682f3f1', '41f8d0b1-770b-4c8a-bb72-d1b7b5b2e5da', 'f78d9fae-b8d0-4006-a221-8b2bafaf1724', '2025-05-27', '2025-05-28', 110000, 110000, 'confirmed', 'paid', 110000) ON CONFLICT (booking_reference) DO NOTHING;
INSERT INTO bookings (booking_reference, guest_id, room_id, check_in_date, check_out_date, total_room_price_ngn, total_amount_ngn, status, payment_status, amount_paid_ngn) VALUES ('booking_4237_682f595', 'd1ba2e86-be0a-4219-9773-7e49b6831119', '5dff3a3e-9830-4575-ad57-4a6beb0314b7', '2025-05-25', '2025-06-06', 840000, 840000, 'confirmed', 'paid', 840000) ON CONFLICT (booking_reference) DO NOTHING;
INSERT INTO bookings (booking_reference, guest_id, room_id, check_in_date, check_out_date, total_room_price_ngn, total_amount_ngn, status, payment_status, amount_paid_ngn) VALUES ('booking_4239_6831eb8', 'fda18558-28f0-4973-ab00-4a61637fa0ae', '8af12217-f3b3-4817-b214-c6f71266a63a', '2025-05-24', '2025-06-11', 360000, 360000, 'confirmed', 'paid', 360000) ON CONFLICT (booking_reference) DO NOTHING;
INSERT INTO bookings (booking_reference, guest_id, room_id, check_in_date, check_out_date, total_room_price_ngn, total_amount_ngn, status, payment_status, amount_paid_ngn) VALUES ('booking_4242_6832b8e', '1f63f7b8-d0a1-4116-9cde-186e1938f38b', 'ca946c9a-b147-488c-8ea8-84a3e1d87cfb', '2025-05-25', '2025-05-27', 220000, 220000, 'confirmed', 'paid', 220000) ON CONFLICT (booking_reference) DO NOTHING;
INSERT INTO bookings (booking_reference, guest_id, room_id, check_in_date, check_out_date, total_room_price_ngn, total_amount_ngn, status, payment_status, amount_paid_ngn) VALUES ('booking_4245_6833289', '33b0b833-7306-4ce1-bb82-3719175ce250', 'cad2bc4d-5eaa-429b-b9f1-faedd37fdc35', '2025-05-25', '2025-05-26', 135000, 135000, 'confirmed', 'paid', 135000) ON CONFLICT (booking_reference) DO NOTHING;
INSERT INTO bookings (booking_reference, guest_id, room_id, check_in_date, check_out_date, total_room_price_ngn, total_amount_ngn, status, payment_status, amount_paid_ngn) VALUES ('booking_4266_683473e', '0f87efb5-6273-4f14-9b63-dbd2c235cb10', 'cad2bc4d-5eaa-429b-b9f1-faedd37fdc35', '2025-05-31', '2025-06-01', 162000, 162000, 'confirmed', 'paid', 162000) ON CONFLICT (booking_reference) DO NOTHING;
INSERT INTO bookings (booking_reference, guest_id, room_id, check_in_date, check_out_date, total_room_price_ngn, total_amount_ngn, status, payment_status, amount_paid_ngn) VALUES ('booking_4270_6834ca4', 'afef6628-c27a-4e7f-9cb4-ae6a990528ed', 'ca946c9a-b147-488c-8ea8-84a3e1d87cfb', '2025-05-27', '2025-06-03', 770000, 770000, 'confirmed', 'paid', 770000) ON CONFLICT (booking_reference) DO NOTHING;
INSERT INTO bookings (booking_reference, guest_id, room_id, check_in_date, check_out_date, total_room_price_ngn, total_amount_ngn, status, payment_status, amount_paid_ngn) VALUES ('booking_4273_6834d62', '5c2d3be4-0a9d-4b16-bc1c-4e0eac14bbce', '8af12217-f3b3-4817-b214-c6f71266a63a', '2025-05-27', '2025-05-28', 25000, 25000, 'confirmed', 'paid', 25000) ON CONFLICT (booking_reference) DO NOTHING;
INSERT INTO bookings (booking_reference, guest_id, room_id, check_in_date, check_out_date, total_room_price_ngn, total_amount_ngn, status, payment_status, amount_paid_ngn) VALUES ('booking_4279_683712d', 'e385545c-2b3d-4291-aff6-e92e5263d608', 'a64b9f4a-e434-40fe-8052-dadf544229b0', '2025-06-08', '2025-06-09', 100000, 100000, 'confirmed', 'paid', 100000) ON CONFLICT (booking_reference) DO NOTHING;
INSERT INTO bookings (booking_reference, guest_id, room_id, check_in_date, check_out_date, total_room_price_ngn, total_amount_ngn, status, payment_status, amount_paid_ngn) VALUES ('booking_4285_683893b', 'fd6f5082-bb90-411e-a121-d8411ac5c581', '8af12217-f3b3-4817-b214-c6f71266a63a', '2025-05-30', '2025-05-31', 20000, 20000, 'confirmed', 'paid', 20000) ON CONFLICT (booking_reference) DO NOTHING;
INSERT INTO bookings (booking_reference, guest_id, room_id, check_in_date, check_out_date, total_room_price_ngn, total_amount_ngn, status, payment_status, amount_paid_ngn) VALUES ('booking_4287_6839ae5', '70c23b58-a62e-4b5e-8b3f-63c14a5f2e13', 'cad2bc4d-5eaa-429b-b9f1-faedd37fdc35', '2025-05-30', '2025-05-31', 162000, 162000, 'confirmed', 'paid', 162000) ON CONFLICT (booking_reference) DO NOTHING;
INSERT INTO bookings (booking_reference, guest_id, room_id, check_in_date, check_out_date, total_room_price_ngn, total_amount_ngn, status, payment_status, amount_paid_ngn) VALUES ('booking_4296_683b099', '174b5518-c69f-4ab6-8b5c-d471d8f006b0', 'cad2bc4d-5eaa-429b-b9f1-faedd37fdc35', '2025-06-01', '2025-06-02', 162000, 162000, 'confirmed', 'paid', 162000) ON CONFLICT (booking_reference) DO NOTHING;
INSERT INTO bookings (booking_reference, guest_id, room_id, check_in_date, check_out_date, total_room_price_ngn, total_amount_ngn, status, payment_status, amount_paid_ngn) VALUES ('booking_4298_683b724', '68a63521-15d2-4ab5-88eb-33dd6444f7e2', 'f78d9fae-b8d0-4006-a221-8b2bafaf1724', '2025-06-08', '2025-06-09', 90000, 90000, 'confirmed', 'paid', 90000) ON CONFLICT (booking_reference) DO NOTHING;
INSERT INTO bookings (booking_reference, guest_id, room_id, check_in_date, check_out_date, total_room_price_ngn, total_amount_ngn, status, payment_status, amount_paid_ngn) VALUES ('booking_4300_683c445', '939d52f9-1f4c-49fe-b719-fa2d78dab0f7', '8af12217-f3b3-4817-b214-c6f71266a63a', '2025-06-01', '2025-08-18', 1950000, 1950000, 'confirmed', 'paid', 1950000) ON CONFLICT (booking_reference) DO NOTHING;
INSERT INTO bookings (booking_reference, guest_id, room_id, check_in_date, check_out_date, total_room_price_ngn, total_amount_ngn, status, payment_status, amount_paid_ngn) VALUES ('booking_4306_683cd70', '8ca50806-008f-4e07-8c08-dd34540d7e09', 'f78d9fae-b8d0-4006-a221-8b2bafaf1724', '2025-06-02', '2025-06-05', 270000, 270000, 'confirmed', 'paid', 270000) ON CONFLICT (booking_reference) DO NOTHING;
INSERT INTO bookings (booking_reference, guest_id, room_id, check_in_date, check_out_date, total_room_price_ngn, total_amount_ngn, status, payment_status, amount_paid_ngn) VALUES ('booking_4314_683eaf4', '65a24eb3-2a7c-4ffd-a472-2161a3354632', 'ca946c9a-b147-488c-8ea8-84a3e1d87cfb', '2025-06-07', '2025-06-08', 110000, 110000, 'confirmed', 'paid', 110000) ON CONFLICT (booking_reference) DO NOTHING;
INSERT INTO bookings (booking_reference, guest_id, room_id, check_in_date, check_out_date, total_room_price_ngn, total_amount_ngn, status, payment_status, amount_paid_ngn) VALUES ('booking_4329_6840476', '0677d188-22d5-460d-8f59-ee634d504fc7', 'ca946c9a-b147-488c-8ea8-84a3e1d87cfb', '2025-06-05', '2025-06-07', 220000, 220000, 'confirmed', 'paid', 220000) ON CONFLICT (booking_reference) DO NOTHING;
INSERT INTO bookings (booking_reference, guest_id, room_id, check_in_date, check_out_date, total_room_price_ngn, total_amount_ngn, status, payment_status, amount_paid_ngn) VALUES ('booking_4338_6840cf9', '9c829151-76da-47c7-8c32-bbab24e5a7a5', 'ca946c9a-b147-488c-8ea8-84a3e1d87cfb', '2025-06-08', '2025-06-09', 110000, 110000, 'confirmed', 'paid', 110000) ON CONFLICT (booking_reference) DO NOTHING;
INSERT INTO bookings (booking_reference, guest_id, room_id, check_in_date, check_out_date, total_room_price_ngn, total_amount_ngn, status, payment_status, amount_paid_ngn) VALUES ('booking_4342_6841d23', 'b94f6191-63f4-41a1-890e-70f350fe02df', 'f78d9fae-b8d0-4006-a221-8b2bafaf1724', '2025-06-06', '2025-06-08', 220000, 220000, 'confirmed', 'paid', 220000) ON CONFLICT (booking_reference) DO NOTHING;
INSERT INTO bookings (booking_reference, guest_id, room_id, check_in_date, check_out_date, total_room_price_ngn, total_amount_ngn, status, payment_status, amount_paid_ngn) VALUES ('booking_4351_684324c', '257d1a31-6bf8-4094-97ab-f33a7b71805f', 'cad2bc4d-5eaa-429b-b9f1-faedd37fdc35', '2025-06-06', '2025-06-08', 320000, 320000, 'confirmed', 'paid', 320000) ON CONFLICT (booking_reference) DO NOTHING;
INSERT INTO bookings (booking_reference, guest_id, room_id, check_in_date, check_out_date, total_room_price_ngn, total_amount_ngn, status, payment_status, amount_paid_ngn) VALUES ('booking_4353_684325c', '5be84fb8-df3d-419d-9e5b-06c2457a549a', 'cad2bc4d-5eaa-429b-b9f1-faedd37fdc35', '2025-06-08', '2025-06-09', 162000, 162000, 'confirmed', 'paid', 162000) ON CONFLICT (booking_reference) DO NOTHING;
INSERT INTO bookings (booking_reference, guest_id, room_id, check_in_date, check_out_date, total_room_price_ngn, total_amount_ngn, status, payment_status, amount_paid_ngn) VALUES ('booking_4357_6846e08', '975bf18c-ad87-40fd-9df6-e13a06aeab06', 'ca946c9a-b147-488c-8ea8-84a3e1d87cfb', '2025-06-09', '2025-06-10', 110000, 110000, 'confirmed', 'paid', 110000) ON CONFLICT (booking_reference) DO NOTHING;
INSERT INTO bookings (booking_reference, guest_id, room_id, check_in_date, check_out_date, total_room_price_ngn, total_amount_ngn, status, payment_status, amount_paid_ngn) VALUES ('booking_4362_6846ed3', 'c3633da8-d70b-4411-a991-79575f4c1550', 'f78d9fae-b8d0-4006-a221-8b2bafaf1724', '2025-06-09', '2025-06-12', 330000, 330000, 'confirmed', 'paid', 330000) ON CONFLICT (booking_reference) DO NOTHING;
INSERT INTO bookings (booking_reference, guest_id, room_id, check_in_date, check_out_date, total_room_price_ngn, total_amount_ngn, status, payment_status, amount_paid_ngn) VALUES ('booking_4369_68487dc', '62250338-e6c2-4651-bacb-35a2947975a7', '8af12217-f3b3-4817-b214-c6f71266a63a', '2025-06-18', '2025-07-23', 700000, 700000, 'confirmed', 'paid', 700000) ON CONFLICT (booking_reference) DO NOTHING;
INSERT INTO bookings (booking_reference, guest_id, room_id, check_in_date, check_out_date, total_room_price_ngn, total_amount_ngn, status, payment_status, amount_paid_ngn) VALUES ('booking_4376_6849d39', 'a354c69f-00fc-47f9-aa10-b8c931fb0890', 'cad2bc4d-5eaa-429b-b9f1-faedd37fdc35', '2025-06-13', '2025-06-14', 230000, 230000, 'confirmed', 'paid', 230000) ON CONFLICT (booking_reference) DO NOTHING;
INSERT INTO bookings (booking_reference, guest_id, room_id, check_in_date, check_out_date, total_room_price_ngn, total_amount_ngn, status, payment_status, amount_paid_ngn) VALUES ('booking_4379_684a6de', '8166e246-1c8e-4c6c-a524-e48b13e7354c', 'cad2bc4d-5eaa-429b-b9f1-faedd37fdc35', '2025-06-12', '2025-06-13', 162000, 162000, 'confirmed', 'paid', 162000) ON CONFLICT (booking_reference) DO NOTHING;
INSERT INTO bookings (booking_reference, guest_id, room_id, check_in_date, check_out_date, total_room_price_ngn, total_amount_ngn, status, payment_status, amount_paid_ngn) VALUES ('booking_4383_684c501', '53e135d5-664c-4e67-abef-c4801036549b', '8af12217-f3b3-4817-b214-c6f71266a63a', '2025-06-13', '2025-06-18', 100000, 100000, 'confirmed', 'paid', 100000) ON CONFLICT (booking_reference) DO NOTHING;
INSERT INTO bookings (booking_reference, guest_id, room_id, check_in_date, check_out_date, total_room_price_ngn, total_amount_ngn, status, payment_status, amount_paid_ngn) VALUES ('booking_4387_684d340', '9437b956-661d-49d1-89d8-c3acf2033aff', '5dff3a3e-9830-4575-ad57-4a6beb0314b7', '2025-06-13', '2025-06-14', 30000, 30000, 'confirmed', 'paid', 30000) ON CONFLICT (booking_reference) DO NOTHING;
INSERT INTO bookings (booking_reference, guest_id, room_id, check_in_date, check_out_date, total_room_price_ngn, total_amount_ngn, status, payment_status, amount_paid_ngn) VALUES ('booking_4394_684dbb4', '38de4999-ea07-4b8b-9458-e66dafdf4766', 'ca946c9a-b147-488c-8ea8-84a3e1d87cfb', '2025-06-15', '2025-06-16', 110000, 110000, 'confirmed', 'paid', 110000) ON CONFLICT (booking_reference) DO NOTHING;
INSERT INTO bookings (booking_reference, guest_id, room_id, check_in_date, check_out_date, total_room_price_ngn, total_amount_ngn, status, payment_status, amount_paid_ngn) VALUES ('booking_4397_684e9e5', '52319063-9a09-47c0-9132-da3fc48c0bd9', '5dff3a3e-9830-4575-ad57-4a6beb0314b7', '2025-06-15', '2025-06-16', 90000, 90000, 'confirmed', 'paid', 90000) ON CONFLICT (booking_reference) DO NOTHING;
INSERT INTO bookings (booking_reference, guest_id, room_id, check_in_date, check_out_date, total_room_price_ngn, total_amount_ngn, status, payment_status, amount_paid_ngn) VALUES ('booking_4401_684ed7c', '60895efb-f79f-4330-b1a5-9751f3a81c9e', 'f78d9fae-b8d0-4006-a221-8b2bafaf1724', '2025-06-15', '2025-06-16', 110000, 110000, 'confirmed', 'paid', 110000) ON CONFLICT (booking_reference) DO NOTHING;
INSERT INTO bookings (booking_reference, guest_id, room_id, check_in_date, check_out_date, total_room_price_ngn, total_amount_ngn, status, payment_status, amount_paid_ngn) VALUES ('booking_4407_68500d8', '06fc38ac-8d80-40f1-9cb3-da9ae0dfae47', 'ca946c9a-b147-488c-8ea8-84a3e1d87cfb', '2025-06-20', '2025-06-21', 110000, 110000, 'confirmed', 'paid', 110000) ON CONFLICT (booking_reference) DO NOTHING;
INSERT INTO bookings (booking_reference, guest_id, room_id, check_in_date, check_out_date, total_room_price_ngn, total_amount_ngn, status, payment_status, amount_paid_ngn) VALUES ('booking_4410_68508fa', '4df0f685-603c-47d0-9f56-369fc515c573', 'cad2bc4d-5eaa-429b-b9f1-faedd37fdc35', '2025-06-17', '2025-06-18', 150000, 150000, 'confirmed', 'paid', 150000) ON CONFLICT (booking_reference) DO NOTHING;
INSERT INTO bookings (booking_reference, guest_id, room_id, check_in_date, check_out_date, total_room_price_ngn, total_amount_ngn, status, payment_status, amount_paid_ngn) VALUES ('booking_4413_6851421', 'f6a2f0b7-9333-437e-82b0-a8918eb73aa3', 'ca946c9a-b147-488c-8ea8-84a3e1d87cfb', '2025-06-17', '2025-06-18', 90000, 90000, 'confirmed', 'paid', 90000) ON CONFLICT (booking_reference) DO NOTHING;
INSERT INTO bookings (booking_reference, guest_id, room_id, check_in_date, check_out_date, total_room_price_ngn, total_amount_ngn, status, payment_status, amount_paid_ngn) VALUES ('booking_4419_6851440', '43f6fac4-3d74-4ebe-8419-e2f328a0bd55', 'f78d9fae-b8d0-4006-a221-8b2bafaf1724', '2025-06-18', '2025-06-20', 170000, 170000, 'confirmed', 'paid', 170000) ON CONFLICT (booking_reference) DO NOTHING;
INSERT INTO bookings (booking_reference, guest_id, room_id, check_in_date, check_out_date, total_room_price_ngn, total_amount_ngn, status, payment_status, amount_paid_ngn) VALUES ('booking_4427_685211d', '5a7674ac-9ee3-48e0-a6b4-f1370c5c55e2', '5dff3a3e-9830-4575-ad57-4a6beb0314b7', '2025-06-18', '2025-06-19', 90000, 90000, 'confirmed', 'paid', 90000) ON CONFLICT (booking_reference) DO NOTHING;
INSERT INTO bookings (booking_reference, guest_id, room_id, check_in_date, check_out_date, total_room_price_ngn, total_amount_ngn, status, payment_status, amount_paid_ngn) VALUES ('booking_4431_6853caf', '0daf34c2-ea0d-4727-ac85-db0dcb2d873a', 'cad2bc4d-5eaa-429b-b9f1-faedd37fdc35', '2025-06-20', '2025-06-23', 486000, 486000, 'confirmed', 'paid', 486000) ON CONFLICT (booking_reference) DO NOTHING;
INSERT INTO bookings (booking_reference, guest_id, room_id, check_in_date, check_out_date, total_room_price_ngn, total_amount_ngn, status, payment_status, amount_paid_ngn) VALUES ('booking_4439_6853df0', '1634bd08-3421-45c2-9936-ad8f0afab127', 'ca946c9a-b147-488c-8ea8-84a3e1d87cfb', '2025-06-27', '2025-07-07', 850000, 850000, 'confirmed', 'paid', 850000) ON CONFLICT (booking_reference) DO NOTHING;
INSERT INTO bookings (booking_reference, guest_id, room_id, check_in_date, check_out_date, total_room_price_ngn, total_amount_ngn, status, payment_status, amount_paid_ngn) VALUES ('booking_4451_68541fd', 'fbd9ebd0-0310-440d-ae79-49e89a60840d', 'f78d9fae-b8d0-4006-a221-8b2bafaf1724', '2025-06-19', '2025-06-25', 600000, 600000, 'confirmed', 'paid', 600000) ON CONFLICT (booking_reference) DO NOTHING;
INSERT INTO bookings (booking_reference, guest_id, room_id, check_in_date, check_out_date, total_room_price_ngn, total_amount_ngn, status, payment_status, amount_paid_ngn) VALUES ('booking_4453_6855113', 'd2af8974-dcb9-4e0c-8d61-72dbd88c5274', 'ca946c9a-b147-488c-8ea8-84a3e1d87cfb', '2025-06-21', '2025-06-22', 110000, 110000, 'confirmed', 'paid', 110000) ON CONFLICT (booking_reference) DO NOTHING;
INSERT INTO bookings (booking_reference, guest_id, room_id, check_in_date, check_out_date, total_room_price_ngn, total_amount_ngn, status, payment_status, amount_paid_ngn) VALUES ('booking_4464_685b16e', '51990d29-1d02-40c7-bc7b-900e8423cbba', 'cad2bc4d-5eaa-429b-b9f1-faedd37fdc35', '2025-06-24', '2025-06-25', 162000, 162000, 'confirmed', 'paid', 162000) ON CONFLICT (booking_reference) DO NOTHING;
INSERT INTO bookings (booking_reference, guest_id, room_id, check_in_date, check_out_date, total_room_price_ngn, total_amount_ngn, status, payment_status, amount_paid_ngn) VALUES ('booking_4466_685b174', '970c7cad-710d-4a8a-8a86-15357290c1ca', 'cad2bc4d-5eaa-429b-b9f1-faedd37fdc35', '2025-07-04', '2025-07-05', 162000, 162000, 'confirmed', 'paid', 162000) ON CONFLICT (booking_reference) DO NOTHING;
INSERT INTO bookings (booking_reference, guest_id, room_id, check_in_date, check_out_date, total_room_price_ngn, total_amount_ngn, status, payment_status, amount_paid_ngn) VALUES ('booking_4470_685c46c', '85693d8d-2895-47c8-b00c-32f4ae794966', 'ca946c9a-b147-488c-8ea8-84a3e1d87cfb', '2025-07-18', '2025-07-28', 830000, 830000, 'confirmed', 'paid', 830000) ON CONFLICT (booking_reference) DO NOTHING;
INSERT INTO bookings (booking_reference, guest_id, room_id, check_in_date, check_out_date, total_room_price_ngn, total_amount_ngn, status, payment_status, amount_paid_ngn) VALUES ('booking_4476_685d81d', '4c21d4d5-ab98-4fab-96c9-6994c5464a16', 'f78d9fae-b8d0-4006-a221-8b2bafaf1724', '2025-06-30', '2025-07-09', 900000, 900000, 'confirmed', 'paid', 900000) ON CONFLICT (booking_reference) DO NOTHING;
INSERT INTO bookings (booking_reference, guest_id, room_id, check_in_date, check_out_date, total_room_price_ngn, total_amount_ngn, status, payment_status, amount_paid_ngn) VALUES ('booking_4480_685d854', '5faf648a-ea8d-4d94-8ee9-bb653e5e3cda', 'cad2bc4d-5eaa-429b-b9f1-faedd37fdc35', '2025-07-09', '2025-07-11', 200000, 200000, 'confirmed', 'paid', 200000) ON CONFLICT (booking_reference) DO NOTHING;
INSERT INTO bookings (booking_reference, guest_id, room_id, check_in_date, check_out_date, total_room_price_ngn, total_amount_ngn, status, payment_status, amount_paid_ngn) VALUES ('booking_4482_685d85c', '199bc8e4-92aa-4c8d-bc61-817a1238dab4', 'cad2bc4d-5eaa-429b-b9f1-faedd37fdc35', '2025-07-12', '2025-07-15', 486000, 486000, 'confirmed', 'paid', 486000) ON CONFLICT (booking_reference) DO NOTHING;
INSERT INTO bookings (booking_reference, guest_id, room_id, check_in_date, check_out_date, total_room_price_ngn, total_amount_ngn, status, payment_status, amount_paid_ngn) VALUES ('booking_4485_685d874', '0edb351f-7501-49a3-b50f-af957b6058a7', 'f78d9fae-b8d0-4006-a221-8b2bafaf1724', '2025-07-15', '2025-08-24', 4000000, 4000000, 'confirmed', 'paid', 4000000) ON CONFLICT (booking_reference) DO NOTHING;
INSERT INTO bookings (booking_reference, guest_id, room_id, check_in_date, check_out_date, total_room_price_ngn, total_amount_ngn, status, payment_status, amount_paid_ngn) VALUES ('booking_4489_685e9cc', 'f08726c7-95a1-4017-aaaf-b26368c2cd7a', 'ca946c9a-b147-488c-8ea8-84a3e1d87cfb', '2025-06-27', '2025-06-29', 180000, 180000, 'confirmed', 'paid', 180000) ON CONFLICT (booking_reference) DO NOTHING;
INSERT INTO bookings (booking_reference, guest_id, room_id, check_in_date, check_out_date, total_room_price_ngn, total_amount_ngn, status, payment_status, amount_paid_ngn) VALUES ('booking_4502_6860236', '04d4c30f-1e53-4213-9f43-ac94eec684b5', '5dff3a3e-9830-4575-ad57-4a6beb0314b7', '2025-06-19', '2025-07-09', 1600000, 1600000, 'confirmed', 'paid', 1600000) ON CONFLICT (booking_reference) DO NOTHING;
INSERT INTO bookings (booking_reference, guest_id, room_id, check_in_date, check_out_date, total_room_price_ngn, total_amount_ngn, status, payment_status, amount_paid_ngn) VALUES ('booking_4517_6862eb6', 'c64c26ae-04bd-427b-a851-20a51a183de5', 'ca946c9a-b147-488c-8ea8-84a3e1d87cfb', '2025-06-30', '2025-07-03', 240000, 240000, 'confirmed', 'paid', 240000) ON CONFLICT (booking_reference) DO NOTHING;
INSERT INTO bookings (booking_reference, guest_id, room_id, check_in_date, check_out_date, total_room_price_ngn, total_amount_ngn, status, payment_status, amount_paid_ngn) VALUES ('booking_4519_6863d79', '36a9f4dc-c7cb-48e5-a19b-731dab88a378', 'f78d9fae-b8d0-4006-a221-8b2bafaf1724', '2025-07-01', '2025-07-02', 80000, 80000, 'confirmed', 'paid', 80000) ON CONFLICT (booking_reference) DO NOTHING;
INSERT INTO bookings (booking_reference, guest_id, room_id, check_in_date, check_out_date, total_room_price_ngn, total_amount_ngn, status, payment_status, amount_paid_ngn) VALUES ('booking_4522_6863ed1', '2c43fefb-e6e7-426d-9341-49d2278ab81c', 'cad2bc4d-5eaa-429b-b9f1-faedd37fdc35', '2025-07-01', '2025-07-03', 200000, 200000, 'confirmed', 'paid', 200000) ON CONFLICT (booking_reference) DO NOTHING;
INSERT INTO bookings (booking_reference, guest_id, room_id, check_in_date, check_out_date, total_room_price_ngn, total_amount_ngn, status, payment_status, amount_paid_ngn) VALUES ('booking_4526_6865d27', '824f7941-7776-4999-a174-edb0816966b7', 'ca946c9a-b147-488c-8ea8-84a3e1d87cfb', '2025-07-04', '2025-07-09', 500000, 500000, 'confirmed', 'paid', 500000) ON CONFLICT (booking_reference) DO NOTHING;
INSERT INTO bookings (booking_reference, guest_id, room_id, check_in_date, check_out_date, total_room_price_ngn, total_amount_ngn, status, payment_status, amount_paid_ngn) VALUES ('booking_4528_6865d2e', '49b82864-1670-4a41-9473-e079ea78961b', 'f78d9fae-b8d0-4006-a221-8b2bafaf1724', '2025-07-04', '2025-07-06', 160000, 160000, 'confirmed', 'paid', 160000) ON CONFLICT (booking_reference) DO NOTHING;
INSERT INTO bookings (booking_reference, guest_id, room_id, check_in_date, check_out_date, total_room_price_ngn, total_amount_ngn, status, payment_status, amount_paid_ngn) VALUES ('booking_4530_6865d36', 'df737eb6-8cb1-4d21-b14a-f0ffbed86c73', 'f78d9fae-b8d0-4006-a221-8b2bafaf1724', '2025-07-07', '2025-07-09', 220000, 220000, 'confirmed', 'paid', 220000) ON CONFLICT (booking_reference) DO NOTHING;
INSERT INTO bookings (booking_reference, guest_id, room_id, check_in_date, check_out_date, total_room_price_ngn, total_amount_ngn, status, payment_status, amount_paid_ngn) VALUES ('booking_4537_686681b', '60a9797e-6c09-46f2-b3a1-888873896467', 'f78d9fae-b8d0-4006-a221-8b2bafaf1724', '2025-07-03', '2025-07-04', 90000, 90000, 'confirmed', 'paid', 90000) ON CONFLICT (booking_reference) DO NOTHING;
INSERT INTO bookings (booking_reference, guest_id, room_id, check_in_date, check_out_date, total_room_price_ngn, total_amount_ngn, status, payment_status, amount_paid_ngn) VALUES ('booking_4541_6868fb9', 'e3284107-159a-4940-b532-ab4201886e29', 'f78d9fae-b8d0-4006-a221-8b2bafaf1724', '2025-07-06', '2025-07-07', 85000, 85000, 'confirmed', 'paid', 85000) ON CONFLICT (booking_reference) DO NOTHING;
INSERT INTO bookings (booking_reference, guest_id, room_id, check_in_date, check_out_date, total_room_price_ngn, total_amount_ngn, status, payment_status, amount_paid_ngn) VALUES ('booking_4547_686ab4a', '736a958d-dc5f-49f0-b647-b04f20e328c7', 'cad2bc4d-5eaa-429b-b9f1-faedd37fdc35', '2025-07-07', '2025-07-09', 324000, 324000, 'confirmed', 'paid', 324000) ON CONFLICT (booking_reference) DO NOTHING;
INSERT INTO bookings (booking_reference, guest_id, room_id, check_in_date, check_out_date, total_room_price_ngn, total_amount_ngn, status, payment_status, amount_paid_ngn) VALUES ('booking_4551_686bba0', '73e7e96e-a93b-48a2-b6b2-1bad86cc96f6', 'f78d9fae-b8d0-4006-a221-8b2bafaf1724', '2025-07-22', '2025-07-23', 110000, 110000, 'confirmed', 'paid', 110000) ON CONFLICT (booking_reference) DO NOTHING;
INSERT INTO bookings (booking_reference, guest_id, room_id, check_in_date, check_out_date, total_room_price_ngn, total_amount_ngn, status, payment_status, amount_paid_ngn) VALUES ('booking_4554_686bc76', 'f88135df-1ad5-4984-98e1-2212d4942abe', 'f78d9fae-b8d0-4006-a221-8b2bafaf1724', '2025-07-17', '2025-07-20', 270000, 270000, 'confirmed', 'paid', 270000) ON CONFLICT (booking_reference) DO NOTHING;
INSERT INTO bookings (booking_reference, guest_id, room_id, check_in_date, check_out_date, total_room_price_ngn, total_amount_ngn, status, payment_status, amount_paid_ngn) VALUES ('booking_4557_686bc7d', 'b82b6220-7223-45f5-b11a-33b9956d3b8a', 'cad2bc4d-5eaa-429b-b9f1-faedd37fdc35', '2025-07-17', '2025-07-20', 270000, 270000, 'confirmed', 'paid', 270000) ON CONFLICT (booking_reference) DO NOTHING;
INSERT INTO bookings (booking_reference, guest_id, room_id, check_in_date, check_out_date, total_room_price_ngn, total_amount_ngn, status, payment_status, amount_paid_ngn) VALUES ('booking_4561_686bf99', '1313c804-e270-4492-b66b-fb26ba42bd30', '5dff3a3e-9830-4575-ad57-4a6beb0314b7', '2025-07-15', '2025-07-17', 160000, 160000, 'confirmed', 'paid', 160000) ON CONFLICT (booking_reference) DO NOTHING;
INSERT INTO bookings (booking_reference, guest_id, room_id, check_in_date, check_out_date, total_room_price_ngn, total_amount_ngn, status, payment_status, amount_paid_ngn) VALUES ('booking_4566_686d58c', 'dd51321a-4777-4743-ac42-7bf4f477d80a', 'cad2bc4d-5eaa-429b-b9f1-faedd37fdc35', '2025-07-15', '2025-07-16', 162000, 162000, 'confirmed', 'paid', 162000) ON CONFLICT (booking_reference) DO NOTHING;
INSERT INTO bookings (booking_reference, guest_id, room_id, check_in_date, check_out_date, total_room_price_ngn, total_amount_ngn, status, payment_status, amount_paid_ngn) VALUES ('booking_4573_6874f05', '8509fb2e-1afd-454a-b91c-ea4f298344ef', 'ca946c9a-b147-488c-8ea8-84a3e1d87cfb', '2025-07-15', '2025-07-17', 180000, 180000, 'confirmed', 'paid', 180000) ON CONFLICT (booking_reference) DO NOTHING;
INSERT INTO bookings (booking_reference, guest_id, room_id, check_in_date, check_out_date, total_room_price_ngn, total_amount_ngn, status, payment_status, amount_paid_ngn) VALUES ('booking_4577_6876619', '5c66d45e-039e-49c7-a9ed-d8a5329682ad', 'ca946c9a-b147-488c-8ea8-84a3e1d87cfb', '2025-07-15', '2025-07-18', 270000, 270000, 'confirmed', 'paid', 270000) ON CONFLICT (booking_reference) DO NOTHING;
INSERT INTO bookings (booking_reference, guest_id, room_id, check_in_date, check_out_date, total_room_price_ngn, total_amount_ngn, status, payment_status, amount_paid_ngn) VALUES ('booking_4580_687754c', 'ad8e806c-ed59-4ddb-a58c-4190e0105c5e', 'f78d9fae-b8d0-4006-a221-8b2bafaf1724', '2025-07-16', '2025-07-17', 90000, 90000, 'confirmed', 'paid', 90000) ON CONFLICT (booking_reference) DO NOTHING;
INSERT INTO bookings (booking_reference, guest_id, room_id, check_in_date, check_out_date, total_room_price_ngn, total_amount_ngn, status, payment_status, amount_paid_ngn) VALUES ('booking_4584_68777db', '0f14dffe-a425-4bf7-8430-c11bb830d0e3', 'f78d9fae-b8d0-4006-a221-8b2bafaf1724', '2025-07-20', '2025-07-21', 110000, 110000, 'confirmed', 'paid', 110000) ON CONFLICT (booking_reference) DO NOTHING;
INSERT INTO bookings (booking_reference, guest_id, room_id, check_in_date, check_out_date, total_room_price_ngn, total_amount_ngn, status, payment_status, amount_paid_ngn) VALUES ('booking_4591_6877e35', 'da6e871c-ef3f-4d5d-9fb0-43df11e267bb', 'cad2bc4d-5eaa-429b-b9f1-faedd37fdc35', '2025-07-21', '2025-07-28', 910000, 910000, 'confirmed', 'paid', 910000) ON CONFLICT (booking_reference) DO NOTHING;
INSERT INTO bookings (booking_reference, guest_id, room_id, check_in_date, check_out_date, total_room_price_ngn, total_amount_ngn, status, payment_status, amount_paid_ngn) VALUES ('booking_4594_687a339', '2fcac9c9-b5d0-41eb-b1d9-b1d685760a97', '5dff3a3e-9830-4575-ad57-4a6beb0314b7', '2025-07-18', '2025-07-20', 180000, 180000, 'confirmed', 'paid', 180000) ON CONFLICT (booking_reference) DO NOTHING;
INSERT INTO bookings (booking_reference, guest_id, room_id, check_in_date, check_out_date, total_room_price_ngn, total_amount_ngn, status, payment_status, amount_paid_ngn) VALUES ('booking_4599_687a351', '55a370e3-e11f-43e5-b5a2-c60655ebaf86', 'a64b9f4a-e434-40fe-8052-dadf544229b0', '2025-07-24', '2025-07-25', 100000, 100000, 'confirmed', 'paid', 100000) ON CONFLICT (booking_reference) DO NOTHING;
INSERT INTO bookings (booking_reference, guest_id, room_id, check_in_date, check_out_date, total_room_price_ngn, total_amount_ngn, status, payment_status, amount_paid_ngn) VALUES ('booking_4605_687cc4f', 'ad8c8c59-eb93-4d7a-ac50-deb77ef56156', 'f78d9fae-b8d0-4006-a221-8b2bafaf1724', '2025-08-05', '2025-08-06', 110000, 110000, 'confirmed', 'paid', 110000) ON CONFLICT (booking_reference) DO NOTHING;
INSERT INTO bookings (booking_reference, guest_id, room_id, check_in_date, check_out_date, total_room_price_ngn, total_amount_ngn, status, payment_status, amount_paid_ngn) VALUES ('booking_4610_687cd0b', '6824458f-1204-491c-ba3d-9d63ac42f7f6', 'f78d9fae-b8d0-4006-a221-8b2bafaf1724', '2025-07-27', '2025-07-28', 110000, 110000, 'confirmed', 'paid', 110000) ON CONFLICT (booking_reference) DO NOTHING;
INSERT INTO bookings (booking_reference, guest_id, room_id, check_in_date, check_out_date, total_room_price_ngn, total_amount_ngn, status, payment_status, amount_paid_ngn) VALUES ('booking_4617_687dfce', '38c9abb3-b27c-427f-8508-8e57a8ca827a', 'f78d9fae-b8d0-4006-a221-8b2bafaf1724', '2025-07-23', '2025-07-25', 220000, 220000, 'confirmed', 'paid', 220000) ON CONFLICT (booking_reference) DO NOTHING;
INSERT INTO bookings (booking_reference, guest_id, room_id, check_in_date, check_out_date, total_room_price_ngn, total_amount_ngn, status, payment_status, amount_paid_ngn) VALUES ('booking_4619_687e319', 'f32e0fdc-9f9c-4154-8707-0f723ae31185', '5dff3a3e-9830-4575-ad57-4a6beb0314b7', '2025-07-22', '2025-07-25', 270000, 270000, 'confirmed', 'paid', 270000) ON CONFLICT (booking_reference) DO NOTHING;
INSERT INTO bookings (booking_reference, guest_id, room_id, check_in_date, check_out_date, total_room_price_ngn, total_amount_ngn, status, payment_status, amount_paid_ngn) VALUES ('booking_4622_687e330', 'fc8af322-d528-49e1-9e31-8afda4843d3a', 'a64b9f4a-e434-40fe-8052-dadf544229b0', '2025-07-24', '2025-07-25', 100000, 100000, 'confirmed', 'paid', 100000) ON CONFLICT (booking_reference) DO NOTHING;
INSERT INTO bookings (booking_reference, guest_id, room_id, check_in_date, check_out_date, total_room_price_ngn, total_amount_ngn, status, payment_status, amount_paid_ngn) VALUES ('booking_4625_687e6c6', 'c832e31a-0215-4d2e-b5e9-ddc3c32cbcb2', 'f78d9fae-b8d0-4006-a221-8b2bafaf1724', '2025-07-21', '2025-07-22', 80000, 80000, 'confirmed', 'paid', 80000) ON CONFLICT (booking_reference) DO NOTHING;
INSERT INTO bookings (booking_reference, guest_id, room_id, check_in_date, check_out_date, total_room_price_ngn, total_amount_ngn, status, payment_status, amount_paid_ngn) VALUES ('booking_4627_687fa49', '0f23d583-34f0-4c0e-baa7-e6c9215bf046', 'f78d9fae-b8d0-4006-a221-8b2bafaf1724', '2025-08-11', '2025-08-13', 220000, 220000, 'confirmed', 'paid', 220000) ON CONFLICT (booking_reference) DO NOTHING;
INSERT INTO bookings (booking_reference, guest_id, room_id, check_in_date, check_out_date, total_room_price_ngn, total_amount_ngn, status, payment_status, amount_paid_ngn) VALUES ('booking_4631_6882674', '54dbc690-da34-439d-a145-d4a0b37e19af', 'f78d9fae-b8d0-4006-a221-8b2bafaf1724', '2025-07-25', '2025-07-27', 220000, 220000, 'confirmed', 'paid', 220000) ON CONFLICT (booking_reference) DO NOTHING;
INSERT INTO bookings (booking_reference, guest_id, room_id, check_in_date, check_out_date, total_room_price_ngn, total_amount_ngn, status, payment_status, amount_paid_ngn) VALUES ('booking_4634_68835fa', '0c7374b4-fcef-48e3-8817-83fa8b79456d', '5dff3a3e-9830-4575-ad57-4a6beb0314b7', '2025-08-16', '2025-08-18', 180000, 180000, 'confirmed', 'paid', 180000) ON CONFLICT (booking_reference) DO NOTHING;
INSERT INTO bookings (booking_reference, guest_id, room_id, check_in_date, check_out_date, total_room_price_ngn, total_amount_ngn, status, payment_status, amount_paid_ngn) VALUES ('booking_4639_6883b55', '1f698904-006d-4749-9141-ae5f94a52d2e', 'f78d9fae-b8d0-4006-a221-8b2bafaf1724', '2025-07-28', '2025-07-31', 300000, 300000, 'confirmed', 'paid', 300000) ON CONFLICT (booking_reference) DO NOTHING;
INSERT INTO bookings (booking_reference, guest_id, room_id, check_in_date, check_out_date, total_room_price_ngn, total_amount_ngn, status, payment_status, amount_paid_ngn) VALUES ('booking_4642_68848a1', '44ac0c1e-6a19-46a4-b57f-28e6b4814b6e', '5dff3a3e-9830-4575-ad57-4a6beb0314b7', '2025-07-26', '2025-07-28', 180000, 180000, 'confirmed', 'paid', 180000) ON CONFLICT (booking_reference) DO NOTHING;
INSERT INTO bookings (booking_reference, guest_id, room_id, check_in_date, check_out_date, total_room_price_ngn, total_amount_ngn, status, payment_status, amount_paid_ngn) VALUES ('booking_4651_688767d', '4a745f6a-6b1b-4c8c-bd26-bd2a8215d224', '8af12217-f3b3-4817-b214-c6f71266a63a', '2025-07-28', '2025-07-29', 25000, 25000, 'confirmed', 'paid', 25000) ON CONFLICT (booking_reference) DO NOTHING;
INSERT INTO bookings (booking_reference, guest_id, room_id, check_in_date, check_out_date, total_room_price_ngn, total_amount_ngn, status, payment_status, amount_paid_ngn) VALUES ('booking_4656_688798d', '2d08232b-401c-489e-b891-ecabe5bfaa5d', '5dff3a3e-9830-4575-ad57-4a6beb0314b7', '2025-07-28', '2025-07-31', 240000, 240000, 'confirmed', 'paid', 240000) ON CONFLICT (booking_reference) DO NOTHING;
INSERT INTO bookings (booking_reference, guest_id, room_id, check_in_date, check_out_date, total_room_price_ngn, total_amount_ngn, status, payment_status, amount_paid_ngn) VALUES ('booking_4659_68879b2', 'a2d6eb96-af81-4871-b7a2-8a5450b30a88', 'f78d9fae-b8d0-4006-a221-8b2bafaf1724', '2025-08-01', '2025-08-02', 80000, 80000, 'confirmed', 'paid', 80000) ON CONFLICT (booking_reference) DO NOTHING;
INSERT INTO bookings (booking_reference, guest_id, room_id, check_in_date, check_out_date, total_room_price_ngn, total_amount_ngn, status, payment_status, amount_paid_ngn) VALUES ('booking_4663_6887c6f', '912dddbe-055a-4b0f-9d3f-ab4688ca2790', 'f78d9fae-b8d0-4006-a221-8b2bafaf1724', '2025-08-01', '2025-08-03', 220000, 220000, 'confirmed', 'paid', 220000) ON CONFLICT (booking_reference) DO NOTHING;
INSERT INTO bookings (booking_reference, guest_id, room_id, check_in_date, check_out_date, total_room_price_ngn, total_amount_ngn, status, payment_status, amount_paid_ngn) VALUES ('booking_4666_6888996', 'd5f83ec1-12eb-44c6-80f2-808ecf95a813', '8af12217-f3b3-4817-b214-c6f71266a63a', '2025-07-29', '2025-07-31', 50000, 50000, 'confirmed', 'paid', 50000) ON CONFLICT (booking_reference) DO NOTHING;
INSERT INTO bookings (booking_reference, guest_id, room_id, check_in_date, check_out_date, total_room_price_ngn, total_amount_ngn, status, payment_status, amount_paid_ngn) VALUES ('booking_4670_688a24a', '8fe1e356-319a-49af-847d-fc7bb734290a', 'ca946c9a-b147-488c-8ea8-84a3e1d87cfb', '2025-07-30', '2025-08-03', 340000, 340000, 'confirmed', 'paid', 340000) ON CONFLICT (booking_reference) DO NOTHING;
INSERT INTO bookings (booking_reference, guest_id, room_id, check_in_date, check_out_date, total_room_price_ngn, total_amount_ngn, status, payment_status, amount_paid_ngn) VALUES ('booking_4675_688b647', '90dbb053-927a-4757-ad55-2951e99022f1', 'f78d9fae-b8d0-4006-a221-8b2bafaf1724', '2025-07-31', '2025-08-01', 90000, 90000, 'confirmed', 'paid', 90000) ON CONFLICT (booking_reference) DO NOTHING;
INSERT INTO bookings (booking_reference, guest_id, room_id, check_in_date, check_out_date, total_room_price_ngn, total_amount_ngn, status, payment_status, amount_paid_ngn) VALUES ('booking_4677_688b66d', 'e598ca9a-a4fe-4f3a-9505-69edef2ef567', 'cad2bc4d-5eaa-429b-b9f1-faedd37fdc35', '2025-08-01', '2025-08-09', 800000, 800000, 'confirmed', 'paid', 800000) ON CONFLICT (booking_reference) DO NOTHING;
INSERT INTO bookings (booking_reference, guest_id, room_id, check_in_date, check_out_date, total_room_price_ngn, total_amount_ngn, status, payment_status, amount_paid_ngn) VALUES ('booking_4680_688b9e8', 'f9d7a27b-e3c4-4287-9a55-7fd70f77d571', '5dff3a3e-9830-4575-ad57-4a6beb0314b7', '2025-09-03', '2025-09-15', 900000, 900000, 'confirmed', 'paid', 900000) ON CONFLICT (booking_reference) DO NOTHING;
INSERT INTO bookings (booking_reference, guest_id, room_id, check_in_date, check_out_date, total_room_price_ngn, total_amount_ngn, status, payment_status, amount_paid_ngn) VALUES ('booking_4684_688ba15', '42c06aff-a50c-4385-8b2f-e9b7fba5d3d5', '5dff3a3e-9830-4575-ad57-4a6beb0314b7', '2025-07-31', '2025-08-01', 90000, 90000, 'confirmed', 'paid', 90000) ON CONFLICT (booking_reference) DO NOTHING;
INSERT INTO bookings (booking_reference, guest_id, room_id, check_in_date, check_out_date, total_room_price_ngn, total_amount_ngn, status, payment_status, amount_paid_ngn) VALUES ('booking_4688_688bb8b', '31ce0f27-4a3c-42b7-951f-c8e7619a694c', '8af12217-f3b3-4817-b214-c6f71266a63a', '2025-08-01', '2025-08-06', 125000, 125000, 'confirmed', 'paid', 125000) ON CONFLICT (booking_reference) DO NOTHING;
INSERT INTO bookings (booking_reference, guest_id, room_id, check_in_date, check_out_date, total_room_price_ngn, total_amount_ngn, status, payment_status, amount_paid_ngn) VALUES ('booking_4691_688bc4a', '32e83f8a-5a2f-419c-aa9f-e58813a74230', 'f78d9fae-b8d0-4006-a221-8b2bafaf1724', '2025-08-04', '2025-08-05', 110000, 110000, 'confirmed', 'paid', 110000) ON CONFLICT (booking_reference) DO NOTHING;
INSERT INTO bookings (booking_reference, guest_id, room_id, check_in_date, check_out_date, total_room_price_ngn, total_amount_ngn, status, payment_status, amount_paid_ngn) VALUES ('booking_4695_688c8e2', 'f9f9abc4-8713-4a29-88bb-633d5c0fc3c6', 'f78d9fae-b8d0-4006-a221-8b2bafaf1724', '2025-08-02', '2025-08-03', 110000, 110000, 'confirmed', 'paid', 110000) ON CONFLICT (booking_reference) DO NOTHING;
INSERT INTO bookings (booking_reference, guest_id, room_id, check_in_date, check_out_date, total_room_price_ngn, total_amount_ngn, status, payment_status, amount_paid_ngn) VALUES ('booking_4698_688db7d', '0cf01017-b901-4e5d-91d0-a3704080d27e', '5dff3a3e-9830-4575-ad57-4a6beb0314b7', '2025-08-02', '2025-08-03', 80000, 80000, 'confirmed', 'paid', 80000) ON CONFLICT (booking_reference) DO NOTHING;
INSERT INTO bookings (booking_reference, guest_id, room_id, check_in_date, check_out_date, total_room_price_ngn, total_amount_ngn, status, payment_status, amount_paid_ngn) VALUES ('booking_4709_688f59e', 'aa1636fd-cffa-4b9c-913b-f6bd2e8043a9', '5dff3a3e-9830-4575-ad57-4a6beb0314b7', '2025-08-03', '2025-08-04', 90000, 90000, 'confirmed', 'paid', 90000) ON CONFLICT (booking_reference) DO NOTHING;
INSERT INTO bookings (booking_reference, guest_id, room_id, check_in_date, check_out_date, total_room_price_ngn, total_amount_ngn, status, payment_status, amount_paid_ngn) VALUES ('booking_4712_688f77c', '5fe211bc-00ef-4620-937e-a22deb87c366', 'ca946c9a-b147-488c-8ea8-84a3e1d87cfb', '2025-08-03', '2025-08-04', 110000, 110000, 'confirmed', 'paid', 110000) ON CONFLICT (booking_reference) DO NOTHING;
INSERT INTO bookings (booking_reference, guest_id, room_id, check_in_date, check_out_date, total_room_price_ngn, total_amount_ngn, status, payment_status, amount_paid_ngn) VALUES ('booking_4719_6890e20', '730d8c04-a528-4207-b9af-b26fb9ed2aaf', '5dff3a3e-9830-4575-ad57-4a6beb0314b7', '2025-08-05', '2025-08-06', 90000, 90000, 'confirmed', 'paid', 90000) ON CONFLICT (booking_reference) DO NOTHING;
INSERT INTO bookings (booking_reference, guest_id, room_id, check_in_date, check_out_date, total_room_price_ngn, total_amount_ngn, status, payment_status, amount_paid_ngn) VALUES ('booking_4724_6891db1', '3d7af6e1-e7d1-412c-9b4e-47e4548fcd9b', 'ca946c9a-b147-488c-8ea8-84a3e1d87cfb', '2025-08-05', '2025-08-07', 180000, 180000, 'confirmed', 'paid', 180000) ON CONFLICT (booking_reference) DO NOTHING;
INSERT INTO bookings (booking_reference, guest_id, room_id, check_in_date, check_out_date, total_room_price_ngn, total_amount_ngn, status, payment_status, amount_paid_ngn) VALUES ('booking_4729_6893589', 'c0e37d09-6fc7-4781-8182-c378cf353e1c', 'f78d9fae-b8d0-4006-a221-8b2bafaf1724', '2025-08-07', '2025-08-08', 110000, 110000, 'confirmed', 'paid', 110000) ON CONFLICT (booking_reference) DO NOTHING;
INSERT INTO bookings (booking_reference, guest_id, room_id, check_in_date, check_out_date, total_room_price_ngn, total_amount_ngn, status, payment_status, amount_paid_ngn) VALUES ('booking_4732_6893824', '04ec9848-3ce7-4f2f-baad-2ba52edaf9b0', '8af12217-f3b3-4817-b214-c6f71266a63a', '2025-08-06', '2025-08-07', 20000, 20000, 'confirmed', 'paid', 20000) ON CONFLICT (booking_reference) DO NOTHING;
INSERT INTO bookings (booking_reference, guest_id, room_id, check_in_date, check_out_date, total_room_price_ngn, total_amount_ngn, status, payment_status, amount_paid_ngn) VALUES ('booking_4735_6893a74', '047f3797-6394-4f71-b9da-1223e1f2b4ef', '5dff3a3e-9830-4575-ad57-4a6beb0314b7', '2025-08-10', '2025-08-14', 360000, 360000, 'confirmed', 'paid', 360000) ON CONFLICT (booking_reference) DO NOTHING;
INSERT INTO bookings (booking_reference, guest_id, room_id, check_in_date, check_out_date, total_room_price_ngn, total_amount_ngn, status, payment_status, amount_paid_ngn) VALUES ('booking_4738_689482f', '34a02403-0070-457e-b60a-94b0a0b521c4', 'ca946c9a-b147-488c-8ea8-84a3e1d87cfb', '2025-09-24', '2025-09-27', 330000, 330000, 'confirmed', 'paid', 330000) ON CONFLICT (booking_reference) DO NOTHING;
INSERT INTO bookings (booking_reference, guest_id, room_id, check_in_date, check_out_date, total_room_price_ngn, total_amount_ngn, status, payment_status, amount_paid_ngn) VALUES ('booking_4746_6894cd3', 'f897caf8-fa4d-4cf6-9aab-6ddafe568620', 'f78d9fae-b8d0-4006-a221-8b2bafaf1724', '2025-08-08', '2025-08-10', 220000, 220000, 'confirmed', 'paid', 220000) ON CONFLICT (booking_reference) DO NOTHING;
INSERT INTO bookings (booking_reference, guest_id, room_id, check_in_date, check_out_date, total_room_price_ngn, total_amount_ngn, status, payment_status, amount_paid_ngn) VALUES ('booking_4755_689602e', '30ac0903-8af1-40f2-8039-78ddf38b27b4', '8af12217-f3b3-4817-b214-c6f71266a63a', '2025-08-08', '2025-08-09', 25000, 25000, 'confirmed', 'paid', 25000) ON CONFLICT (booking_reference) DO NOTHING;
INSERT INTO bookings (booking_reference, guest_id, room_id, check_in_date, check_out_date, total_room_price_ngn, total_amount_ngn, status, payment_status, amount_paid_ngn) VALUES ('booking_4761_68976af', '091b10a6-6562-4758-b805-92b7752d67eb', 'ca946c9a-b147-488c-8ea8-84a3e1d87cfb', '2025-08-09', '2025-08-10', 80000, 80000, 'confirmed', 'paid', 80000) ON CONFLICT (booking_reference) DO NOTHING;
INSERT INTO bookings (booking_reference, guest_id, room_id, check_in_date, check_out_date, total_room_price_ngn, total_amount_ngn, status, payment_status, amount_paid_ngn) VALUES ('booking_4769_68985f4', '25aadafa-28bd-4841-8140-f7c7110060de', 'f78d9fae-b8d0-4006-a221-8b2bafaf1724', '2025-08-10', '2025-08-11', 110000, 110000, 'confirmed', 'paid', 110000) ON CONFLICT (booking_reference) DO NOTHING;
INSERT INTO bookings (booking_reference, guest_id, room_id, check_in_date, check_out_date, total_room_price_ngn, total_amount_ngn, status, payment_status, amount_paid_ngn) VALUES ('booking_4771_689b360', 'b8cc40a3-a600-420b-9595-4966591056b1', '8af12217-f3b3-4817-b214-c6f71266a63a', '2025-08-11', '2025-08-14', 75000, 75000, 'confirmed', 'paid', 75000) ON CONFLICT (booking_reference) DO NOTHING;
INSERT INTO bookings (booking_reference, guest_id, room_id, check_in_date, check_out_date, total_room_price_ngn, total_amount_ngn, status, payment_status, amount_paid_ngn) VALUES ('booking_4773_689b366', 'd8c13326-9cf6-46f2-a0e6-709d05d17148', '8af12217-f3b3-4817-b214-c6f71266a63a', '2025-08-12', '2025-08-13', 25000, 25000, 'confirmed', 'paid', 25000) ON CONFLICT (booking_reference) DO NOTHING;
INSERT INTO bookings (booking_reference, guest_id, room_id, check_in_date, check_out_date, total_room_price_ngn, total_amount_ngn, status, payment_status, amount_paid_ngn) VALUES ('booking_4778_689d05d', '38815d5d-42b3-47b8-8c66-68c461279557', 'ca946c9a-b147-488c-8ea8-84a3e1d87cfb', '2025-08-14', '2025-08-26', 1200000, 1200000, 'confirmed', 'paid', 1200000) ON CONFLICT (booking_reference) DO NOTHING;
INSERT INTO bookings (booking_reference, guest_id, room_id, check_in_date, check_out_date, total_room_price_ngn, total_amount_ngn, status, payment_status, amount_paid_ngn) VALUES ('booking_4781_689d9f8', '3a058442-f5d4-41c8-8c67-488094917b30', 'f78d9fae-b8d0-4006-a221-8b2bafaf1724', '2025-08-14', '2025-08-16', 200000, 200000, 'confirmed', 'paid', 200000) ON CONFLICT (booking_reference) DO NOTHING;
INSERT INTO bookings (booking_reference, guest_id, room_id, check_in_date, check_out_date, total_room_price_ngn, total_amount_ngn, status, payment_status, amount_paid_ngn) VALUES ('booking_4786_689e44e', '0feae10d-a1a9-4965-bb3f-1012926b1b66', '8af12217-f3b3-4817-b214-c6f71266a63a', '2025-08-15', '2025-08-16', 25000, 25000, 'confirmed', 'paid', 25000) ON CONFLICT (booking_reference) DO NOTHING;
INSERT INTO bookings (booking_reference, guest_id, room_id, check_in_date, check_out_date, total_room_price_ngn, total_amount_ngn, status, payment_status, amount_paid_ngn) VALUES ('booking_4796_689f831', 'b2c1e7f5-3ca3-4a12-989e-7ae62d5a8458', 'cad2bc4d-5eaa-429b-b9f1-faedd37fdc35', '2025-08-15', '2025-08-16', 120000, 120000, 'confirmed', 'paid', 120000) ON CONFLICT (booking_reference) DO NOTHING;
INSERT INTO bookings (booking_reference, guest_id, room_id, check_in_date, check_out_date, total_room_price_ngn, total_amount_ngn, status, payment_status, amount_paid_ngn) VALUES ('booking_4800_68a04f2', 'a166706c-c201-4522-9209-a3f14b289881', '8af12217-f3b3-4817-b214-c6f71266a63a', '2025-08-16', '2025-08-17', 20000, 20000, 'confirmed', 'paid', 20000) ON CONFLICT (booking_reference) DO NOTHING;
INSERT INTO bookings (booking_reference, guest_id, room_id, check_in_date, check_out_date, total_room_price_ngn, total_amount_ngn, status, payment_status, amount_paid_ngn) VALUES ('booking_4804_68a0975', '18ab7b02-9964-4995-8148-5b2c69443c8c', '5dff3a3e-9830-4575-ad57-4a6beb0314b7', '2025-08-30', '2025-09-01', 140000, 140000, 'confirmed', 'paid', 140000) ON CONFLICT (booking_reference) DO NOTHING;
INSERT INTO bookings (booking_reference, guest_id, room_id, check_in_date, check_out_date, total_room_price_ngn, total_amount_ngn, status, payment_status, amount_paid_ngn) VALUES ('booking_4807_68a097f', '11821ab0-8dc7-4057-a1d8-34b6908ebe8b', '8af12217-f3b3-4817-b214-c6f71266a63a', '2025-08-29', '2025-08-30', 20000, 20000, 'confirmed', 'paid', 20000) ON CONFLICT (booking_reference) DO NOTHING;
INSERT INTO bookings (booking_reference, guest_id, room_id, check_in_date, check_out_date, total_room_price_ngn, total_amount_ngn, status, payment_status, amount_paid_ngn) VALUES ('booking_4812_68a0f79', '91a769d7-bdaa-4367-8c71-ba2b3ed4f19c', '8af12217-f3b3-4817-b214-c6f71266a63a', '2025-08-17', '2025-08-18', 25000, 25000, 'confirmed', 'paid', 25000) ON CONFLICT (booking_reference) DO NOTHING;
INSERT INTO bookings (booking_reference, guest_id, room_id, check_in_date, check_out_date, total_room_price_ngn, total_amount_ngn, status, payment_status, amount_paid_ngn) VALUES ('booking_4815_68a1b42', '609a283b-5aea-44ed-bd92-6cf520249ee3', 'cad2bc4d-5eaa-429b-b9f1-faedd37fdc35', '2025-08-17', '2025-08-19', 324000, 324000, 'confirmed', 'paid', 324000) ON CONFLICT (booking_reference) DO NOTHING;
INSERT INTO bookings (booking_reference, guest_id, room_id, check_in_date, check_out_date, total_room_price_ngn, total_amount_ngn, status, payment_status, amount_paid_ngn) VALUES ('booking_4819_68a3197', '860bb39e-c55f-4edd-999c-54f5b52eeaef', 'c6fc6bd0-55ba-41a5-b20d-fdcde85a63d8', '2025-08-18', '2025-08-28', 1100000, 1100000, 'confirmed', 'paid', 1100000) ON CONFLICT (booking_reference) DO NOTHING;
INSERT INTO bookings (booking_reference, guest_id, room_id, check_in_date, check_out_date, total_room_price_ngn, total_amount_ngn, status, payment_status, amount_paid_ngn) VALUES ('booking_4821_68a366e', '5b55208c-57d3-466b-a479-70142adea4a8', '5dff3a3e-9830-4575-ad57-4a6beb0314b7', '2025-08-19', '2025-08-20', 90000, 90000, 'confirmed', 'paid', 90000) ON CONFLICT (booking_reference) DO NOTHING;
INSERT INTO bookings (booking_reference, guest_id, room_id, check_in_date, check_out_date, total_room_price_ngn, total_amount_ngn, status, payment_status, amount_paid_ngn) VALUES ('booking_4824_68a45b3', 'a4eb8435-1e8e-4fdb-b106-1de36b09dc7e', 'f78d9fae-b8d0-4006-a221-8b2bafaf1724', '2025-08-19', '2025-08-21', 180000, 180000, 'confirmed', 'paid', 180000) ON CONFLICT (booking_reference) DO NOTHING;
INSERT INTO bookings (booking_reference, guest_id, room_id, check_in_date, check_out_date, total_room_price_ngn, total_amount_ngn, status, payment_status, amount_paid_ngn) VALUES ('booking_4828_68a4d93', 'c3beaf12-30b8-47a3-afd9-8926579717b0', '8af12217-f3b3-4817-b214-c6f71266a63a', '2025-08-19', '2025-08-21', 50000, 50000, 'confirmed', 'paid', 50000) ON CONFLICT (booking_reference) DO NOTHING;
INSERT INTO bookings (booking_reference, guest_id, room_id, check_in_date, check_out_date, total_room_price_ngn, total_amount_ngn, status, payment_status, amount_paid_ngn) VALUES ('booking_4832_68a5bb9', '0218bd7f-d670-4108-a0de-a0ba8bc94d73', '8af12217-f3b3-4817-b214-c6f71266a63a', '2025-09-11', '2025-09-14', 75000, 75000, 'confirmed', 'paid', 75000) ON CONFLICT (booking_reference) DO NOTHING;
INSERT INTO bookings (booking_reference, guest_id, room_id, check_in_date, check_out_date, total_room_price_ngn, total_amount_ngn, status, payment_status, amount_paid_ngn) VALUES ('booking_4835_68a5c51', 'fbf6b16a-9778-4007-848e-15b01257435a', '8af12217-f3b3-4817-b214-c6f71266a63a', '2025-08-20', '2025-08-21', 25000, 25000, 'confirmed', 'paid', 25000) ON CONFLICT (booking_reference) DO NOTHING;
INSERT INTO bookings (booking_reference, guest_id, room_id, check_in_date, check_out_date, total_room_price_ngn, total_amount_ngn, status, payment_status, amount_paid_ngn) VALUES ('booking_4837_68a622d', 'a188b4ae-b1ac-4277-9741-80d880828448', '8af12217-f3b3-4817-b214-c6f71266a63a', '2025-08-20', '2025-08-21', 25000, 25000, 'confirmed', 'paid', 25000) ON CONFLICT (booking_reference) DO NOTHING;
INSERT INTO bookings (booking_reference, guest_id, room_id, check_in_date, check_out_date, total_room_price_ngn, total_amount_ngn, status, payment_status, amount_paid_ngn) VALUES ('booking_4839_68a63be', '8c0419c4-3672-44e8-a3a4-f55ec9c14321', 'f78d9fae-b8d0-4006-a221-8b2bafaf1724', '2025-08-21', '2025-08-24', 330000, 330000, 'confirmed', 'paid', 330000) ON CONFLICT (booking_reference) DO NOTHING;
INSERT INTO bookings (booking_reference, guest_id, room_id, check_in_date, check_out_date, total_room_price_ngn, total_amount_ngn, status, payment_status, amount_paid_ngn) VALUES ('booking_4843_68a6d90', 'cd240017-04e5-4a44-b241-e676cb8b83ab', '5dff3a3e-9830-4575-ad57-4a6beb0314b7', '2025-08-21', '2025-08-25', 360000, 360000, 'confirmed', 'paid', 360000) ON CONFLICT (booking_reference) DO NOTHING;
INSERT INTO bookings (booking_reference, guest_id, room_id, check_in_date, check_out_date, total_room_price_ngn, total_amount_ngn, status, payment_status, amount_paid_ngn) VALUES ('booking_4845_68a6f49', '910d4f85-1b5a-409c-a88f-b49f0936ff54', '8af12217-f3b3-4817-b214-c6f71266a63a', '2025-08-21', '2025-08-22', 25000, 25000, 'confirmed', 'paid', 25000) ON CONFLICT (booking_reference) DO NOTHING;
INSERT INTO bookings (booking_reference, guest_id, room_id, check_in_date, check_out_date, total_room_price_ngn, total_amount_ngn, status, payment_status, amount_paid_ngn) VALUES ('booking_4847_68a7283', 'c51d91cd-935c-4237-9a6c-74afb43cb605', 'cad2bc4d-5eaa-429b-b9f1-faedd37fdc35', '2025-08-21', '2025-08-22', 100000, 100000, 'confirmed', 'paid', 100000) ON CONFLICT (booking_reference) DO NOTHING;
INSERT INTO bookings (booking_reference, guest_id, room_id, check_in_date, check_out_date, total_room_price_ngn, total_amount_ngn, status, payment_status, amount_paid_ngn) VALUES ('booking_4849_68a73fb', '9ca703b3-62ab-4e36-826f-ff7acaa6df83', '8af12217-f3b3-4817-b214-c6f71266a63a', '2025-08-21', '2025-08-22', 25000, 25000, 'confirmed', 'paid', 25000) ON CONFLICT (booking_reference) DO NOTHING;
INSERT INTO bookings (booking_reference, guest_id, room_id, check_in_date, check_out_date, total_room_price_ngn, total_amount_ngn, status, payment_status, amount_paid_ngn) VALUES ('booking_4852_68a7443', 'b09e0501-af06-415a-b8e0-196d9cef2314', '8af12217-f3b3-4817-b214-c6f71266a63a', '2025-08-23', '2025-10-06', 880000, 880000, 'confirmed', 'paid', 880000) ON CONFLICT (booking_reference) DO NOTHING;
INSERT INTO bookings (booking_reference, guest_id, room_id, check_in_date, check_out_date, total_room_price_ngn, total_amount_ngn, status, payment_status, amount_paid_ngn) VALUES ('booking_4856_68a888f', '787b9929-0d6b-4481-90d3-7045babea9ac', '8af12217-f3b3-4817-b214-c6f71266a63a', '2025-08-22', '2025-08-23', 20000, 20000, 'confirmed', 'paid', 20000) ON CONFLICT (booking_reference) DO NOTHING;
INSERT INTO bookings (booking_reference, guest_id, room_id, check_in_date, check_out_date, total_room_price_ngn, total_amount_ngn, status, payment_status, amount_paid_ngn) VALUES ('booking_4860_68a8a57', 'f875f112-7177-465a-963a-9661e9cf97e3', 'cad2bc4d-5eaa-429b-b9f1-faedd37fdc35', '2025-08-23', '2025-08-24', 105000, 105000, 'confirmed', 'paid', 105000) ON CONFLICT (booking_reference) DO NOTHING;
INSERT INTO bookings (booking_reference, guest_id, room_id, check_in_date, check_out_date, total_room_price_ngn, total_amount_ngn, status, payment_status, amount_paid_ngn) VALUES ('booking_4870_68ab000', '71a7145d-dabe-48f3-bd83-e017ecae655c', '8af12217-f3b3-4817-b214-c6f71266a63a', '2025-08-23', '2025-08-25', 40000, 40000, 'confirmed', 'paid', 40000) ON CONFLICT (booking_reference) DO NOTHING;
INSERT INTO bookings (booking_reference, guest_id, room_id, check_in_date, check_out_date, total_room_price_ngn, total_amount_ngn, status, payment_status, amount_paid_ngn) VALUES ('booking_4875_68ab7ba', 'b0820ea5-4478-4c37-aabf-5bc1d350ee29', '5dff3a3e-9830-4575-ad57-4a6beb0314b7', '2025-08-29', '2025-08-30', 90000, 90000, 'confirmed', 'paid', 90000) ON CONFLICT (booking_reference) DO NOTHING;
INSERT INTO bookings (booking_reference, guest_id, room_id, check_in_date, check_out_date, total_room_price_ngn, total_amount_ngn, status, payment_status, amount_paid_ngn) VALUES ('booking_4879_68abfcb', 'ad3382d4-89e7-4c39-8e4e-2701c25414d1', '5dff3a3e-9830-4575-ad57-4a6beb0314b7', '2025-08-26', '2025-08-29', 240000, 240000, 'confirmed', 'paid', 240000) ON CONFLICT (booking_reference) DO NOTHING;
INSERT INTO bookings (booking_reference, guest_id, room_id, check_in_date, check_out_date, total_room_price_ngn, total_amount_ngn, status, payment_status, amount_paid_ngn) VALUES ('booking_4883_68ac7a8', 'b05a2f68-b409-414f-85ca-4921e213c2eb', '5dff3a3e-9830-4575-ad57-4a6beb0314b7', '2025-08-25', '2025-08-26', 90000, 90000, 'confirmed', 'paid', 90000) ON CONFLICT (booking_reference) DO NOTHING;
INSERT INTO bookings (booking_reference, guest_id, room_id, check_in_date, check_out_date, total_room_price_ngn, total_amount_ngn, status, payment_status, amount_paid_ngn) VALUES ('booking_4886_68ac9cc', 'c9a3e8f8-8ddc-4edb-bcd7-d37c06ce38ae', 'f78d9fae-b8d0-4006-a221-8b2bafaf1724', '2025-08-25', '2025-08-28', 270000, 270000, 'confirmed', 'paid', 270000) ON CONFLICT (booking_reference) DO NOTHING;
INSERT INTO bookings (booking_reference, guest_id, room_id, check_in_date, check_out_date, total_room_price_ngn, total_amount_ngn, status, payment_status, amount_paid_ngn) VALUES ('booking_4889_68acb6e', '81123f8d-e463-4248-a4aa-a1e577dea71b', 'cad2bc4d-5eaa-429b-b9f1-faedd37fdc35', '2025-08-25', '2025-08-31', 600000, 600000, 'confirmed', 'paid', 600000) ON CONFLICT (booking_reference) DO NOTHING;
INSERT INTO bookings (booking_reference, guest_id, room_id, check_in_date, check_out_date, total_room_price_ngn, total_amount_ngn, status, payment_status, amount_paid_ngn) VALUES ('booking_4891_68acc4f', '2fbc9b48-b91a-4796-b240-3298cf8c42a6', 'ca946c9a-b147-488c-8ea8-84a3e1d87cfb', '2025-08-27', '2025-08-30', 330000, 330000, 'confirmed', 'paid', 330000) ON CONFLICT (booking_reference) DO NOTHING;
INSERT INTO bookings (booking_reference, guest_id, room_id, check_in_date, check_out_date, total_room_price_ngn, total_amount_ngn, status, payment_status, amount_paid_ngn) VALUES ('booking_4901_68adc54', '28050232-6071-47ac-a011-3f17c82150dd', '5dff3a3e-9830-4575-ad57-4a6beb0314b7', '2025-09-23', '2025-09-26', 270000, 270000, 'confirmed', 'paid', 270000) ON CONFLICT (booking_reference) DO NOTHING;
INSERT INTO bookings (booking_reference, guest_id, room_id, check_in_date, check_out_date, total_room_price_ngn, total_amount_ngn, status, payment_status, amount_paid_ngn) VALUES ('booking_4903_68adc60', '284fc190-41f2-4017-b3e0-27c79bff54a9', '8af12217-f3b3-4817-b214-c6f71266a63a', '2025-09-22', '2025-09-23', 25000, 25000, 'confirmed', 'paid', 25000) ON CONFLICT (booking_reference) DO NOTHING;
INSERT INTO bookings (booking_reference, guest_id, room_id, check_in_date, check_out_date, total_room_price_ngn, total_amount_ngn, status, payment_status, amount_paid_ngn) VALUES ('booking_4910_68aef13', 'd1213feb-d756-41f9-8dd1-15d1cedcab22', 'f78d9fae-b8d0-4006-a221-8b2bafaf1724', '2025-08-29', '2025-08-31', 220000, 220000, 'confirmed', 'paid', 220000) ON CONFLICT (booking_reference) DO NOTHING;
INSERT INTO bookings (booking_reference, guest_id, room_id, check_in_date, check_out_date, total_room_price_ngn, total_amount_ngn, status, payment_status, amount_paid_ngn) VALUES ('booking_4915_68b0154', '551deee9-c84c-419c-a900-172ee34612ac', '8af12217-f3b3-4817-b214-c6f71266a63a', '2025-08-28', '2025-09-10', 260000, 260000, 'confirmed', 'paid', 260000) ON CONFLICT (booking_reference) DO NOTHING;
INSERT INTO bookings (booking_reference, guest_id, room_id, check_in_date, check_out_date, total_room_price_ngn, total_amount_ngn, status, payment_status, amount_paid_ngn) VALUES ('booking_4918_68b027e', 'b149fad8-863f-4d30-a63c-925f9fc063b1', 'c6fc6bd0-55ba-41a5-b20d-fdcde85a63d8', '2025-08-29', '2025-08-31', 200000, 200000, 'confirmed', 'paid', 200000) ON CONFLICT (booking_reference) DO NOTHING;
INSERT INTO bookings (booking_reference, guest_id, room_id, check_in_date, check_out_date, total_room_price_ngn, total_amount_ngn, status, payment_status, amount_paid_ngn) VALUES ('booking_4927_68b0abe', 'ab05e685-7fbe-4169-a2c6-2c0521da6f7b', 'ca946c9a-b147-488c-8ea8-84a3e1d87cfb', '2025-08-30', '2025-08-31', 110000, 110000, 'confirmed', 'paid', 110000) ON CONFLICT (booking_reference) DO NOTHING;
INSERT INTO bookings (booking_reference, guest_id, room_id, check_in_date, check_out_date, total_room_price_ngn, total_amount_ngn, status, payment_status, amount_paid_ngn) VALUES ('booking_4932_68b0b0d', 'f78dd6d5-72ff-453b-b9f5-8ca25e5b0221', 'f78d9fae-b8d0-4006-a221-8b2bafaf1724', '2025-09-24', '2025-09-28', 440000, 440000, 'confirmed', 'paid', 440000) ON CONFLICT (booking_reference) DO NOTHING;
INSERT INTO bookings (booking_reference, guest_id, room_id, check_in_date, check_out_date, total_room_price_ngn, total_amount_ngn, status, payment_status, amount_paid_ngn) VALUES ('booking_4934_68b2fea', 'fd9fa3b8-ca56-49e7-af53-a311260bc050', 'cad2bc4d-5eaa-429b-b9f1-faedd37fdc35', '2025-09-03', '2025-09-04', 162000, 162000, 'confirmed', 'paid', 162000) ON CONFLICT (booking_reference) DO NOTHING;
INSERT INTO bookings (booking_reference, guest_id, room_id, check_in_date, check_out_date, total_room_price_ngn, total_amount_ngn, status, payment_status, amount_paid_ngn) VALUES ('booking_4943_68b9cfd', 'f667f638-1702-4081-bc35-303d0084a035', 'ca946c9a-b147-488c-8ea8-84a3e1d87cfb', '2025-09-05', '2025-09-06', 80000, 80000, 'confirmed', 'paid', 80000) ON CONFLICT (booking_reference) DO NOTHING;
INSERT INTO bookings (booking_reference, guest_id, room_id, check_in_date, check_out_date, total_room_price_ngn, total_amount_ngn, status, payment_status, amount_paid_ngn) VALUES ('booking_4945_68baedc', '04b5a45b-5798-4264-acef-dc2d3fcf711d', 'ca946c9a-b147-488c-8ea8-84a3e1d87cfb', '2025-09-06', '2025-09-07', 90000, 90000, 'confirmed', 'paid', 90000) ON CONFLICT (booking_reference) DO NOTHING;
INSERT INTO bookings (booking_reference, guest_id, room_id, check_in_date, check_out_date, total_room_price_ngn, total_amount_ngn, status, payment_status, amount_paid_ngn) VALUES ('booking_4947_68bb4ee', 'a722f908-a6d7-4e98-8e4b-f34b4a3e7fbe', '8af12217-f3b3-4817-b214-c6f71266a63a', '2025-09-05', '2025-09-06', 25000, 25000, 'confirmed', 'paid', 25000) ON CONFLICT (booking_reference) DO NOTHING;
INSERT INTO bookings (booking_reference, guest_id, room_id, check_in_date, check_out_date, total_room_price_ngn, total_amount_ngn, status, payment_status, amount_paid_ngn) VALUES ('booking_4949_68bbec8', '1631bddb-7f25-4026-b542-039b2d03dd9b', 'f78d9fae-b8d0-4006-a221-8b2bafaf1724', '2025-09-06', '2025-09-07', 90000, 90000, 'confirmed', 'paid', 90000) ON CONFLICT (booking_reference) DO NOTHING;
INSERT INTO bookings (booking_reference, guest_id, room_id, check_in_date, check_out_date, total_room_price_ngn, total_amount_ngn, status, payment_status, amount_paid_ngn) VALUES ('booking_4954_68bc25d', '3f361755-62b7-4b3e-a2c7-0b6c89763ae6', 'cad2bc4d-5eaa-429b-b9f1-faedd37fdc35', '2025-09-06', '2025-09-08', 180000, 180000, 'confirmed', 'paid', 180000) ON CONFLICT (booking_reference) DO NOTHING;
INSERT INTO bookings (booking_reference, guest_id, room_id, check_in_date, check_out_date, total_room_price_ngn, total_amount_ngn, status, payment_status, amount_paid_ngn) VALUES ('booking_4957_68bc2f0', 'eaf48ea9-efb1-4c69-a81c-9f58d227b7d9', 'c6fc6bd0-55ba-41a5-b20d-fdcde85a63d8', '2025-11-07', '2025-11-09', 1000000, 1000000, 'confirmed', 'paid', 1000000) ON CONFLICT (booking_reference) DO NOTHING;
INSERT INTO bookings (booking_reference, guest_id, room_id, check_in_date, check_out_date, total_room_price_ngn, total_amount_ngn, status, payment_status, amount_paid_ngn) VALUES ('booking_4972_68bc7e4', '7ab3f7ae-2744-4314-9493-e944dea7263a', '8af12217-f3b3-4817-b214-c6f71266a63a', '2025-09-06', '2025-09-07', 25000, 25000, 'confirmed', 'paid', 25000) ON CONFLICT (booking_reference) DO NOTHING;
INSERT INTO bookings (booking_reference, guest_id, room_id, check_in_date, check_out_date, total_room_price_ngn, total_amount_ngn, status, payment_status, amount_paid_ngn) VALUES ('booking_4975_68bc971', '3d6ac2f0-e4a7-4343-8e3e-3b6d88075618', 'ca946c9a-b147-488c-8ea8-84a3e1d87cfb', '2025-09-10', '2025-09-11', 90000, 90000, 'confirmed', 'paid', 90000) ON CONFLICT (booking_reference) DO NOTHING;
INSERT INTO bookings (booking_reference, guest_id, room_id, check_in_date, check_out_date, total_room_price_ngn, total_amount_ngn, status, payment_status, amount_paid_ngn) VALUES ('booking_4981_68bdcf7', 'd0af9d72-7d3e-4542-85a2-b2c8948edaa3', 'f78d9fae-b8d0-4006-a221-8b2bafaf1724', '2025-09-08', '2025-09-10', 200000, 200000, 'confirmed', 'paid', 200000) ON CONFLICT (booking_reference) DO NOTHING;
INSERT INTO bookings (booking_reference, guest_id, room_id, check_in_date, check_out_date, total_room_price_ngn, total_amount_ngn, status, payment_status, amount_paid_ngn) VALUES ('booking_4984_68bdd01', '02382ad5-98b6-4580-95b1-5ca0faf63a54', '8af12217-f3b3-4817-b214-c6f71266a63a', '2025-09-07', '2025-09-08', 20000, 20000, 'confirmed', 'paid', 20000) ON CONFLICT (booking_reference) DO NOTHING;
INSERT INTO bookings (booking_reference, guest_id, room_id, check_in_date, check_out_date, total_room_price_ngn, total_amount_ngn, status, payment_status, amount_paid_ngn) VALUES ('booking_4987_68bdf64', '98650441-1530-4cfc-9877-b4af627cc837', 'cad2bc4d-5eaa-429b-b9f1-faedd37fdc35', '2025-09-24', '2025-09-29', 810000, 810000, 'confirmed', 'paid', 810000) ON CONFLICT (booking_reference) DO NOTHING;
INSERT INTO bookings (booking_reference, guest_id, room_id, check_in_date, check_out_date, total_room_price_ngn, total_amount_ngn, status, payment_status, amount_paid_ngn) VALUES ('booking_4990_68beca6', '1a6fdd77-eef7-4a04-ae44-6aab31182c27', 'ca946c9a-b147-488c-8ea8-84a3e1d87cfb', '2025-09-09', '2025-09-10', 110000, 110000, 'confirmed', 'paid', 110000) ON CONFLICT (booking_reference) DO NOTHING;
INSERT INTO bookings (booking_reference, guest_id, room_id, check_in_date, check_out_date, total_room_price_ngn, total_amount_ngn, status, payment_status, amount_paid_ngn) VALUES ('booking_4995_68bf496', '159d1706-8893-469b-8247-b0735bd9cfc8', '8af12217-f3b3-4817-b214-c6f71266a63a', '2025-09-08', '2025-09-09', 25000, 25000, 'confirmed', 'paid', 25000) ON CONFLICT (booking_reference) DO NOTHING;
INSERT INTO bookings (booking_reference, guest_id, room_id, check_in_date, check_out_date, total_room_price_ngn, total_amount_ngn, status, payment_status, amount_paid_ngn) VALUES ('booking_4998_68bf49f', '4db35c2e-f804-46cf-90fa-a9af9a7abae0', '8af12217-f3b3-4817-b214-c6f71266a63a', '2025-09-09', '2025-09-11', 45000, 45000, 'confirmed', 'paid', 45000) ON CONFLICT (booking_reference) DO NOTHING;
INSERT INTO bookings (booking_reference, guest_id, room_id, check_in_date, check_out_date, total_room_price_ngn, total_amount_ngn, status, payment_status, amount_paid_ngn) VALUES ('booking_5002_68c0034', 'bfb9fbd2-e28f-4fdb-a237-fc6238fc12f0', 'c6fc6bd0-55ba-41a5-b20d-fdcde85a63d8', '2025-09-09', '2025-09-11', 220000, 220000, 'confirmed', 'paid', 220000) ON CONFLICT (booking_reference) DO NOTHING;
INSERT INTO bookings (booking_reference, guest_id, room_id, check_in_date, check_out_date, total_room_price_ngn, total_amount_ngn, status, payment_status, amount_paid_ngn) VALUES ('booking_5007_68c0474', '7ef5d385-2ee1-4916-82c1-78eff13eac48', 'cad2bc4d-5eaa-429b-b9f1-faedd37fdc35', '2025-09-09', '2025-09-10', 120000, 120000, 'confirmed', 'paid', 120000) ON CONFLICT (booking_reference) DO NOTHING;
INSERT INTO bookings (booking_reference, guest_id, room_id, check_in_date, check_out_date, total_room_price_ngn, total_amount_ngn, status, payment_status, amount_paid_ngn) VALUES ('booking_5016_68c26e9', '2c607969-a447-448b-9a61-e80348f54dd8', '8af12217-f3b3-4817-b214-c6f71266a63a', '2025-09-10', '2025-09-17', 140000, 140000, 'confirmed', 'paid', 140000) ON CONFLICT (booking_reference) DO NOTHING;
INSERT INTO bookings (booking_reference, guest_id, room_id, check_in_date, check_out_date, total_room_price_ngn, total_amount_ngn, status, payment_status, amount_paid_ngn) VALUES ('booking_5018_68c2a0a', '9540620e-02db-48e7-b4a3-8300021e3555', 'f78d9fae-b8d0-4006-a221-8b2bafaf1724', '2025-09-11', '2025-09-14', 240000, 240000, 'confirmed', 'paid', 240000) ON CONFLICT (booking_reference) DO NOTHING;
INSERT INTO bookings (booking_reference, guest_id, room_id, check_in_date, check_out_date, total_room_price_ngn, total_amount_ngn, status, payment_status, amount_paid_ngn) VALUES ('booking_5020_68c2a11', '1d116714-d16f-48dc-8e31-6184661912fe', 'ca946c9a-b147-488c-8ea8-84a3e1d87cfb', '2025-09-13', '2025-09-20', 630000, 630000, 'confirmed', 'paid', 630000) ON CONFLICT (booking_reference) DO NOTHING;
INSERT INTO bookings (booking_reference, guest_id, room_id, check_in_date, check_out_date, total_room_price_ngn, total_amount_ngn, status, payment_status, amount_paid_ngn) VALUES ('booking_5022_68c2c22', 'ad948c19-f657-4b27-b78a-bd2b128b41a8', 'c6fc6bd0-55ba-41a5-b20d-fdcde85a63d8', '2025-09-11', '2025-09-14', 270000, 270000, 'confirmed', 'paid', 270000) ON CONFLICT (booking_reference) DO NOTHING;
INSERT INTO bookings (booking_reference, guest_id, room_id, check_in_date, check_out_date, total_room_price_ngn, total_amount_ngn, status, payment_status, amount_paid_ngn) VALUES ('booking_5027_68c3213', '6d04097b-bada-489c-b37a-ad7752b1a095', '8af12217-f3b3-4817-b214-c6f71266a63a', '2025-09-13', '2025-09-15', 50000, 50000, 'confirmed', 'paid', 50000) ON CONFLICT (booking_reference) DO NOTHING;
INSERT INTO bookings (booking_reference, guest_id, room_id, check_in_date, check_out_date, total_room_price_ngn, total_amount_ngn, status, payment_status, amount_paid_ngn) VALUES ('booking_5030_68c3cb2', 'c2f61518-1038-4a8e-8c7d-68bd822edc34', 'ca946c9a-b147-488c-8ea8-84a3e1d87cfb', '2025-11-14', '2025-11-16', 540000, 540000, 'confirmed', 'paid', 540000) ON CONFLICT (booking_reference) DO NOTHING;
INSERT INTO bookings (booking_reference, guest_id, room_id, check_in_date, check_out_date, total_room_price_ngn, total_amount_ngn, status, payment_status, amount_paid_ngn) VALUES ('booking_5040_68c42d7', '95bfa851-c682-44f6-91d1-6c58ffb180b7', 'cad2bc4d-5eaa-429b-b9f1-faedd37fdc35', '2025-09-12', '2025-09-13', 100000, 100000, 'confirmed', 'paid', 100000) ON CONFLICT (booking_reference) DO NOTHING;
INSERT INTO bookings (booking_reference, guest_id, room_id, check_in_date, check_out_date, total_room_price_ngn, total_amount_ngn, status, payment_status, amount_paid_ngn) VALUES ('booking_5042_68c42e5', '6c941c0b-25bf-4e8c-b98d-d74280a3cc20', 'ca946c9a-b147-488c-8ea8-84a3e1d87cfb', '2025-09-12', '2025-09-13', 90000, 90000, 'confirmed', 'paid', 90000) ON CONFLICT (booking_reference) DO NOTHING;
INSERT INTO bookings (booking_reference, guest_id, room_id, check_in_date, check_out_date, total_room_price_ngn, total_amount_ngn, status, payment_status, amount_paid_ngn) VALUES ('booking_5047_68c4809', 'b279c2e6-65bc-4484-b075-0b13062b92e0', '8af12217-f3b3-4817-b214-c6f71266a63a', '2025-09-12', '2025-09-13', 25000, 25000, 'confirmed', 'paid', 25000) ON CONFLICT (booking_reference) DO NOTHING;
INSERT INTO bookings (booking_reference, guest_id, room_id, check_in_date, check_out_date, total_room_price_ngn, total_amount_ngn, status, payment_status, amount_paid_ngn) VALUES ('booking_5050_68c4827', '9fee7f44-f80c-45e0-898c-191a38f3ec5c', 'cad2bc4d-5eaa-429b-b9f1-faedd37fdc35', '2025-09-13', '2025-09-14', 162000, 162000, 'confirmed', 'paid', 162000) ON CONFLICT (booking_reference) DO NOTHING;
INSERT INTO bookings (booking_reference, guest_id, room_id, check_in_date, check_out_date, total_room_price_ngn, total_amount_ngn, status, payment_status, amount_paid_ngn) VALUES ('booking_5052_68c482b', '5c381da2-9d83-49f3-970d-90493778a1de', 'f78d9fae-b8d0-4006-a221-8b2bafaf1724', '2025-09-13', '2025-09-14', 90000, 90000, 'confirmed', 'paid', 90000) ON CONFLICT (booking_reference) DO NOTHING;
INSERT INTO bookings (booking_reference, guest_id, room_id, check_in_date, check_out_date, total_room_price_ngn, total_amount_ngn, status, payment_status, amount_paid_ngn) VALUES ('booking_5055_68c53e0', 'bc5f12ad-63e7-4fe0-bea0-5051f33a0182', 'f78d9fae-b8d0-4006-a221-8b2bafaf1724', '2025-09-15', '2025-09-24', 765000, 765000, 'confirmed', 'paid', 765000) ON CONFLICT (booking_reference) DO NOTHING;
INSERT INTO bookings (booking_reference, guest_id, room_id, check_in_date, check_out_date, total_room_price_ngn, total_amount_ngn, status, payment_status, amount_paid_ngn) VALUES ('booking_5059_68c6c49', '7c2ed4c0-6941-4c87-a60c-80019a43606c', 'c6fc6bd0-55ba-41a5-b20d-fdcde85a63d8', '2025-09-14', '2025-09-15', 90000, 90000, 'confirmed', 'paid', 90000) ON CONFLICT (booking_reference) DO NOTHING;
INSERT INTO bookings (booking_reference, guest_id, room_id, check_in_date, check_out_date, total_room_price_ngn, total_amount_ngn, status, payment_status, amount_paid_ngn) VALUES ('booking_5062_68c6c7c', '2b2fd216-267e-4e3d-90a7-91fe7c3b6728', 'c6fc6bd0-55ba-41a5-b20d-fdcde85a63d8', '2025-09-15', '2025-09-16', 110000, 110000, 'confirmed', 'paid', 110000) ON CONFLICT (booking_reference) DO NOTHING;
INSERT INTO bookings (booking_reference, guest_id, room_id, check_in_date, check_out_date, total_room_price_ngn, total_amount_ngn, status, payment_status, amount_paid_ngn) VALUES ('booking_5065_68c7f19', '92bae30b-490a-4408-a85e-69ba40694712', 'ca946c9a-b147-488c-8ea8-84a3e1d87cfb', '2025-09-19', '2025-09-20', 110000, 110000, 'confirmed', 'paid', 110000) ON CONFLICT (booking_reference) DO NOTHING;
INSERT INTO bookings (booking_reference, guest_id, room_id, check_in_date, check_out_date, total_room_price_ngn, total_amount_ngn, status, payment_status, amount_paid_ngn) VALUES ('booking_5069_68c9375', '680fd6e6-ff95-4599-8723-2d52833c5f29', 'cad2bc4d-5eaa-429b-b9f1-faedd37fdc35', '2025-11-14', '2025-11-16', 260000, 260000, 'confirmed', 'paid', 260000) ON CONFLICT (booking_reference) DO NOTHING;
INSERT INTO bookings (booking_reference, guest_id, room_id, check_in_date, check_out_date, total_room_price_ngn, total_amount_ngn, status, payment_status, amount_paid_ngn) VALUES ('booking_5077_68c99e6', '681bf12c-c92e-453e-a01e-2379ab5315d3', 'c6fc6bd0-55ba-41a5-b20d-fdcde85a63d8', '2025-09-17', '2025-09-24', 700000, 700000, 'confirmed', 'paid', 700000) ON CONFLICT (booking_reference) DO NOTHING;
INSERT INTO bookings (booking_reference, guest_id, room_id, check_in_date, check_out_date, total_room_price_ngn, total_amount_ngn, status, payment_status, amount_paid_ngn) VALUES ('booking_5080_68ca996', '2ded165b-2106-4712-92bc-1f7ea4247cd9', '8af12217-f3b3-4817-b214-c6f71266a63a', '2025-09-16', '2025-09-17', 25000, 25000, 'confirmed', 'paid', 25000) ON CONFLICT (booking_reference) DO NOTHING;
INSERT INTO bookings (booking_reference, guest_id, room_id, check_in_date, check_out_date, total_room_price_ngn, total_amount_ngn, status, payment_status, amount_paid_ngn) VALUES ('booking_5083_68caaf0', '5eb5b441-3093-459a-ae0f-066cbadce6a0', '5dff3a3e-9830-4575-ad57-4a6beb0314b7', '2025-09-17', '2025-09-18', 90000, 90000, 'confirmed', 'paid', 90000) ON CONFLICT (booking_reference) DO NOTHING;
INSERT INTO bookings (booking_reference, guest_id, room_id, check_in_date, check_out_date, total_room_price_ngn, total_amount_ngn, status, payment_status, amount_paid_ngn) VALUES ('booking_5087_68cab8d', '38cf0fb5-cec4-42ca-a552-1d808dc4effa', '8af12217-f3b3-4817-b214-c6f71266a63a', '2025-09-24', '2025-09-28', 80000, 80000, 'confirmed', 'paid', 80000) ON CONFLICT (booking_reference) DO NOTHING;
INSERT INTO bookings (booking_reference, guest_id, room_id, check_in_date, check_out_date, total_room_price_ngn, total_amount_ngn, status, payment_status, amount_paid_ngn) VALUES ('booking_5089_68cab93', '4f112ec9-ec6c-4817-9603-7c1963e2ad4a', '8af12217-f3b3-4817-b214-c6f71266a63a', '2025-11-07', '2025-11-09', 40000, 40000, 'confirmed', 'paid', 40000) ON CONFLICT (booking_reference) DO NOTHING;
INSERT INTO bookings (booking_reference, guest_id, room_id, check_in_date, check_out_date, total_room_price_ngn, total_amount_ngn, status, payment_status, amount_paid_ngn) VALUES ('booking_5093_68cb027', '47a441a6-de46-4aa2-bd7e-90903b10dfaf', '5dff3a3e-9830-4575-ad57-4a6beb0314b7', '2025-09-19', '2025-09-20', 90000, 90000, 'confirmed', 'paid', 90000) ON CONFLICT (booking_reference) DO NOTHING;
INSERT INTO bookings (booking_reference, guest_id, room_id, check_in_date, check_out_date, total_room_price_ngn, total_amount_ngn, status, payment_status, amount_paid_ngn) VALUES ('booking_5095_68cb07d', '1d1fc4c3-da4f-4baa-99a6-a72d073bb80c', '8af12217-f3b3-4817-b214-c6f71266a63a', '2025-11-07', '2025-11-09', 40000, 40000, 'confirmed', 'paid', 40000) ON CONFLICT (booking_reference) DO NOTHING;
INSERT INTO bookings (booking_reference, guest_id, room_id, check_in_date, check_out_date, total_room_price_ngn, total_amount_ngn, status, payment_status, amount_paid_ngn) VALUES ('booking_5097_68cb083', 'c49d3cd4-c713-460a-9703-175d3cc68619', 'c6fc6bd0-55ba-41a5-b20d-fdcde85a63d8', '2025-09-28', '2025-11-07', 4000000, 4000000, 'confirmed', 'paid', 4000000) ON CONFLICT (booking_reference) DO NOTHING;
INSERT INTO bookings (booking_reference, guest_id, room_id, check_in_date, check_out_date, total_room_price_ngn, total_amount_ngn, status, payment_status, amount_paid_ngn) VALUES ('booking_5099_68cb0bf', 'dfec103b-e35a-42b5-b0c2-9cb15f7b5843', '5dff3a3e-9830-4575-ad57-4a6beb0314b7', '2025-09-19', '2025-09-20', 90000, 90000, 'confirmed', 'paid', 90000) ON CONFLICT (booking_reference) DO NOTHING;
INSERT INTO bookings (booking_reference, guest_id, room_id, check_in_date, check_out_date, total_room_price_ngn, total_amount_ngn, status, payment_status, amount_paid_ngn) VALUES ('booking_5105_68cc51c', '67144c43-0b3f-4a44-80c4-2dfee865a380', '8af12217-f3b3-4817-b214-c6f71266a63a', '2025-09-18', '2025-09-21', 75000, 75000, 'confirmed', 'paid', 75000) ON CONFLICT (booking_reference) DO NOTHING;
INSERT INTO bookings (booking_reference, guest_id, room_id, check_in_date, check_out_date, total_room_price_ngn, total_amount_ngn, status, payment_status, amount_paid_ngn) VALUES ('booking_5109_68cc6f7', '82f936de-ef17-49c3-a1ad-9aec229cbfaf', 'cad2bc4d-5eaa-429b-b9f1-faedd37fdc35', '2025-09-18', '2025-09-19', 100000, 100000, 'confirmed', 'paid', 100000) ON CONFLICT (booking_reference) DO NOTHING;
INSERT INTO bookings (booking_reference, guest_id, room_id, check_in_date, check_out_date, total_room_price_ngn, total_amount_ngn, status, payment_status, amount_paid_ngn) VALUES ('booking_5116_68cd221', 'fe580620-5d01-4f06-a72a-f06222674683', '5dff3a3e-9830-4575-ad57-4a6beb0314b7', '2025-10-31', '2025-11-07', 630000, 630000, 'confirmed', 'paid', 630000) ON CONFLICT (booking_reference) DO NOTHING;
INSERT INTO bookings (booking_reference, guest_id, room_id, check_in_date, check_out_date, total_room_price_ngn, total_amount_ngn, status, payment_status, amount_paid_ngn) VALUES ('booking_5124_68cecc7', 'a58f1b26-ea65-47c9-8690-db5505e34f7b', 'ca946c9a-b147-488c-8ea8-84a3e1d87cfb', '2025-09-20', '2025-09-21', 90000, 90000, 'confirmed', 'paid', 90000) ON CONFLICT (booking_reference) DO NOTHING;
INSERT INTO bookings (booking_reference, guest_id, room_id, check_in_date, check_out_date, total_room_price_ngn, total_amount_ngn, status, payment_status, amount_paid_ngn) VALUES ('booking_5128_68cf1d0', '6a267ec5-4a23-4d81-8994-1571c76e006d', '5dff3a3e-9830-4575-ad57-4a6beb0314b7', '2025-09-21', '2025-09-22', 90000, 90000, 'confirmed', 'paid', 90000) ON CONFLICT (booking_reference) DO NOTHING;
INSERT INTO bookings (booking_reference, guest_id, room_id, check_in_date, check_out_date, total_room_price_ngn, total_amount_ngn, status, payment_status, amount_paid_ngn) VALUES ('booking_5130_68cf2fc', 'ac84bf92-f027-4229-9211-85f2e3c5be27', 'ca946c9a-b147-488c-8ea8-84a3e1d87cfb', '2025-09-21', '2025-09-22', 90000, 90000, 'confirmed', 'paid', 90000) ON CONFLICT (booking_reference) DO NOTHING;
INSERT INTO bookings (booking_reference, guest_id, room_id, check_in_date, check_out_date, total_room_price_ngn, total_amount_ngn, status, payment_status, amount_paid_ngn) VALUES ('booking_5135_68cff21', 'a95ad0d5-a83c-4249-a4a6-c65c091c28f5', 'c6fc6bd0-55ba-41a5-b20d-fdcde85a63d8', '2025-09-24', '2025-09-28', 440000, 440000, 'confirmed', 'paid', 440000) ON CONFLICT (booking_reference) DO NOTHING;
INSERT INTO bookings (booking_reference, guest_id, room_id, check_in_date, check_out_date, total_room_price_ngn, total_amount_ngn, status, payment_status, amount_paid_ngn) VALUES ('booking_5137_68cff31', 'f618e702-f09a-4d5f-99f0-d139fc9c6b94', '8af12217-f3b3-4817-b214-c6f71266a63a', '2025-09-24', '2025-09-28', 100000, 100000, 'confirmed', 'paid', 100000) ON CONFLICT (booking_reference) DO NOTHING;
INSERT INTO bookings (booking_reference, guest_id, room_id, check_in_date, check_out_date, total_room_price_ngn, total_amount_ngn, status, payment_status, amount_paid_ngn) VALUES ('booking_5139_68d1119', 'abffcda5-b7ca-4533-b7d3-156b245b5dfa', 'ca946c9a-b147-488c-8ea8-84a3e1d87cfb', '2025-09-22', '2025-09-23', 90000, 90000, 'confirmed', 'paid', 90000) ON CONFLICT (booking_reference) DO NOTHING;
INSERT INTO bookings (booking_reference, guest_id, room_id, check_in_date, check_out_date, total_room_price_ngn, total_amount_ngn, status, payment_status, amount_paid_ngn) VALUES ('booking_5143_68d147a', '78ea59d6-8dce-4af7-ade1-28dae3e7a0bb', 'cad2bc4d-5eaa-429b-b9f1-faedd37fdc35', '2025-09-23', '2025-09-24', 162000, 162000, 'confirmed', 'paid', 162000) ON CONFLICT (booking_reference) DO NOTHING;
INSERT INTO bookings (booking_reference, guest_id, room_id, check_in_date, check_out_date, total_room_price_ngn, total_amount_ngn, status, payment_status, amount_paid_ngn) VALUES ('booking_5146_68d27d6', '32b8e22c-651c-4119-823c-ce34d3759dfe', '5dff3a3e-9830-4575-ad57-4a6beb0314b7', '2025-09-27', '2025-09-28', 200000, 200000, 'confirmed', 'paid', 200000) ON CONFLICT (booking_reference) DO NOTHING;
INSERT INTO bookings (booking_reference, guest_id, room_id, check_in_date, check_out_date, total_room_price_ngn, total_amount_ngn, status, payment_status, amount_paid_ngn) VALUES ('booking_5160_68d2f86', 'dee03cd2-7d8c-47c6-9292-1067312ae973', 'a64b9f4a-e434-40fe-8052-dadf544229b0', '2025-09-27', '2025-09-28', 100000, 100000, 'confirmed', 'paid', 100000) ON CONFLICT (booking_reference) DO NOTHING;
INSERT INTO bookings (booking_reference, guest_id, room_id, check_in_date, check_out_date, total_room_price_ngn, total_amount_ngn, status, payment_status, amount_paid_ngn) VALUES ('booking_5165_68d4540', '6ab1f213-abf2-4bfe-8f8f-bf511a49f7d4', 'c6fc6bd0-55ba-41a5-b20d-fdcde85a63d8', '2025-11-12', '2025-11-16', 440000, 440000, 'confirmed', 'paid', 440000) ON CONFLICT (booking_reference) DO NOTHING;
INSERT INTO bookings (booking_reference, guest_id, room_id, check_in_date, check_out_date, total_room_price_ngn, total_amount_ngn, status, payment_status, amount_paid_ngn) VALUES ('booking_5169_68d64f2', 'cbf083b9-53b2-4c40-82a4-a18ce6b4bb43', 'cad2bc4d-5eaa-429b-b9f1-faedd37fdc35', '2025-09-29', '2025-09-30', 162000, 162000, 'confirmed', 'paid', 162000) ON CONFLICT (booking_reference) DO NOTHING;
INSERT INTO bookings (booking_reference, guest_id, room_id, check_in_date, check_out_date, total_room_price_ngn, total_amount_ngn, status, payment_status, amount_paid_ngn) VALUES ('booking_5171_68d7b8a', 'd4ec6229-2893-4535-9d66-c4223c03034b', 'a64b9f4a-e434-40fe-8052-dadf544229b0', '2025-11-16', '2025-11-17', 100000, 100000, 'confirmed', 'paid', 100000) ON CONFLICT (booking_reference) DO NOTHING;
INSERT INTO bookings (booking_reference, guest_id, room_id, check_in_date, check_out_date, total_room_price_ngn, total_amount_ngn, status, payment_status, amount_paid_ngn) VALUES ('booking_5174_68d84e5', 'a5a45196-afb0-42ad-bcd9-ec657af3f0c5', '8af12217-f3b3-4817-b214-c6f71266a63a', '2025-09-30', '2025-10-03', 75000, 75000, 'confirmed', 'paid', 75000) ON CONFLICT (booking_reference) DO NOTHING;
INSERT INTO bookings (booking_reference, guest_id, room_id, check_in_date, check_out_date, total_room_price_ngn, total_amount_ngn, status, payment_status, amount_paid_ngn) VALUES ('booking_5176_68d90ca', '429d5b07-9502-45cb-a79a-ed4d5ebd5152', 'f78d9fae-b8d0-4006-a221-8b2bafaf1724', '2025-09-28', '2025-09-29', 90000, 90000, 'confirmed', 'paid', 90000) ON CONFLICT (booking_reference) DO NOTHING;
INSERT INTO bookings (booking_reference, guest_id, room_id, check_in_date, check_out_date, total_room_price_ngn, total_amount_ngn, status, payment_status, amount_paid_ngn) VALUES ('booking_5178_68d92dc', 'b2ab8523-8fed-44d1-baf3-26b855685f68', 'ca946c9a-b147-488c-8ea8-84a3e1d87cfb', '2025-09-28', '2025-10-01', 330000, 330000, 'confirmed', 'paid', 330000) ON CONFLICT (booking_reference) DO NOTHING;
INSERT INTO bookings (booking_reference, guest_id, room_id, check_in_date, check_out_date, total_room_price_ngn, total_amount_ngn, status, payment_status, amount_paid_ngn) VALUES ('booking_5183_68d98bc', 'eb5f3614-37b2-43c6-a91c-01574b341f2c', '5dff3a3e-9830-4575-ad57-4a6beb0314b7', '2025-09-28', '2025-10-01', 240000, 240000, 'confirmed', 'paid', 240000) ON CONFLICT (booking_reference) DO NOTHING;
INSERT INTO bookings (booking_reference, guest_id, room_id, check_in_date, check_out_date, total_room_price_ngn, total_amount_ngn, status, payment_status, amount_paid_ngn) VALUES ('booking_5187_68da5bc', 'b761d2c7-17e1-49c1-9447-241cda018d9e', 'f78d9fae-b8d0-4006-a221-8b2bafaf1724', '2025-09-29', '2025-10-02', 270000, 270000, 'confirmed', 'paid', 270000) ON CONFLICT (booking_reference) DO NOTHING;
INSERT INTO bookings (booking_reference, guest_id, room_id, check_in_date, check_out_date, total_room_price_ngn, total_amount_ngn, status, payment_status, amount_paid_ngn) VALUES ('booking_5195_68db912', 'd351d913-cc0d-486c-a863-fa4119f8125e', 'f78d9fae-b8d0-4006-a221-8b2bafaf1724', '2025-10-02', '2025-10-07', 375000, 375000, 'confirmed', 'paid', 375000) ON CONFLICT (booking_reference) DO NOTHING;
INSERT INTO bookings (booking_reference, guest_id, room_id, check_in_date, check_out_date, total_room_price_ngn, total_amount_ngn, status, payment_status, amount_paid_ngn) VALUES ('booking_5200_68dbc81', '696f2036-312d-4b62-a3e3-1d5399ce32b9', 'cad2bc4d-5eaa-429b-b9f1-faedd37fdc35', '2025-09-30', '2025-10-01', 120000, 120000, 'confirmed', 'paid', 120000) ON CONFLICT (booking_reference) DO NOTHING;
INSERT INTO bookings (booking_reference, guest_id, room_id, check_in_date, check_out_date, total_room_price_ngn, total_amount_ngn, status, payment_status, amount_paid_ngn) VALUES ('booking_5203_68dc03e', '64e25daa-d52d-4b8f-b755-767ea959e4a6', '5dff3a3e-9830-4575-ad57-4a6beb0314b7', '2025-10-03', '2025-10-04', 90000, 90000, 'confirmed', 'paid', 90000) ON CONFLICT (booking_reference) DO NOTHING;
INSERT INTO bookings (booking_reference, guest_id, room_id, check_in_date, check_out_date, total_room_price_ngn, total_amount_ngn, status, payment_status, amount_paid_ngn) VALUES ('booking_5214_68dd089', 'bf439aeb-b6cc-4fc5-8742-0c27e3690070', 'ca946c9a-b147-488c-8ea8-84a3e1d87cfb', '2025-10-03', '2025-10-04', 90000, 90000, 'confirmed', 'paid', 90000) ON CONFLICT (booking_reference) DO NOTHING;
INSERT INTO bookings (booking_reference, guest_id, room_id, check_in_date, check_out_date, total_room_price_ngn, total_amount_ngn, status, payment_status, amount_paid_ngn) VALUES ('booking_5217_68dd095', '98e255cc-19d9-4049-94ae-5f8cf51db4e6', '8af12217-f3b3-4817-b214-c6f71266a63a', '2025-10-01', '2025-10-02', 25000, 25000, 'confirmed', 'paid', 25000) ON CONFLICT (booking_reference) DO NOTHING;
INSERT INTO bookings (booking_reference, guest_id, room_id, check_in_date, check_out_date, total_room_price_ngn, total_amount_ngn, status, payment_status, amount_paid_ngn) VALUES ('booking_5220_68dd69e', 'e1718f93-75c3-488b-9734-e48431305275', 'ca946c9a-b147-488c-8ea8-84a3e1d87cfb', '2025-10-01', '2025-10-03', 200000, 200000, 'confirmed', 'paid', 200000) ON CONFLICT (booking_reference) DO NOTHING;
INSERT INTO bookings (booking_reference, guest_id, room_id, check_in_date, check_out_date, total_room_price_ngn, total_amount_ngn, status, payment_status, amount_paid_ngn) VALUES ('booking_5225_68de522', '53aa0414-6725-4a8f-b882-a396037de47d', 'ca946c9a-b147-488c-8ea8-84a3e1d87cfb', '2025-10-05', '2025-11-07', 2640000, 2640000, 'confirmed', 'paid', 2640000) ON CONFLICT (booking_reference) DO NOTHING;
INSERT INTO bookings (booking_reference, guest_id, room_id, check_in_date, check_out_date, total_room_price_ngn, total_amount_ngn, status, payment_status, amount_paid_ngn) VALUES ('booking_5230_68de805', '47b6f9c3-b6c6-4cef-8d23-659075e5ef07', '8af12217-f3b3-4817-b214-c6f71266a63a', '2025-10-03', '2025-10-04', 25000, 25000, 'confirmed', 'paid', 25000) ON CONFLICT (booking_reference) DO NOTHING;
INSERT INTO bookings (booking_reference, guest_id, room_id, check_in_date, check_out_date, total_room_price_ngn, total_amount_ngn, status, payment_status, amount_paid_ngn) VALUES ('booking_5233_68de955', '8a97a818-09e1-4880-9339-3f94ffea5866', 'cad2bc4d-5eaa-429b-b9f1-faedd37fdc35', '2025-10-02', '2025-10-03', 140000, 140000, 'confirmed', 'paid', 140000) ON CONFLICT (booking_reference) DO NOTHING;
INSERT INTO bookings (booking_reference, guest_id, room_id, check_in_date, check_out_date, total_room_price_ngn, total_amount_ngn, status, payment_status, amount_paid_ngn) VALUES ('booking_5237_68dfd90', '1ca9775d-6c13-44f2-bba0-be1ef72d4772', 'cad2bc4d-5eaa-429b-b9f1-faedd37fdc35', '2025-10-03', '2025-10-04', 100000, 100000, 'confirmed', 'paid', 100000) ON CONFLICT (booking_reference) DO NOTHING;
INSERT INTO bookings (booking_reference, guest_id, room_id, check_in_date, check_out_date, total_room_price_ngn, total_amount_ngn, status, payment_status, amount_paid_ngn) VALUES ('booking_5240_68e11d4', 'eeddd355-e395-4153-ad5f-ce8484e51f35', 'ca946c9a-b147-488c-8ea8-84a3e1d87cfb', '2025-10-04', '2025-10-05', 90000, 90000, 'confirmed', 'paid', 90000) ON CONFLICT (booking_reference) DO NOTHING;
INSERT INTO bookings (booking_reference, guest_id, room_id, check_in_date, check_out_date, total_room_price_ngn, total_amount_ngn, status, payment_status, amount_paid_ngn) VALUES ('booking_5242_68e11e1', '0ece25d1-a1f9-4925-9b3d-ad0a90cbe77f', '8af12217-f3b3-4817-b214-c6f71266a63a', '2025-10-04', '2025-10-05', 25000, 25000, 'confirmed', 'paid', 25000) ON CONFLICT (booking_reference) DO NOTHING;
INSERT INTO bookings (booking_reference, guest_id, room_id, check_in_date, check_out_date, total_room_price_ngn, total_amount_ngn, status, payment_status, amount_paid_ngn) VALUES ('booking_5245_68e1455', 'a0a8e9e2-c86b-4b23-9455-532459378f2d', '8af12217-f3b3-4817-b214-c6f71266a63a', '2025-10-04', '2025-10-05', 25000, 25000, 'confirmed', 'paid', 25000) ON CONFLICT (booking_reference) DO NOTHING;
INSERT INTO bookings (booking_reference, guest_id, room_id, check_in_date, check_out_date, total_room_price_ngn, total_amount_ngn, status, payment_status, amount_paid_ngn) VALUES ('booking_5248_68e27c9', '8e5f155a-8e97-49cd-b91e-6348ebc82453', '8af12217-f3b3-4817-b214-c6f71266a63a', '2025-10-05', '2025-10-06', 25000, 25000, 'confirmed', 'paid', 25000) ON CONFLICT (booking_reference) DO NOTHING;
INSERT INTO bookings (booking_reference, guest_id, room_id, check_in_date, check_out_date, total_room_price_ngn, total_amount_ngn, status, payment_status, amount_paid_ngn) VALUES ('booking_5256_68e38bc', 'cd2d4371-122b-4419-84db-18ad2e929609', '5dff3a3e-9830-4575-ad57-4a6beb0314b7', '2025-10-06', '2025-10-11', 450000, 450000, 'confirmed', 'paid', 450000) ON CONFLICT (booking_reference) DO NOTHING;
INSERT INTO bookings (booking_reference, guest_id, room_id, check_in_date, check_out_date, total_room_price_ngn, total_amount_ngn, status, payment_status, amount_paid_ngn) VALUES ('booking_5270_68e7b2d', '4e1cd34c-368b-4205-92a6-19eb8195f3a1', 'f78d9fae-b8d0-4006-a221-8b2bafaf1724', '2025-10-09', '2025-10-15', 660000, 660000, 'confirmed', 'paid', 660000) ON CONFLICT (booking_reference) DO NOTHING;
INSERT INTO bookings (booking_reference, guest_id, room_id, check_in_date, check_out_date, total_room_price_ngn, total_amount_ngn, status, payment_status, amount_paid_ngn) VALUES ('booking_5274_68e7c2f', '9fea67f0-67b4-4038-aa2b-92c2dcbb862a', 'f78d9fae-b8d0-4006-a221-8b2bafaf1724', '2025-11-12', '2025-11-18', 630000, 630000, 'confirmed', 'paid', 630000) ON CONFLICT (booking_reference) DO NOTHING;
INSERT INTO bookings (booking_reference, guest_id, room_id, check_in_date, check_out_date, total_room_price_ngn, total_amount_ngn, status, payment_status, amount_paid_ngn) VALUES ('booking_5276_68e7c37', 'a7ad4717-8a42-4d6e-9943-20598679cc68', 'ca946c9a-b147-488c-8ea8-84a3e1d87cfb', '2025-11-17', '2025-11-22', 425000, 425000, 'confirmed', 'paid', 425000) ON CONFLICT (booking_reference) DO NOTHING;
INSERT INTO bookings (booking_reference, guest_id, room_id, check_in_date, check_out_date, total_room_price_ngn, total_amount_ngn, status, payment_status, amount_paid_ngn) VALUES ('booking_5282_68e7c4b', '95400819-41a9-42a9-b6fe-8e96124daf26', 'ca946c9a-b147-488c-8ea8-84a3e1d87cfb', '2025-11-11', '2025-11-17', 510000, 510000, 'confirmed', 'paid', 510000) ON CONFLICT (booking_reference) DO NOTHING;
INSERT INTO bookings (booking_reference, guest_id, room_id, check_in_date, check_out_date, total_room_price_ngn, total_amount_ngn, status, payment_status, amount_paid_ngn) VALUES ('booking_5286_68e7c97', 'd37b5f28-8604-428e-b145-b96a128af6f8', 'c6fc6bd0-55ba-41a5-b20d-fdcde85a63d8', '2025-11-09', '2025-11-29', 2000000, 2000000, 'confirmed', 'paid', 2000000) ON CONFLICT (booking_reference) DO NOTHING;
INSERT INTO bookings (booking_reference, guest_id, room_id, check_in_date, check_out_date, total_room_price_ngn, total_amount_ngn, status, payment_status, amount_paid_ngn) VALUES ('booking_5290_68e90e7', '117b903e-f822-490e-bcb4-7447b557f4d4', 'f78d9fae-b8d0-4006-a221-8b2bafaf1724', '2025-12-25', '2025-12-29', 540000, 540000, 'confirmed', 'paid', 540000) ON CONFLICT (booking_reference) DO NOTHING;
INSERT INTO bookings (booking_reference, guest_id, room_id, check_in_date, check_out_date, total_room_price_ngn, total_amount_ngn, status, payment_status, amount_paid_ngn) VALUES ('booking_5296_68ea1d9', '5315fb0c-6a96-400d-81a3-3e2a4f4d4551', 'cad2bc4d-5eaa-429b-b9f1-faedd37fdc35', '2025-10-10', '2025-10-11', 100000, 100000, 'confirmed', 'paid', 100000) ON CONFLICT (booking_reference) DO NOTHING;
INSERT INTO bookings (booking_reference, guest_id, room_id, check_in_date, check_out_date, total_room_price_ngn, total_amount_ngn, status, payment_status, amount_paid_ngn) VALUES ('booking_5300_68ea20e', '857b046f-6c0c-4856-9441-c2c4487291e0', '8af12217-f3b3-4817-b214-c6f71266a63a', '2025-10-10', '2025-10-12', 50000, 50000, 'confirmed', 'paid', 50000) ON CONFLICT (booking_reference) DO NOTHING;
INSERT INTO bookings (booking_reference, guest_id, room_id, check_in_date, check_out_date, total_room_price_ngn, total_amount_ngn, status, payment_status, amount_paid_ngn) VALUES ('booking_5304_68ea2c5', '29b11b40-eae3-472b-8c77-d3bf8a9cd047', 'cad2bc4d-5eaa-429b-b9f1-faedd37fdc35', '2025-10-11', '2025-10-13', 300000, 300000, 'confirmed', 'paid', 300000) ON CONFLICT (booking_reference) DO NOTHING;
INSERT INTO bookings (booking_reference, guest_id, room_id, check_in_date, check_out_date, total_room_price_ngn, total_amount_ngn, status, payment_status, amount_paid_ngn) VALUES ('booking_5307_68ea2cd', '92cf9fca-58c4-47ee-8ce1-30c1a1b0aac7', '5dff3a3e-9830-4575-ad57-4a6beb0314b7', '2025-10-11', '2025-10-31', 1700000, 1700000, 'confirmed', 'paid', 1700000) ON CONFLICT (booking_reference) DO NOTHING;
INSERT INTO bookings (booking_reference, guest_id, room_id, check_in_date, check_out_date, total_room_price_ngn, total_amount_ngn, status, payment_status, amount_paid_ngn) VALUES ('booking_5318_68ece12', 'b79290fb-b794-4821-880e-1c0792dac1a8', '8af12217-f3b3-4817-b214-c6f71266a63a', '2025-11-13', '2025-11-16', 75000, 75000, 'confirmed', 'paid', 75000) ON CONFLICT (booking_reference) DO NOTHING;
INSERT INTO bookings (booking_reference, guest_id, room_id, check_in_date, check_out_date, total_room_price_ngn, total_amount_ngn, status, payment_status, amount_paid_ngn) VALUES ('booking_5322_68ed179', 'd3ccc015-4073-4c6f-8f11-a8e5cd133653', 'cad2bc4d-5eaa-429b-b9f1-faedd37fdc35', '2025-10-13', '2025-10-14', 130000, 130000, 'confirmed', 'paid', 130000) ON CONFLICT (booking_reference) DO NOTHING;
INSERT INTO bookings (booking_reference, guest_id, room_id, check_in_date, check_out_date, total_room_price_ngn, total_amount_ngn, status, payment_status, amount_paid_ngn) VALUES ('booking_5324_68ee0d0', 'dc94e124-d983-4ea2-a672-e17361687746', '8af12217-f3b3-4817-b214-c6f71266a63a', '2025-11-04', '2025-11-06', 50000, 50000, 'confirmed', 'paid', 50000) ON CONFLICT (booking_reference) DO NOTHING;
INSERT INTO bookings (booking_reference, guest_id, room_id, check_in_date, check_out_date, total_room_price_ngn, total_amount_ngn, status, payment_status, amount_paid_ngn) VALUES ('booking_5328_68ee82d', '3e7271f6-d523-42cd-bfa2-3c2902f25883', 'cad2bc4d-5eaa-429b-b9f1-faedd37fdc35', '2025-10-14', '2025-10-15', 130000, 130000, 'confirmed', 'paid', 130000) ON CONFLICT (booking_reference) DO NOTHING;
INSERT INTO bookings (booking_reference, guest_id, room_id, check_in_date, check_out_date, total_room_price_ngn, total_amount_ngn, status, payment_status, amount_paid_ngn) VALUES ('booking_5330_68ee831', '4493155a-144d-4865-8ebb-4ccfd838f4b1', '8af12217-f3b3-4817-b214-c6f71266a63a', '2025-10-14', '2025-10-17', 75000, 75000, 'confirmed', 'paid', 75000) ON CONFLICT (booking_reference) DO NOTHING;
INSERT INTO bookings (booking_reference, guest_id, room_id, check_in_date, check_out_date, total_room_price_ngn, total_amount_ngn, status, payment_status, amount_paid_ngn) VALUES ('booking_5336_68f0daf', '014266da-a86c-4f30-9215-9c4946964db3', 'cad2bc4d-5eaa-429b-b9f1-faedd37fdc35', '2025-10-18', '2025-10-19', 150000, 150000, 'confirmed', 'paid', 150000) ON CONFLICT (booking_reference) DO NOTHING;
INSERT INTO bookings (booking_reference, guest_id, room_id, check_in_date, check_out_date, total_room_price_ngn, total_amount_ngn, status, payment_status, amount_paid_ngn) VALUES ('booking_5340_68f0e1d', '9d2b2a97-c8ba-4a11-8055-401f9df19c67', '8af12217-f3b3-4817-b214-c6f71266a63a', '2025-10-16', '2025-10-18', 40000, 40000, 'confirmed', 'paid', 40000) ON CONFLICT (booking_reference) DO NOTHING;
INSERT INTO bookings (booking_reference, guest_id, room_id, check_in_date, check_out_date, total_room_price_ngn, total_amount_ngn, status, payment_status, amount_paid_ngn) VALUES ('booking_5342_68f0eaa', 'c663f875-ad4a-4c08-9dff-849c2a39ea78', '8af12217-f3b3-4817-b214-c6f71266a63a', '2025-10-16', '2025-10-17', 25000, 25000, 'confirmed', 'paid', 25000) ON CONFLICT (booking_reference) DO NOTHING;
INSERT INTO bookings (booking_reference, guest_id, room_id, check_in_date, check_out_date, total_room_price_ngn, total_amount_ngn, status, payment_status, amount_paid_ngn) VALUES ('booking_5345_68f11c9', '96d99e53-f443-40ea-947d-87078896d1d7', 'f78d9fae-b8d0-4006-a221-8b2bafaf1724', '2025-10-24', '2025-10-25', 210000, 210000, 'confirmed', 'paid', 210000) ON CONFLICT (booking_reference) DO NOTHING;
INSERT INTO bookings (booking_reference, guest_id, room_id, check_in_date, check_out_date, total_room_price_ngn, total_amount_ngn, status, payment_status, amount_paid_ngn) VALUES ('booking_5349_68f1239', '19ff57cf-153a-48ac-827b-632b6a6045c5', 'f78d9fae-b8d0-4006-a221-8b2bafaf1724', '2025-10-18', '2025-10-19', 90000, 90000, 'confirmed', 'paid', 90000) ON CONFLICT (booking_reference) DO NOTHING;
INSERT INTO bookings (booking_reference, guest_id, room_id, check_in_date, check_out_date, total_room_price_ngn, total_amount_ngn, status, payment_status, amount_paid_ngn) VALUES ('booking_5355_68f1256', 'e80cb319-5ec9-4c10-80be-fe4f6934aab1', 'cad2bc4d-5eaa-429b-b9f1-faedd37fdc35', '2025-10-25', '2025-10-26', 230000, 230000, 'confirmed', 'paid', 230000) ON CONFLICT (booking_reference) DO NOTHING;
INSERT INTO bookings (booking_reference, guest_id, room_id, check_in_date, check_out_date, total_room_price_ngn, total_amount_ngn, status, payment_status, amount_paid_ngn) VALUES ('booking_5360_68f12d3', '9160830d-12b9-464f-a619-6d49cd15ccac', 'f78d9fae-b8d0-4006-a221-8b2bafaf1724', '2025-10-17', '2025-10-18', 110000, 110000, 'confirmed', 'paid', 110000) ON CONFLICT (booking_reference) DO NOTHING;
INSERT INTO bookings (booking_reference, guest_id, room_id, check_in_date, check_out_date, total_room_price_ngn, total_amount_ngn, status, payment_status, amount_paid_ngn) VALUES ('booking_5370_68f15ce', 'd0f6eed4-727e-45c2-9c99-bfaba5750645', '8af12217-f3b3-4817-b214-c6f71266a63a', '2025-11-08', '2025-11-09', 20000, 20000, 'confirmed', 'paid', 20000) ON CONFLICT (booking_reference) DO NOTHING;
INSERT INTO bookings (booking_reference, guest_id, room_id, check_in_date, check_out_date, total_room_price_ngn, total_amount_ngn, status, payment_status, amount_paid_ngn) VALUES ('booking_5372_68f15e3', 'fd156bd1-1074-413f-955c-02efc1bc39c0', '8af12217-f3b3-4817-b214-c6f71266a63a', '2025-11-14', '2025-11-15', 25000, 25000, 'confirmed', 'paid', 25000) ON CONFLICT (booking_reference) DO NOTHING;
INSERT INTO bookings (booking_reference, guest_id, room_id, check_in_date, check_out_date, total_room_price_ngn, total_amount_ngn, status, payment_status, amount_paid_ngn) VALUES ('booking_5374_68f1f8b', '8a76eb73-dbd2-4613-9696-0332f409b361', 'cad2bc4d-5eaa-429b-b9f1-faedd37fdc35', '2025-10-17', '2025-10-18', 70000, 70000, 'confirmed', 'paid', 70000) ON CONFLICT (booking_reference) DO NOTHING;
INSERT INTO bookings (booking_reference, guest_id, room_id, check_in_date, check_out_date, total_room_price_ngn, total_amount_ngn, status, payment_status, amount_paid_ngn) VALUES ('booking_5385_68f507a', 'aa7f0efd-7361-47a9-8a2d-1d7817b6e2e0', '8af12217-f3b3-4817-b214-c6f71266a63a', '2025-10-19', '2025-10-21', 50000, 50000, 'confirmed', 'paid', 50000) ON CONFLICT (booking_reference) DO NOTHING;
INSERT INTO bookings (booking_reference, guest_id, room_id, check_in_date, check_out_date, total_room_price_ngn, total_amount_ngn, status, payment_status, amount_paid_ngn) VALUES ('booking_5388_68f5337', '9b3d67df-67ac-47ec-9090-1368e6ec1393', 'f78d9fae-b8d0-4006-a221-8b2bafaf1724', '2025-11-01', '2025-11-02', 110000, 110000, 'confirmed', 'paid', 110000) ON CONFLICT (booking_reference) DO NOTHING;
INSERT INTO bookings (booking_reference, guest_id, room_id, check_in_date, check_out_date, total_room_price_ngn, total_amount_ngn, status, payment_status, amount_paid_ngn) VALUES ('booking_5395_68f729a', '9560550e-8fed-4e25-8620-754026ef3795', '8af12217-f3b3-4817-b214-c6f71266a63a', '2025-11-01', '2025-11-03', 50000, 50000, 'confirmed', 'paid', 50000) ON CONFLICT (booking_reference) DO NOTHING;
INSERT INTO bookings (booking_reference, guest_id, room_id, check_in_date, check_out_date, total_room_price_ngn, total_amount_ngn, status, payment_status, amount_paid_ngn) VALUES ('booking_5397_68f7a70', 'b4169d37-0d74-4b79-a882-36a0544a751c', 'f78d9fae-b8d0-4006-a221-8b2bafaf1724', '2025-10-21', '2025-10-22', 90000, 90000, 'confirmed', 'paid', 90000) ON CONFLICT (booking_reference) DO NOTHING;
INSERT INTO bookings (booking_reference, guest_id, room_id, check_in_date, check_out_date, total_room_price_ngn, total_amount_ngn, status, payment_status, amount_paid_ngn) VALUES ('booking_5400_68f7aa8', '14a558a6-44bc-471f-9afa-516bc0b9681c', 'a64b9f4a-e434-40fe-8052-dadf544229b0', '2025-12-13', '2025-12-14', 100000, 100000, 'confirmed', 'paid', 100000) ON CONFLICT (booking_reference) DO NOTHING;
INSERT INTO bookings (booking_reference, guest_id, room_id, check_in_date, check_out_date, total_room_price_ngn, total_amount_ngn, status, payment_status, amount_paid_ngn) VALUES ('booking_5402_68f933f', 'd6f0ebe7-0c28-42c6-b6fe-16c651ce3325', '8af12217-f3b3-4817-b214-c6f71266a63a', '2025-10-22', '2025-10-23', 25000, 25000, 'confirmed', 'paid', 25000) ON CONFLICT (booking_reference) DO NOTHING;
INSERT INTO bookings (booking_reference, guest_id, room_id, check_in_date, check_out_date, total_room_price_ngn, total_amount_ngn, status, payment_status, amount_paid_ngn) VALUES ('booking_5404_68fa042', '89ad6148-ff40-4720-901c-d162ff923c01', 'f78d9fae-b8d0-4006-a221-8b2bafaf1724', '2025-10-23', '2025-10-24', 110000, 110000, 'confirmed', 'paid', 110000) ON CONFLICT (booking_reference) DO NOTHING;
INSERT INTO bookings (booking_reference, guest_id, room_id, check_in_date, check_out_date, total_room_price_ngn, total_amount_ngn, status, payment_status, amount_paid_ngn) VALUES ('booking_5406_68fa054', 'badf5d11-b7c3-41cb-8456-ea89cacc91bc', '8af12217-f3b3-4817-b214-c6f71266a63a', '2025-10-25', '2025-10-26', 40000, 40000, 'confirmed', 'paid', 40000) ON CONFLICT (booking_reference) DO NOTHING;
INSERT INTO bookings (booking_reference, guest_id, room_id, check_in_date, check_out_date, total_room_price_ngn, total_amount_ngn, status, payment_status, amount_paid_ngn) VALUES ('booking_5409_68fa70c', '1fb8df0b-3303-4656-9f74-41548006e104', '8af12217-f3b3-4817-b214-c6f71266a63a', '2025-10-24', '2025-10-26', 40000, 40000, 'confirmed', 'paid', 40000) ON CONFLICT (booking_reference) DO NOTHING;
INSERT INTO bookings (booking_reference, guest_id, room_id, check_in_date, check_out_date, total_room_price_ngn, total_amount_ngn, status, payment_status, amount_paid_ngn) VALUES ('booking_5420_68fbbf5', 'eb421af0-2d6e-4117-90f1-09dd11b03af3', '5dff3a3e-9830-4575-ad57-4a6beb0314b7', '2025-11-09', '2025-12-08', 2465000, 2465000, 'confirmed', 'paid', 2465000) ON CONFLICT (booking_reference) DO NOTHING;
INSERT INTO bookings (booking_reference, guest_id, room_id, check_in_date, check_out_date, total_room_price_ngn, total_amount_ngn, status, payment_status, amount_paid_ngn) VALUES ('booking_5423_68fc973', '978511b9-60ba-4c2c-8815-1d3f46b2e2a3', 'f78d9fae-b8d0-4006-a221-8b2bafaf1724', '2025-10-25', '2025-10-26', 90000, 90000, 'confirmed', 'paid', 90000) ON CONFLICT (booking_reference) DO NOTHING;
INSERT INTO bookings (booking_reference, guest_id, room_id, check_in_date, check_out_date, total_room_price_ngn, total_amount_ngn, status, payment_status, amount_paid_ngn) VALUES ('booking_5429_68fcc1f', 'b7a707e1-fdd9-49b2-8e0a-1ffce7707f55', '8af12217-f3b3-4817-b214-c6f71266a63a', '2025-10-27', '2025-10-30', 75000, 75000, 'confirmed', 'paid', 75000) ON CONFLICT (booking_reference) DO NOTHING;
INSERT INTO bookings (booking_reference, guest_id, room_id, check_in_date, check_out_date, total_room_price_ngn, total_amount_ngn, status, payment_status, amount_paid_ngn) VALUES ('booking_5441_68fe303', '53eb7577-ee64-4563-b97b-07f5f640d84b', '8af12217-f3b3-4817-b214-c6f71266a63a', '2025-10-26', '2025-10-27', 25000, 25000, 'confirmed', 'paid', 25000) ON CONFLICT (booking_reference) DO NOTHING;
INSERT INTO bookings (booking_reference, guest_id, room_id, check_in_date, check_out_date, total_room_price_ngn, total_amount_ngn, status, payment_status, amount_paid_ngn) VALUES ('booking_5443_68ff64e', '96c041d0-1ab1-4f31-8f81-dac3271318b4', '8af12217-f3b3-4817-b214-c6f71266a63a', '2025-10-26', '2025-10-27', 20000, 20000, 'confirmed', 'paid', 20000) ON CONFLICT (booking_reference) DO NOTHING;
INSERT INTO bookings (booking_reference, guest_id, room_id, check_in_date, check_out_date, total_room_price_ngn, total_amount_ngn, status, payment_status, amount_paid_ngn) VALUES ('booking_5454_6900d64', '870dc6e6-d7ba-41e5-a665-43a55d32aff4', '8af12217-f3b3-4817-b214-c6f71266a63a', '2025-10-28', '2025-10-29', 20000, 20000, 'confirmed', 'paid', 20000) ON CONFLICT (booking_reference) DO NOTHING;
INSERT INTO bookings (booking_reference, guest_id, room_id, check_in_date, check_out_date, total_room_price_ngn, total_amount_ngn, status, payment_status, amount_paid_ngn) VALUES ('booking_5456_6901100', '8e9e3462-5c44-4a8d-8a17-68b93b8be3a1', 'f78d9fae-b8d0-4006-a221-8b2bafaf1724', '2025-10-29', '2025-10-31', 220000, 220000, 'confirmed', 'paid', 220000) ON CONFLICT (booking_reference) DO NOTHING;
INSERT INTO bookings (booking_reference, guest_id, room_id, check_in_date, check_out_date, total_room_price_ngn, total_amount_ngn, status, payment_status, amount_paid_ngn) VALUES ('booking_5459_690110a', '56e0dc77-631c-4df4-aaee-8cb91e72d06e', 'cad2bc4d-5eaa-429b-b9f1-faedd37fdc35', '2025-10-31', '2025-11-01', 150000, 150000, 'confirmed', 'paid', 150000) ON CONFLICT (booking_reference) DO NOTHING;
INSERT INTO bookings (booking_reference, guest_id, room_id, check_in_date, check_out_date, total_room_price_ngn, total_amount_ngn, status, payment_status, amount_paid_ngn) VALUES ('booking_5462_6903a36', '7c72c6e4-9075-4522-90eb-986db217f1e8', '8af12217-f3b3-4817-b214-c6f71266a63a', '2025-10-30', '2025-11-01', 50000, 50000, 'confirmed', 'paid', 50000) ON CONFLICT (booking_reference) DO NOTHING;
INSERT INTO bookings (booking_reference, guest_id, room_id, check_in_date, check_out_date, total_room_price_ngn, total_amount_ngn, status, payment_status, amount_paid_ngn) VALUES ('booking_5475_690616c', 'b5bd2a9d-f472-4e9a-aa78-552738834d77', '8af12217-f3b3-4817-b214-c6f71266a63a', '2025-11-01', '2025-11-02', 20000, 20000, 'confirmed', 'paid', 20000) ON CONFLICT (booking_reference) DO NOTHING;
INSERT INTO bookings (booking_reference, guest_id, room_id, check_in_date, check_out_date, total_room_price_ngn, total_amount_ngn, status, payment_status, amount_paid_ngn) VALUES ('booking_5478_69071c5', 'aebc3581-53b0-462c-aa14-81d975372067', 'f78d9fae-b8d0-4006-a221-8b2bafaf1724', '2025-11-02', '2025-11-03', 110000, 110000, 'confirmed', 'paid', 110000) ON CONFLICT (booking_reference) DO NOTHING;
INSERT INTO bookings (booking_reference, guest_id, room_id, check_in_date, check_out_date, total_room_price_ngn, total_amount_ngn, status, payment_status, amount_paid_ngn) VALUES ('booking_5481_69077a5', 'a3ee6a9e-ac2f-4464-8255-c193689e526a', '8af12217-f3b3-4817-b214-c6f71266a63a', '2025-11-02', '2025-11-03', 20000, 20000, 'confirmed', 'paid', 20000) ON CONFLICT (booking_reference) DO NOTHING;
INSERT INTO bookings (booking_reference, guest_id, room_id, check_in_date, check_out_date, total_room_price_ngn, total_amount_ngn, status, payment_status, amount_paid_ngn) VALUES ('booking_5484_69077aa', 'cf7c8a69-960a-4556-9f4b-fb680a5e28b6', '8af12217-f3b3-4817-b214-c6f71266a63a', '2025-11-05', '2025-11-06', 25000, 25000, 'confirmed', 'paid', 25000) ON CONFLICT (booking_reference) DO NOTHING;
INSERT INTO bookings (booking_reference, guest_id, room_id, check_in_date, check_out_date, total_room_price_ngn, total_amount_ngn, status, payment_status, amount_paid_ngn) VALUES ('booking_5487_6907b0a', '4278bb35-50a5-4657-92ef-fd2fff0c73d5', 'cad2bc4d-5eaa-429b-b9f1-faedd37fdc35', '2025-11-02', '2025-11-03', 150000, 150000, 'confirmed', 'paid', 150000) ON CONFLICT (booking_reference) DO NOTHING;
INSERT INTO bookings (booking_reference, guest_id, room_id, check_in_date, check_out_date, total_room_price_ngn, total_amount_ngn, status, payment_status, amount_paid_ngn) VALUES ('booking_5492_69086b6', 'bc7080d7-a0bd-425d-8882-f67cc0fc0603', 'cad2bc4d-5eaa-429b-b9f1-faedd37fdc35', '2025-11-21', '2025-11-23', 220000, 220000, 'confirmed', 'paid', 220000) ON CONFLICT (booking_reference) DO NOTHING;
INSERT INTO bookings (booking_reference, guest_id, room_id, check_in_date, check_out_date, total_room_price_ngn, total_amount_ngn, status, payment_status, amount_paid_ngn) VALUES ('booking_5494_69088d2', '43bb8ee0-433e-4684-9373-8debb6e8fa56', 'f78d9fae-b8d0-4006-a221-8b2bafaf1724', '2025-11-03', '2025-11-04', 110000, 110000, 'confirmed', 'paid', 110000) ON CONFLICT (booking_reference) DO NOTHING;
INSERT INTO bookings (booking_reference, guest_id, room_id, check_in_date, check_out_date, total_room_price_ngn, total_amount_ngn, status, payment_status, amount_paid_ngn) VALUES ('booking_5501_6909f09', '67cde5d7-d0ad-4549-9b1b-c53397c2157e', 'a64b9f4a-e434-40fe-8052-dadf544229b0', '2025-12-06', '2025-12-07', 100000, 100000, 'confirmed', 'paid', 100000) ON CONFLICT (booking_reference) DO NOTHING;
INSERT INTO bookings (booking_reference, guest_id, room_id, check_in_date, check_out_date, total_room_price_ngn, total_amount_ngn, status, payment_status, amount_paid_ngn) VALUES ('booking_5504_6909fe3', '48433278-d664-4f77-80cf-b50ff36f6537', 'a64b9f4a-e434-40fe-8052-dadf544229b0', '2025-11-07', '2025-11-08', 75000, 75000, 'confirmed', 'paid', 75000) ON CONFLICT (booking_reference) DO NOTHING;
INSERT INTO bookings (booking_reference, guest_id, room_id, check_in_date, check_out_date, total_room_price_ngn, total_amount_ngn, status, payment_status, amount_paid_ngn) VALUES ('booking_5510_690a436', '4d005d72-9b4a-4588-9bc4-b42e0616e015', '8af12217-f3b3-4817-b214-c6f71266a63a', '2025-11-04', '2025-11-07', 75000, 75000, 'confirmed', 'paid', 75000) ON CONFLICT (booking_reference) DO NOTHING;
INSERT INTO bookings (booking_reference, guest_id, room_id, check_in_date, check_out_date, total_room_price_ngn, total_amount_ngn, status, payment_status, amount_paid_ngn) VALUES ('booking_5512_690b362', '35fddeda-db03-4723-9315-63f3aad2dfc9', 'f78d9fae-b8d0-4006-a221-8b2bafaf1724', '2025-11-05', '2025-11-07', 180000, 180000, 'confirmed', 'paid', 180000) ON CONFLICT (booking_reference) DO NOTHING;
INSERT INTO bookings (booking_reference, guest_id, room_id, check_in_date, check_out_date, total_room_price_ngn, total_amount_ngn, status, payment_status, amount_paid_ngn) VALUES ('booking_5517_690e269', '4f60c7b9-2519-4ed3-bbc7-b8748d384a2b', 'f78d9fae-b8d0-4006-a221-8b2bafaf1724', '2025-11-09', '2025-11-10', 110000, 110000, 'confirmed', 'paid', 110000) ON CONFLICT (booking_reference) DO NOTHING;
INSERT INTO bookings (booking_reference, guest_id, room_id, check_in_date, check_out_date, total_room_price_ngn, total_amount_ngn, status, payment_status, amount_paid_ngn) VALUES ('booking_5523_6910e82', 'f6ac1510-a04f-42ba-8e89-433b7294f0b4', '8af12217-f3b3-4817-b214-c6f71266a63a', '2025-11-09', '2025-11-23', 280000, 280000, 'confirmed', 'paid', 280000) ON CONFLICT (booking_reference) DO NOTHING;
INSERT INTO bookings (booking_reference, guest_id, room_id, check_in_date, check_out_date, total_room_price_ngn, total_amount_ngn, status, payment_status, amount_paid_ngn) VALUES ('booking_5527_6911ee7', '5be60739-b8b9-4908-bb38-e4bd45694040', 'f78d9fae-b8d0-4006-a221-8b2bafaf1724', '2025-11-25', '2025-11-28', 330000, 330000, 'confirmed', 'paid', 330000) ON CONFLICT (booking_reference) DO NOTHING;
INSERT INTO bookings (booking_reference, guest_id, room_id, check_in_date, check_out_date, total_room_price_ngn, total_amount_ngn, status, payment_status, amount_paid_ngn) VALUES ('booking_5529_691215f', 'fabf8860-c59a-4541-8516-7668a151efe1', '8af12217-f3b3-4817-b214-c6f71266a63a', '2025-11-10', '2025-11-14', 100000, 100000, 'confirmed', 'paid', 100000) ON CONFLICT (booking_reference) DO NOTHING;
INSERT INTO bookings (booking_reference, guest_id, room_id, check_in_date, check_out_date, total_room_price_ngn, total_amount_ngn, status, payment_status, amount_paid_ngn) VALUES ('booking_5532_69125d0', 'a5b96186-af74-4592-ac3a-d878b604eb12', '8af12217-f3b3-4817-b214-c6f71266a63a', '2025-11-11', '2025-11-14', 60000, 60000, 'confirmed', 'paid', 60000) ON CONFLICT (booking_reference) DO NOTHING;
INSERT INTO bookings (booking_reference, guest_id, room_id, check_in_date, check_out_date, total_room_price_ngn, total_amount_ngn, status, payment_status, amount_paid_ngn) VALUES ('booking_5537_691343d', '1e7440c8-637e-4bfe-b575-0883c9be540f', 'ca946c9a-b147-488c-8ea8-84a3e1d87cfb', '2025-11-23', '2025-11-26', 240000, 240000, 'confirmed', 'paid', 240000) ON CONFLICT (booking_reference) DO NOTHING;
INSERT INTO bookings (booking_reference, guest_id, room_id, check_in_date, check_out_date, total_room_price_ngn, total_amount_ngn, status, payment_status, amount_paid_ngn) VALUES ('booking_5544_6914c47', '40674528-c9aa-4f14-8118-85c87c19984a', 'cad2bc4d-5eaa-429b-b9f1-faedd37fdc35', '2025-11-12', '2025-11-13', 150000, 150000, 'confirmed', 'paid', 150000) ON CONFLICT (booking_reference) DO NOTHING;
INSERT INTO bookings (booking_reference, guest_id, room_id, check_in_date, check_out_date, total_room_price_ngn, total_amount_ngn, status, payment_status, amount_paid_ngn) VALUES ('booking_5547_6915dec', '3fdcbcde-92a8-4979-bc6f-dbe066137391', 'cad2bc4d-5eaa-429b-b9f1-faedd37fdc35', '2025-11-13', '2025-11-14', 162000, 162000, 'confirmed', 'paid', 162000) ON CONFLICT (booking_reference) DO NOTHING;
INSERT INTO bookings (booking_reference, guest_id, room_id, check_in_date, check_out_date, total_room_price_ngn, total_amount_ngn, status, payment_status, amount_paid_ngn) VALUES ('booking_5549_6915e27', '523c9e06-fd5b-4cad-8da3-024cc7272b2d', '8af12217-f3b3-4817-b214-c6f71266a63a', '2025-11-24', '2025-11-26', 40000, 40000, 'confirmed', 'paid', 40000) ON CONFLICT (booking_reference) DO NOTHING;
INSERT INTO bookings (booking_reference, guest_id, room_id, check_in_date, check_out_date, total_room_price_ngn, total_amount_ngn, status, payment_status, amount_paid_ngn) VALUES ('booking_5551_6915e2e', '4bcd4d55-3df1-4d42-9e05-3dfca93c0276', '8af12217-f3b3-4817-b214-c6f71266a63a', '2025-11-23', '2025-11-27', 100000, 100000, 'confirmed', 'paid', 100000) ON CONFLICT (booking_reference) DO NOTHING;
INSERT INTO bookings (booking_reference, guest_id, room_id, check_in_date, check_out_date, total_room_price_ngn, total_amount_ngn, status, payment_status, amount_paid_ngn) VALUES ('booking_5553_6915e33', 'a2c6b8b0-1279-4204-b2fd-3868dc2451b0', '8af12217-f3b3-4817-b214-c6f71266a63a', '2025-11-24', '2025-11-27', 60000, 60000, 'confirmed', 'paid', 60000) ON CONFLICT (booking_reference) DO NOTHING;
INSERT INTO bookings (booking_reference, guest_id, room_id, check_in_date, check_out_date, total_room_price_ngn, total_amount_ngn, status, payment_status, amount_paid_ngn) VALUES ('booking_5556_6915e83', 'b03439d2-3014-47eb-83c8-3ac186f35831', 'cad2bc4d-5eaa-429b-b9f1-faedd37fdc35', '2025-12-12', '2025-12-18', 600000, 600000, 'confirmed', 'paid', 600000) ON CONFLICT (booking_reference) DO NOTHING;
INSERT INTO bookings (booking_reference, guest_id, room_id, check_in_date, check_out_date, total_room_price_ngn, total_amount_ngn, status, payment_status, amount_paid_ngn) VALUES ('booking_5558_6915ef3', '333a6a41-aadb-4980-b7ac-3eabc4d932c8', 'f78d9fae-b8d0-4006-a221-8b2bafaf1724', '2025-11-28', '2025-11-29', 110000, 110000, 'confirmed', 'paid', 110000) ON CONFLICT (booking_reference) DO NOTHING;
INSERT INTO bookings (booking_reference, guest_id, room_id, check_in_date, check_out_date, total_room_price_ngn, total_amount_ngn, status, payment_status, amount_paid_ngn) VALUES ('booking_5560_6915f42', 'd47d51ee-fa19-43c9-abec-47f9b3298f2a', 'cad2bc4d-5eaa-429b-b9f1-faedd37fdc35', '2025-11-20', '2025-11-21', 162000, 162000, 'confirmed', 'paid', 162000) ON CONFLICT (booking_reference) DO NOTHING;
INSERT INTO bookings (booking_reference, guest_id, room_id, check_in_date, check_out_date, total_room_price_ngn, total_amount_ngn, status, payment_status, amount_paid_ngn) VALUES ('booking_5567_6919beb', '7c61a236-b7e4-4380-9768-ffa323d897e5', '8af12217-f3b3-4817-b214-c6f71266a63a', '2025-11-16', '2025-11-20', 100000, 100000, 'confirmed', 'paid', 100000) ON CONFLICT (booking_reference) DO NOTHING;
INSERT INTO bookings (booking_reference, guest_id, room_id, check_in_date, check_out_date, total_room_price_ngn, total_amount_ngn, status, payment_status, amount_paid_ngn) VALUES ('booking_5572_691a196', '5c12e804-db73-4649-90eb-b54d24207d83', 'cad2bc4d-5eaa-429b-b9f1-faedd37fdc35', '2025-11-17', '2025-11-20', 315000, 315000, 'confirmed', 'paid', 315000) ON CONFLICT (booking_reference) DO NOTHING;
INSERT INTO bookings (booking_reference, guest_id, room_id, check_in_date, check_out_date, total_room_price_ngn, total_amount_ngn, status, payment_status, amount_paid_ngn) VALUES ('booking_5583_691b46a', 'a2e433d9-62bc-422e-a66c-a0ddf4086553', '8af12217-f3b3-4817-b214-c6f71266a63a', '2025-11-18', '2025-11-21', 75000, 75000, 'confirmed', 'paid', 75000) ON CONFLICT (booking_reference) DO NOTHING;
INSERT INTO bookings (booking_reference, guest_id, room_id, check_in_date, check_out_date, total_room_price_ngn, total_amount_ngn, status, payment_status, amount_paid_ngn) VALUES ('booking_5587_691b8ce', '1449c592-d61a-417a-8f63-1b1600b3204e', '8af12217-f3b3-4817-b214-c6f71266a63a', '2025-11-22', '2025-11-23', 25000, 25000, 'confirmed', 'paid', 25000) ON CONFLICT (booking_reference) DO NOTHING;
INSERT INTO bookings (booking_reference, guest_id, room_id, check_in_date, check_out_date, total_room_price_ngn, total_amount_ngn, status, payment_status, amount_paid_ngn) VALUES ('booking_5593_691c2b1', '4c0ff56f-7520-4b7d-ae46-28a4577e52a2', 'f78d9fae-b8d0-4006-a221-8b2bafaf1724', '2025-11-18', '2025-11-20', 200000, 200000, 'confirmed', 'paid', 200000) ON CONFLICT (booking_reference) DO NOTHING;
INSERT INTO bookings (booking_reference, guest_id, room_id, check_in_date, check_out_date, total_room_price_ngn, total_amount_ngn, status, payment_status, amount_paid_ngn) VALUES ('booking_5597_691c69c', '6ebabc30-4d0f-4c2a-8c6c-59dc67d75bf1', 'cad2bc4d-5eaa-429b-b9f1-faedd37fdc35', '2025-11-25', '2025-11-26', 162000, 162000, 'confirmed', 'paid', 162000) ON CONFLICT (booking_reference) DO NOTHING;
INSERT INTO bookings (booking_reference, guest_id, room_id, check_in_date, check_out_date, total_room_price_ngn, total_amount_ngn, status, payment_status, amount_paid_ngn) VALUES ('booking_5599_691c754', '15980b40-3afd-4685-8149-a85c9c4ed74d', 'ca946c9a-b147-488c-8ea8-84a3e1d87cfb', '2025-12-05', '2025-12-07', 220000, 220000, 'confirmed', 'paid', 220000) ON CONFLICT (booking_reference) DO NOTHING;
INSERT INTO bookings (booking_reference, guest_id, room_id, check_in_date, check_out_date, total_room_price_ngn, total_amount_ngn, status, payment_status, amount_paid_ngn) VALUES ('booking_5604_691dbbb', '8b35f4de-f589-4201-a051-7a5f72d114fb', 'cad2bc4d-5eaa-429b-b9f1-faedd37fdc35', '2025-11-20', '2025-11-25', 575000, 575000, 'confirmed', 'paid', 575000) ON CONFLICT (booking_reference) DO NOTHING;
INSERT INTO bookings (booking_reference, guest_id, room_id, check_in_date, check_out_date, total_room_price_ngn, total_amount_ngn, status, payment_status, amount_paid_ngn) VALUES ('booking_5610_691f3ff', 'b82beeee-7ec1-4c8d-9dec-c0ebe2eb45a6', 'f78d9fae-b8d0-4006-a221-8b2bafaf1724', '2025-11-21', '2025-11-23', 220000, 220000, 'confirmed', 'paid', 220000) ON CONFLICT (booking_reference) DO NOTHING;
INSERT INTO bookings (booking_reference, guest_id, room_id, check_in_date, check_out_date, total_room_price_ngn, total_amount_ngn, status, payment_status, amount_paid_ngn) VALUES ('booking_5616_691f4df', 'caf4174d-313c-4100-a54d-dc8dffdc7227', 'f78d9fae-b8d0-4006-a221-8b2bafaf1724', '2025-12-14', '2025-12-16', 220000, 220000, 'confirmed', 'paid', 220000) ON CONFLICT (booking_reference) DO NOTHING;
INSERT INTO bookings (booking_reference, guest_id, room_id, check_in_date, check_out_date, total_room_price_ngn, total_amount_ngn, status, payment_status, amount_paid_ngn) VALUES ('booking_5620_6920479', '03e833e3-604d-4452-b025-10a0557cb55d', 'ca946c9a-b147-488c-8ea8-84a3e1d87cfb', '2025-11-26', '2025-11-30', 360000, 360000, 'confirmed', 'paid', 360000) ON CONFLICT (booking_reference) DO NOTHING;
INSERT INTO bookings (booking_reference, guest_id, room_id, check_in_date, check_out_date, total_room_price_ngn, total_amount_ngn, status, payment_status, amount_paid_ngn) VALUES ('booking_5624_6920de9', '04b016d8-2aa9-4008-8c77-e406f836ddf7', '8af12217-f3b3-4817-b214-c6f71266a63a', '2025-11-21', '2025-11-22', 25000, 25000, 'confirmed', 'paid', 25000) ON CONFLICT (booking_reference) DO NOTHING;
INSERT INTO bookings (booking_reference, guest_id, room_id, check_in_date, check_out_date, total_room_price_ngn, total_amount_ngn, status, payment_status, amount_paid_ngn) VALUES ('booking_5626_6921ed9', 'ceed1704-10bd-40fa-be3f-62cfe2700548', 'f78d9fae-b8d0-4006-a221-8b2bafaf1724', '2025-11-23', '2025-11-25', 180000, 180000, 'confirmed', 'paid', 180000) ON CONFLICT (booking_reference) DO NOTHING;
INSERT INTO bookings (booking_reference, guest_id, room_id, check_in_date, check_out_date, total_room_price_ngn, total_amount_ngn, status, payment_status, amount_paid_ngn) VALUES ('booking_5629_6923259', '1eec9168-ccd9-45e6-8b7a-ab89b68b1fe7', 'cad2bc4d-5eaa-429b-b9f1-faedd37fdc35', '2025-12-05', '2025-12-06', 162000, 162000, 'confirmed', 'paid', 162000) ON CONFLICT (booking_reference) DO NOTHING;
INSERT INTO bookings (booking_reference, guest_id, room_id, check_in_date, check_out_date, total_room_price_ngn, total_amount_ngn, status, payment_status, amount_paid_ngn) VALUES ('booking_5636_69236b8', 'ea0f0500-b5cd-415b-ae15-49f2f608d343', '8af12217-f3b3-4817-b214-c6f71266a63a', '2025-11-23', '2025-11-24', 25000, 25000, 'confirmed', 'paid', 25000) ON CONFLICT (booking_reference) DO NOTHING;
INSERT INTO bookings (booking_reference, guest_id, room_id, check_in_date, check_out_date, total_room_price_ngn, total_amount_ngn, status, payment_status, amount_paid_ngn) VALUES ('booking_5638_69243a7', '41d04f25-b427-4239-94bb-dba2f2226153', '8af12217-f3b3-4817-b214-c6f71266a63a', '2025-12-05', '2025-12-06', 25000, 25000, 'confirmed', 'paid', 25000) ON CONFLICT (booking_reference) DO NOTHING;
INSERT INTO bookings (booking_reference, guest_id, room_id, check_in_date, check_out_date, total_room_price_ngn, total_amount_ngn, status, payment_status, amount_paid_ngn) VALUES ('booking_5642_692485e', '38de6718-eab2-42f8-bef4-d5dd0c129923', 'cad2bc4d-5eaa-429b-b9f1-faedd37fdc35', '2025-11-28', '2025-11-30', 210000, 210000, 'confirmed', 'paid', 210000) ON CONFLICT (booking_reference) DO NOTHING;
INSERT INTO bookings (booking_reference, guest_id, room_id, check_in_date, check_out_date, total_room_price_ngn, total_amount_ngn, status, payment_status, amount_paid_ngn) VALUES ('booking_5644_6924866', 'ddd280e9-b9c8-43ab-a4c6-b33e8e6aa0f0', 'a64b9f4a-e434-40fe-8052-dadf544229b0', '2025-12-12', '2025-12-13', 100000, 100000, 'confirmed', 'paid', 100000) ON CONFLICT (booking_reference) DO NOTHING;
INSERT INTO bookings (booking_reference, guest_id, room_id, check_in_date, check_out_date, total_room_price_ngn, total_amount_ngn, status, payment_status, amount_paid_ngn) VALUES ('booking_5646_692486b', 'fc4a4f46-5da1-4a34-8bdd-752085de59b2', '5dff3a3e-9830-4575-ad57-4a6beb0314b7', '2025-12-12', '2025-12-14', 180000, 180000, 'confirmed', 'paid', 180000) ON CONFLICT (booking_reference) DO NOTHING;
INSERT INTO bookings (booking_reference, guest_id, room_id, check_in_date, check_out_date, total_room_price_ngn, total_amount_ngn, status, payment_status, amount_paid_ngn) VALUES ('booking_5648_692486f', 'eb9ccdd8-0362-4f5b-8e73-99c4368e04c8', 'c6fc6bd0-55ba-41a5-b20d-fdcde85a63d8', '2025-12-11', '2025-12-14', 330000, 330000, 'confirmed', 'paid', 330000) ON CONFLICT (booking_reference) DO NOTHING;
INSERT INTO bookings (booking_reference, guest_id, room_id, check_in_date, check_out_date, total_room_price_ngn, total_amount_ngn, status, payment_status, amount_paid_ngn) VALUES ('booking_5650_6924873', '2b71e6c5-c949-48fd-92ce-13063c3cabb5', 'f78d9fae-b8d0-4006-a221-8b2bafaf1724', '2025-12-12', '2025-12-14', 220000, 220000, 'confirmed', 'paid', 220000) ON CONFLICT (booking_reference) DO NOTHING;
INSERT INTO bookings (booking_reference, guest_id, room_id, check_in_date, check_out_date, total_room_price_ngn, total_amount_ngn, status, payment_status, amount_paid_ngn) VALUES ('booking_5652_6924877', '2d97b4bb-f373-4c92-8ea7-a2da7437b954', 'ca946c9a-b147-488c-8ea8-84a3e1d87cfb', '2025-12-12', '2025-12-14', 220000, 220000, 'confirmed', 'paid', 220000) ON CONFLICT (booking_reference) DO NOTHING;
INSERT INTO bookings (booking_reference, guest_id, room_id, check_in_date, check_out_date, total_room_price_ngn, total_amount_ngn, status, payment_status, amount_paid_ngn) VALUES ('booking_5661_69276b2', '60693bf4-2997-461c-a54b-5e7705787eb1', 'f78d9fae-b8d0-4006-a221-8b2bafaf1724', '2025-11-29', '2025-11-30', 110000, 110000, 'confirmed', 'paid', 110000) ON CONFLICT (booking_reference) DO NOTHING;
INSERT INTO bookings (booking_reference, guest_id, room_id, check_in_date, check_out_date, total_room_price_ngn, total_amount_ngn, status, payment_status, amount_paid_ngn) VALUES ('booking_5663_69276b8', '265b389f-ae9d-4346-b1e7-686152a38e2a', '8af12217-f3b3-4817-b214-c6f71266a63a', '2025-11-28', '2025-11-29', 75000, 75000, 'confirmed', 'paid', 75000) ON CONFLICT (booking_reference) DO NOTHING;
INSERT INTO bookings (booking_reference, guest_id, room_id, check_in_date, check_out_date, total_room_price_ngn, total_amount_ngn, status, payment_status, amount_paid_ngn) VALUES ('booking_5667_692846e', '70ed35be-42f5-4fb8-9edf-79e2fca0efb7', '8af12217-f3b3-4817-b214-c6f71266a63a', '2025-11-27', '2025-11-28', 25000, 25000, 'confirmed', 'paid', 25000) ON CONFLICT (booking_reference) DO NOTHING;
INSERT INTO bookings (booking_reference, guest_id, room_id, check_in_date, check_out_date, total_room_price_ngn, total_amount_ngn, status, payment_status, amount_paid_ngn) VALUES ('booking_5669_69286bc', 'f7419418-800e-42ec-8b08-c92bcf1d1442', '8af12217-f3b3-4817-b214-c6f71266a63a', '2025-12-11', '2025-12-14', 225000, 225000, 'confirmed', 'paid', 225000) ON CONFLICT (booking_reference) DO NOTHING;
INSERT INTO bookings (booking_reference, guest_id, room_id, check_in_date, check_out_date, total_room_price_ngn, total_amount_ngn, status, payment_status, amount_paid_ngn) VALUES ('booking_5673_6928a06', 'be5ee5e4-ca99-4336-892b-83d432368ebd', 'ca946c9a-b147-488c-8ea8-84a3e1d87cfb', '2025-12-09', '2025-12-12', 270000, 270000, 'confirmed', 'paid', 270000) ON CONFLICT (booking_reference) DO NOTHING;
INSERT INTO bookings (booking_reference, guest_id, room_id, check_in_date, check_out_date, total_room_price_ngn, total_amount_ngn, status, payment_status, amount_paid_ngn) VALUES ('booking_5676_6928a0d', '9cea56a7-1f69-4af7-8250-38527e73fd98', 'ca946c9a-b147-488c-8ea8-84a3e1d87cfb', '2025-12-14', '2025-12-15', 90000, 90000, 'confirmed', 'paid', 90000) ON CONFLICT (booking_reference) DO NOTHING;
INSERT INTO bookings (booking_reference, guest_id, room_id, check_in_date, check_out_date, total_room_price_ngn, total_amount_ngn, status, payment_status, amount_paid_ngn) VALUES ('booking_5682_692970d', '52778a75-fe4b-4081-89bb-97a5567241dc', 'f78d9fae-b8d0-4006-a221-8b2bafaf1724', '2025-12-30', '2026-01-07', 880000, 880000, 'confirmed', 'paid', 880000) ON CONFLICT (booking_reference) DO NOTHING;
INSERT INTO bookings (booking_reference, guest_id, room_id, check_in_date, check_out_date, total_room_price_ngn, total_amount_ngn, status, payment_status, amount_paid_ngn) VALUES ('booking_5685_6929d41', '953dddd6-f011-41b0-9ea1-cbb8d019edc5', '8af12217-f3b3-4817-b214-c6f71266a63a', '2025-11-30', '2025-12-01', 25000, 25000, 'confirmed', 'paid', 25000) ON CONFLICT (booking_reference) DO NOTHING;
INSERT INTO bookings (booking_reference, guest_id, room_id, check_in_date, check_out_date, total_room_price_ngn, total_amount_ngn, status, payment_status, amount_paid_ngn) VALUES ('booking_5688_6929d4a', '4d13fc9d-b86e-4708-97c3-1c89d20c6529', '8af12217-f3b3-4817-b214-c6f71266a63a', '2025-11-29', '2025-12-11', 240000, 240000, 'confirmed', 'paid', 240000) ON CONFLICT (booking_reference) DO NOTHING;
INSERT INTO bookings (booking_reference, guest_id, room_id, check_in_date, check_out_date, total_room_price_ngn, total_amount_ngn, status, payment_status, amount_paid_ngn) VALUES ('booking_5690_692ac52', '760d2ac5-e829-4029-86ad-77ade55bb04c', 'ca946c9a-b147-488c-8ea8-84a3e1d87cfb', '2025-11-30', '2025-12-01', 110000, 110000, 'confirmed', 'paid', 110000) ON CONFLICT (booking_reference) DO NOTHING;
INSERT INTO bookings (booking_reference, guest_id, room_id, check_in_date, check_out_date, total_room_price_ngn, total_amount_ngn, status, payment_status, amount_paid_ngn) VALUES ('booking_5692_692ad5e', 'fe57f8c1-b33a-4c03-9cca-a4e96f6fccf9', 'c6fc6bd0-55ba-41a5-b20d-fdcde85a63d8', '2025-11-29', '2025-11-30', 110000, 110000, 'confirmed', 'paid', 110000) ON CONFLICT (booking_reference) DO NOTHING;
INSERT INTO bookings (booking_reference, guest_id, room_id, check_in_date, check_out_date, total_room_price_ngn, total_amount_ngn, status, payment_status, amount_paid_ngn) VALUES ('booking_5694_692af1e', 'e902e32a-e510-4eb3-8f36-172be6ecb1b7', '8af12217-f3b3-4817-b214-c6f71266a63a', '2025-11-29', '2025-11-30', 25000, 25000, 'confirmed', 'paid', 25000) ON CONFLICT (booking_reference) DO NOTHING;
INSERT INTO bookings (booking_reference, guest_id, room_id, check_in_date, check_out_date, total_room_price_ngn, total_amount_ngn, status, payment_status, amount_paid_ngn) VALUES ('booking_5697_692b378', 'acebdc03-96e8-4484-aba7-e93a0128c66c', '8af12217-f3b3-4817-b214-c6f71266a63a', '2025-11-29', '2025-11-30', 25000, 25000, 'confirmed', 'paid', 25000) ON CONFLICT (booking_reference) DO NOTHING;
INSERT INTO bookings (booking_reference, guest_id, room_id, check_in_date, check_out_date, total_room_price_ngn, total_amount_ngn, status, payment_status, amount_paid_ngn) VALUES ('booking_5700_692df57', '2ba606f8-8563-42bf-b1f0-ab5ee862baac', 'f78d9fae-b8d0-4006-a221-8b2bafaf1724', '2025-12-18', '2025-12-20', 220000, 220000, 'confirmed', 'paid', 220000) ON CONFLICT (booking_reference) DO NOTHING;
INSERT INTO bookings (booking_reference, guest_id, room_id, check_in_date, check_out_date, total_room_price_ngn, total_amount_ngn, status, payment_status, amount_paid_ngn) VALUES ('booking_5702_692df60', 'ef44141e-7c1d-4051-b246-8e5893b50f22', 'ca946c9a-b147-488c-8ea8-84a3e1d87cfb', '2025-12-19', '2025-12-20', 110000, 110000, 'confirmed', 'paid', 110000) ON CONFLICT (booking_reference) DO NOTHING;
INSERT INTO bookings (booking_reference, guest_id, room_id, check_in_date, check_out_date, total_room_price_ngn, total_amount_ngn, status, payment_status, amount_paid_ngn) VALUES ('booking_5707_692ebe7', 'b3f73c98-1398-456e-aa16-9aa106a42bf2', 'ca946c9a-b147-488c-8ea8-84a3e1d87cfb', '2025-12-22', '2025-12-26', 440000, 440000, 'confirmed', 'paid', 440000) ON CONFLICT (booking_reference) DO NOTHING;
INSERT INTO bookings (booking_reference, guest_id, room_id, check_in_date, check_out_date, total_room_price_ngn, total_amount_ngn, status, payment_status, amount_paid_ngn) VALUES ('booking_5710_692ed50', '5e20c17f-23c6-44d1-a3ed-1257e9d63b39', '8af12217-f3b3-4817-b214-c6f71266a63a', '2025-12-12', '2025-12-15', 225000, 225000, 'confirmed', 'paid', 225000) ON CONFLICT (booking_reference) DO NOTHING;
INSERT INTO bookings (booking_reference, guest_id, room_id, check_in_date, check_out_date, total_room_price_ngn, total_amount_ngn, status, payment_status, amount_paid_ngn) VALUES ('booking_5716_6930580', '42a441e1-7019-4396-9b6f-bdc9a22aa0bc', 'f78d9fae-b8d0-4006-a221-8b2bafaf1724', '2025-12-04', '2025-12-06', 220000, 220000, 'confirmed', 'paid', 220000) ON CONFLICT (booking_reference) DO NOTHING;
INSERT INTO bookings (booking_reference, guest_id, room_id, check_in_date, check_out_date, total_room_price_ngn, total_amount_ngn, status, payment_status, amount_paid_ngn) VALUES ('booking_5719_6930925', '14ccc230-2890-4849-bd3c-05737ca95c14', '8af12217-f3b3-4817-b214-c6f71266a63a', '2025-12-05', '2025-12-07', 50000, 50000, 'confirmed', 'paid', 50000) ON CONFLICT (booking_reference) DO NOTHING;
INSERT INTO bookings (booking_reference, guest_id, room_id, check_in_date, check_out_date, total_room_price_ngn, total_amount_ngn, status, payment_status, amount_paid_ngn) VALUES ('booking_5722_69315ba', 'ef65f71c-b3a6-4038-a228-e8e4fdb2d607', 'ca946c9a-b147-488c-8ea8-84a3e1d87cfb', '2025-12-04', '2025-12-05', 90000, 90000, 'confirmed', 'paid', 90000) ON CONFLICT (booking_reference) DO NOTHING;
INSERT INTO bookings (booking_reference, guest_id, room_id, check_in_date, check_out_date, total_room_price_ngn, total_amount_ngn, status, payment_status, amount_paid_ngn) VALUES ('booking_5725_6931686', '73fadb4e-286a-4f9f-a09d-8c4ebac50654', 'c6fc6bd0-55ba-41a5-b20d-fdcde85a63d8', '2025-12-04', '2025-12-05', 90000, 90000, 'confirmed', 'paid', 90000) ON CONFLICT (booking_reference) DO NOTHING;
INSERT INTO bookings (booking_reference, guest_id, room_id, check_in_date, check_out_date, total_room_price_ngn, total_amount_ngn, status, payment_status, amount_paid_ngn) VALUES ('booking_5727_69319f9', '03d53900-0d7d-4584-955e-1711d6e3b4eb', 'f78d9fae-b8d0-4006-a221-8b2bafaf1724', '2025-12-08', '2025-12-12', 400000, 400000, 'confirmed', 'paid', 400000) ON CONFLICT (booking_reference) DO NOTHING;
INSERT INTO bookings (booking_reference, guest_id, room_id, check_in_date, check_out_date, total_room_price_ngn, total_amount_ngn, status, payment_status, amount_paid_ngn) VALUES ('booking_5729_6931b7d', 'e834a690-64f0-402a-b8dd-30047ac2bfdd', '8af12217-f3b3-4817-b214-c6f71266a63a', '2025-12-08', '2025-12-12', 80000, 80000, 'confirmed', 'paid', 80000) ON CONFLICT (booking_reference) DO NOTHING;
INSERT INTO bookings (booking_reference, guest_id, room_id, check_in_date, check_out_date, total_room_price_ngn, total_amount_ngn, status, payment_status, amount_paid_ngn) VALUES ('booking_5733_6931c54', '9441497b-ab39-4fed-a374-73c4dd10f77c', 'cad2bc4d-5eaa-429b-b9f1-faedd37fdc35', '2025-12-18', '2025-12-20', 220000, 220000, 'confirmed', 'paid', 220000) ON CONFLICT (booking_reference) DO NOTHING;
INSERT INTO bookings (booking_reference, guest_id, room_id, check_in_date, check_out_date, total_room_price_ngn, total_amount_ngn, status, payment_status, amount_paid_ngn) VALUES ('booking_5742_6931f5d', '378b1891-fc7a-4914-a856-65f8dc72bb92', '8af12217-f3b3-4817-b214-c6f71266a63a', '2025-12-04', '2025-12-05', 25000, 25000, 'confirmed', 'paid', 25000) ON CONFLICT (booking_reference) DO NOTHING;
INSERT INTO bookings (booking_reference, guest_id, room_id, check_in_date, check_out_date, total_room_price_ngn, total_amount_ngn, status, payment_status, amount_paid_ngn) VALUES ('booking_5748_6933f16', '48d8452d-97c2-4c5e-9c15-23a04f4d8004', 'cad2bc4d-5eaa-429b-b9f1-faedd37fdc35', '2025-12-06', '2025-12-08', 260000, 260000, 'confirmed', 'paid', 260000) ON CONFLICT (booking_reference) DO NOTHING;
INSERT INTO bookings (booking_reference, guest_id, room_id, check_in_date, check_out_date, total_room_price_ngn, total_amount_ngn, status, payment_status, amount_paid_ngn) VALUES ('booking_5751_6933f4c', 'c30889be-9156-4270-8aea-e4a0bd9bd9f7', 'ca946c9a-b147-488c-8ea8-84a3e1d87cfb', '2025-12-07', '2025-12-09', 180000, 180000, 'confirmed', 'paid', 180000) ON CONFLICT (booking_reference) DO NOTHING;
INSERT INTO bookings (booking_reference, guest_id, room_id, check_in_date, check_out_date, total_room_price_ngn, total_amount_ngn, status, payment_status, amount_paid_ngn) VALUES ('booking_5753_69341c1', 'add082aa-bd3b-4dfd-af7e-12b2f40ffe80', 'f78d9fae-b8d0-4006-a221-8b2bafaf1724', '2025-12-06', '2025-12-07', 90000, 90000, 'confirmed', 'paid', 90000) ON CONFLICT (booking_reference) DO NOTHING;
INSERT INTO bookings (booking_reference, guest_id, room_id, check_in_date, check_out_date, total_room_price_ngn, total_amount_ngn, status, payment_status, amount_paid_ngn) VALUES ('booking_5755_693427a', 'b692eb41-19b5-485f-b2d2-dac93d47274f', 'c6fc6bd0-55ba-41a5-b20d-fdcde85a63d8', '2025-12-06', '2025-12-08', 210000, 210000, 'confirmed', 'paid', 210000) ON CONFLICT (booking_reference) DO NOTHING;
INSERT INTO bookings (booking_reference, guest_id, room_id, check_in_date, check_out_date, total_room_price_ngn, total_amount_ngn, status, payment_status, amount_paid_ngn) VALUES ('booking_5758_6934b51', '430323a6-cc83-4e3b-88c5-26b3ec8af02c', '8af12217-f3b3-4817-b214-c6f71266a63a', '2025-12-06', '2025-12-07', 25000, 25000, 'confirmed', 'paid', 25000) ON CONFLICT (booking_reference) DO NOTHING;
INSERT INTO bookings (booking_reference, guest_id, room_id, check_in_date, check_out_date, total_room_price_ngn, total_amount_ngn, status, payment_status, amount_paid_ngn) VALUES ('booking_5763_693570a', '774b04cb-5efb-407e-8ff7-71680ca680c9', 'ca946c9a-b147-488c-8ea8-84a3e1d87cfb', '2025-12-18', '2025-12-19', 110000, 110000, 'confirmed', 'paid', 110000) ON CONFLICT (booking_reference) DO NOTHING;
INSERT INTO bookings (booking_reference, guest_id, room_id, check_in_date, check_out_date, total_room_price_ngn, total_amount_ngn, status, payment_status, amount_paid_ngn) VALUES ('booking_5773_6935e00', '1128dcfe-cd34-4669-baee-35cbff2ab54b', 'cad2bc4d-5eaa-429b-b9f1-faedd37fdc35', '2025-12-11', '2025-12-12', 110000, 110000, 'confirmed', 'paid', 110000) ON CONFLICT (booking_reference) DO NOTHING;
INSERT INTO bookings (booking_reference, guest_id, room_id, check_in_date, check_out_date, total_room_price_ngn, total_amount_ngn, status, payment_status, amount_paid_ngn) VALUES ('booking_5775_693942f', 'b56bbd81-b39f-4439-9dbf-d3aa5cabb721', '5dff3a3e-9830-4575-ad57-4a6beb0314b7', '2025-12-11', '2025-12-12', 90000, 90000, 'confirmed', 'paid', 90000) ON CONFLICT (booking_reference) DO NOTHING;
INSERT INTO bookings (booking_reference, guest_id, room_id, check_in_date, check_out_date, total_room_price_ngn, total_amount_ngn, status, payment_status, amount_paid_ngn) VALUES ('booking_5777_693994b', '384a6706-ef2f-4e35-bf13-fae718553428', '5dff3a3e-9830-4575-ad57-4a6beb0314b7', '2025-12-10', '2025-12-11', 75000, 75000, 'confirmed', 'paid', 75000) ON CONFLICT (booking_reference) DO NOTHING;
INSERT INTO bookings (booking_reference, guest_id, room_id, check_in_date, check_out_date, total_room_price_ngn, total_amount_ngn, status, payment_status, amount_paid_ngn) VALUES ('booking_5779_6939e55', '648e581c-a42d-4c40-b0d1-913298ea8f2c', '5dff3a3e-9830-4575-ad57-4a6beb0314b7', '2025-12-14', '2025-12-15', 90000, 90000, 'confirmed', 'paid', 90000) ON CONFLICT (booking_reference) DO NOTHING;
INSERT INTO bookings (booking_reference, guest_id, room_id, check_in_date, check_out_date, total_room_price_ngn, total_amount_ngn, status, payment_status, amount_paid_ngn) VALUES ('booking_5787_693c320', '60434f6c-a665-447d-8f80-a99fd3fa1114', '8af12217-f3b3-4817-b214-c6f71266a63a', '2025-12-18', '2025-12-19', 25000, 25000, 'confirmed', 'paid', 25000) ON CONFLICT (booking_reference) DO NOTHING;
INSERT INTO bookings (booking_reference, guest_id, room_id, check_in_date, check_out_date, total_room_price_ngn, total_amount_ngn, status, payment_status, amount_paid_ngn) VALUES ('booking_5790_693d096', '3b6d7c37-15ca-4866-b369-27e683718169', 'c6fc6bd0-55ba-41a5-b20d-fdcde85a63d8', '2025-12-14', '2025-12-15', 110000, 110000, 'confirmed', 'paid', 110000) ON CONFLICT (booking_reference) DO NOTHING;
INSERT INTO bookings (booking_reference, guest_id, room_id, check_in_date, check_out_date, total_room_price_ngn, total_amount_ngn, status, payment_status, amount_paid_ngn) VALUES ('booking_5793_693d48f', '777dce07-be4d-4c4f-8519-217203c4ae48', '5dff3a3e-9830-4575-ad57-4a6beb0314b7', '2025-12-19', '2025-12-20', 90000, 90000, 'confirmed', 'paid', 90000) ON CONFLICT (booking_reference) DO NOTHING;
INSERT INTO bookings (booking_reference, guest_id, room_id, check_in_date, check_out_date, total_room_price_ngn, total_amount_ngn, status, payment_status, amount_paid_ngn) VALUES ('booking_5796_693ebe8', '54040d03-a324-473c-8f0a-cf6487884375', 'f78d9fae-b8d0-4006-a221-8b2bafaf1724', '2025-12-14', '2025-12-15', 110000, 110000, 'confirmed', 'paid', 110000) ON CONFLICT (booking_reference) DO NOTHING;
INSERT INTO bookings (booking_reference, guest_id, room_id, check_in_date, check_out_date, total_room_price_ngn, total_amount_ngn, status, payment_status, amount_paid_ngn) VALUES ('booking_5799_693ec56', '4350211e-f12e-41c2-8899-b8ae57672f3d', '5dff3a3e-9830-4575-ad57-4a6beb0314b7', '2025-12-15', '2025-12-16', 90000, 90000, 'confirmed', 'paid', 90000) ON CONFLICT (booking_reference) DO NOTHING;
INSERT INTO bookings (booking_reference, guest_id, room_id, check_in_date, check_out_date, total_room_price_ngn, total_amount_ngn, status, payment_status, amount_paid_ngn) VALUES ('booking_5803_693ec7c', '55ccf280-3058-4432-afd1-d3f41d2c200e', 'c6fc6bd0-55ba-41a5-b20d-fdcde85a63d8', '2025-12-17', '2025-12-20', 330000, 330000, 'confirmed', 'paid', 330000) ON CONFLICT (booking_reference) DO NOTHING;
INSERT INTO bookings (booking_reference, guest_id, room_id, check_in_date, check_out_date, total_room_price_ngn, total_amount_ngn, status, payment_status, amount_paid_ngn) VALUES ('booking_5808_693ff0a', '3b97a2fd-9312-448b-9a82-6c7b5b98cc2f', 'ca946c9a-b147-488c-8ea8-84a3e1d87cfb', '2025-12-15', '2025-12-18', 270000, 270000, 'confirmed', 'paid', 270000) ON CONFLICT (booking_reference) DO NOTHING;
INSERT INTO bookings (booking_reference, guest_id, room_id, check_in_date, check_out_date, total_room_price_ngn, total_amount_ngn, status, payment_status, amount_paid_ngn) VALUES ('booking_5813_69403c2', '4313b691-7ae6-47b5-bb23-a1067f12c3ea', 'c6fc6bd0-55ba-41a5-b20d-fdcde85a63d8', '2025-12-26', '2025-12-27', 220000, 220000, 'confirmed', 'paid', 220000) ON CONFLICT (booking_reference) DO NOTHING;
INSERT INTO bookings (booking_reference, guest_id, room_id, check_in_date, check_out_date, total_room_price_ngn, total_amount_ngn, status, payment_status, amount_paid_ngn) VALUES ('booking_5815_6940b18', '65cf7b97-fb5c-4112-acf7-9d26caaa303e', 'f78d9fae-b8d0-4006-a221-8b2bafaf1724', '2025-12-16', '2025-12-17', 90000, 90000, 'confirmed', 'paid', 90000) ON CONFLICT (booking_reference) DO NOTHING;
INSERT INTO bookings (booking_reference, guest_id, room_id, check_in_date, check_out_date, total_room_price_ngn, total_amount_ngn, status, payment_status, amount_paid_ngn) VALUES ('booking_5818_6941a9b', 'adc3d8f4-aac4-45e3-80da-4adbddf98cba', '5dff3a3e-9830-4575-ad57-4a6beb0314b7', '2025-12-17', '2025-12-18', 90000, 90000, 'confirmed', 'paid', 90000) ON CONFLICT (booking_reference) DO NOTHING;
INSERT INTO bookings (booking_reference, guest_id, room_id, check_in_date, check_out_date, total_room_price_ngn, total_amount_ngn, status, payment_status, amount_paid_ngn) VALUES ('booking_5821_69427ae', '3adbbd72-7aee-4ae1-ab97-19246c0865e0', '8af12217-f3b3-4817-b214-c6f71266a63a', '2025-12-19', '2025-12-21', 50000, 50000, 'confirmed', 'paid', 50000) ON CONFLICT (booking_reference) DO NOTHING;
INSERT INTO bookings (booking_reference, guest_id, room_id, check_in_date, check_out_date, total_room_price_ngn, total_amount_ngn, status, payment_status, amount_paid_ngn) VALUES ('booking_5826_6943c07', '724ea26c-efa5-43bf-9c54-bfb57acce3f9', '5dff3a3e-9830-4575-ad57-4a6beb0314b7', '2025-12-18', '2025-12-19', 90000, 90000, 'confirmed', 'paid', 90000) ON CONFLICT (booking_reference) DO NOTHING;
INSERT INTO bookings (booking_reference, guest_id, room_id, check_in_date, check_out_date, total_room_price_ngn, total_amount_ngn, status, payment_status, amount_paid_ngn) VALUES ('booking_5828_69441e2', 'ee170c2e-ab7e-4078-b4bd-bbcfda15b3ac', '8af12217-f3b3-4817-b214-c6f71266a63a', '2025-12-18', '2025-12-19', 25000, 25000, 'confirmed', 'paid', 25000) ON CONFLICT (booking_reference) DO NOTHING;
INSERT INTO bookings (booking_reference, guest_id, room_id, check_in_date, check_out_date, total_room_price_ngn, total_amount_ngn, status, payment_status, amount_paid_ngn) VALUES ('booking_5831_69441ee', '23342839-5956-4f14-9c7c-af86fe9c2f14', '8af12217-f3b3-4817-b214-c6f71266a63a', '2025-12-18', '2025-12-20', 50000, 50000, 'confirmed', 'paid', 50000) ON CONFLICT (booking_reference) DO NOTHING;
INSERT INTO bookings (booking_reference, guest_id, room_id, check_in_date, check_out_date, total_room_price_ngn, total_amount_ngn, status, payment_status, amount_paid_ngn) VALUES ('booking_5834_6944fd7', 'd5cc760c-0cff-4a43-bce5-2d35aa70742a', '8af12217-f3b3-4817-b214-c6f71266a63a', '2025-12-19', '2025-12-20', 25000, 25000, 'confirmed', 'paid', 25000) ON CONFLICT (booking_reference) DO NOTHING;
INSERT INTO bookings (booking_reference, guest_id, room_id, check_in_date, check_out_date, total_room_price_ngn, total_amount_ngn, status, payment_status, amount_paid_ngn) VALUES ('booking_5844_69466c8', 'f1e41109-f923-4a78-91cc-8a8a7af1e63e', 'f78d9fae-b8d0-4006-a221-8b2bafaf1724', '2025-12-20', '2025-12-21', 105000, 105000, 'confirmed', 'paid', 105000) ON CONFLICT (booking_reference) DO NOTHING;
INSERT INTO bookings (booking_reference, guest_id, room_id, check_in_date, check_out_date, total_room_price_ngn, total_amount_ngn, status, payment_status, amount_paid_ngn) VALUES ('booking_5846_6946931', 'f13dc15a-4af6-43ba-b415-d86a278e12d0', '5dff3a3e-9830-4575-ad57-4a6beb0314b7', '2025-12-20', '2025-12-22', 180000, 180000, 'confirmed', 'paid', 180000) ON CONFLICT (booking_reference) DO NOTHING;
INSERT INTO bookings (booking_reference, guest_id, room_id, check_in_date, check_out_date, total_room_price_ngn, total_amount_ngn, status, payment_status, amount_paid_ngn) VALUES ('booking_5849_6946adf', 'fdcdf9dc-2fa9-4325-ae42-299b2d2bdf06', '5dff3a3e-9830-4575-ad57-4a6beb0314b7', '2025-12-28', '2025-12-30', 180000, 180000, 'confirmed', 'paid', 180000) ON CONFLICT (booking_reference) DO NOTHING;
INSERT INTO bookings (booking_reference, guest_id, room_id, check_in_date, check_out_date, total_room_price_ngn, total_amount_ngn, status, payment_status, amount_paid_ngn) VALUES ('booking_5854_6947d94', '680ec0af-426b-46f2-91f7-ee1e1c3999ca', '8af12217-f3b3-4817-b214-c6f71266a63a', '2025-12-20', '2025-12-24', 100000, 100000, 'confirmed', 'paid', 100000) ON CONFLICT (booking_reference) DO NOTHING;
INSERT INTO bookings (booking_reference, guest_id, room_id, check_in_date, check_out_date, total_room_price_ngn, total_amount_ngn, status, payment_status, amount_paid_ngn) VALUES ('booking_5858_6948672', '8d088785-7608-4467-9ae8-a830203a91af', '8af12217-f3b3-4817-b214-c6f71266a63a', '2025-12-22', '2025-12-23', 25000, 25000, 'confirmed', 'paid', 25000) ON CONFLICT (booking_reference) DO NOTHING;
INSERT INTO bookings (booking_reference, guest_id, room_id, check_in_date, check_out_date, total_room_price_ngn, total_amount_ngn, status, payment_status, amount_paid_ngn) VALUES ('booking_5861_6949246', 'bdc9ebaf-1fd4-4ae4-8471-6d4a2cef9c9b', '8af12217-f3b3-4817-b214-c6f71266a63a', '2025-12-22', '2025-12-23', 25000, 25000, 'confirmed', 'paid', 25000) ON CONFLICT (booking_reference) DO NOTHING;
INSERT INTO bookings (booking_reference, guest_id, room_id, check_in_date, check_out_date, total_room_price_ngn, total_amount_ngn, status, payment_status, amount_paid_ngn) VALUES ('booking_5864_6949379', 'beab92bb-25c3-417c-9266-39c847f23785', 'cad2bc4d-5eaa-429b-b9f1-faedd37fdc35', '2025-12-24', '2025-12-26', 220000, 220000, 'confirmed', 'paid', 220000) ON CONFLICT (booking_reference) DO NOTHING;
INSERT INTO bookings (booking_reference, guest_id, room_id, check_in_date, check_out_date, total_room_price_ngn, total_amount_ngn, status, payment_status, amount_paid_ngn) VALUES ('booking_5873_6949bf5', '324809fa-38c1-4576-8893-aef7aae03790', '5dff3a3e-9830-4575-ad57-4a6beb0314b7', '2025-12-22', '2025-12-23', 90000, 90000, 'confirmed', 'paid', 90000) ON CONFLICT (booking_reference) DO NOTHING;
INSERT INTO bookings (booking_reference, guest_id, room_id, check_in_date, check_out_date, total_room_price_ngn, total_amount_ngn, status, payment_status, amount_paid_ngn) VALUES ('booking_5876_694aaad', 'f9f6b731-59dc-4002-9524-913769ce36de', '5dff3a3e-9830-4575-ad57-4a6beb0314b7', '2025-12-23', '2025-12-25', 180000, 180000, 'confirmed', 'paid', 180000) ON CONFLICT (booking_reference) DO NOTHING;
INSERT INTO bookings (booking_reference, guest_id, room_id, check_in_date, check_out_date, total_room_price_ngn, total_amount_ngn, status, payment_status, amount_paid_ngn) VALUES ('booking_5883_694bbd1', '0028ebf4-6289-4c62-9b75-8651bbf89a83', 'f78d9fae-b8d0-4006-a221-8b2bafaf1724', '2025-12-24', '2025-12-25', 75000, 75000, 'confirmed', 'paid', 75000) ON CONFLICT (booking_reference) DO NOTHING;
INSERT INTO bookings (booking_reference, guest_id, room_id, check_in_date, check_out_date, total_room_price_ngn, total_amount_ngn, status, payment_status, amount_paid_ngn) VALUES ('booking_5891_694e926', 'a0a38711-c194-4f08-9e21-781d9280bcaa', '8af12217-f3b3-4817-b214-c6f71266a63a', '2025-12-25', '2025-12-28', 75000, 75000, 'confirmed', 'paid', 75000) ON CONFLICT (booking_reference) DO NOTHING;
INSERT INTO bookings (booking_reference, guest_id, room_id, check_in_date, check_out_date, total_room_price_ngn, total_amount_ngn, status, payment_status, amount_paid_ngn) VALUES ('booking_5893_694e942', '0627d4fb-b263-49b7-b1d2-aec27bccdc5d', 'ca946c9a-b147-488c-8ea8-84a3e1d87cfb', '2025-12-27', '2025-12-28', 110000, 110000, 'confirmed', 'paid', 110000) ON CONFLICT (booking_reference) DO NOTHING;
INSERT INTO bookings (booking_reference, guest_id, room_id, check_in_date, check_out_date, total_room_price_ngn, total_amount_ngn, status, payment_status, amount_paid_ngn) VALUES ('booking_5898_694ec22', 'ffa73445-39e3-4e49-882f-e1f022a70698', '8af12217-f3b3-4817-b214-c6f71266a63a', '2025-12-26', '2025-12-27', 20000, 20000, 'confirmed', 'paid', 20000) ON CONFLICT (booking_reference) DO NOTHING;
INSERT INTO bookings (booking_reference, guest_id, room_id, check_in_date, check_out_date, total_room_price_ngn, total_amount_ngn, status, payment_status, amount_paid_ngn) VALUES ('booking_5901_694f16d', '500f6e19-2113-41a9-8448-0063518becef', '5dff3a3e-9830-4575-ad57-4a6beb0314b7', '2025-12-27', '2025-12-28', 90000, 90000, 'confirmed', 'paid', 90000) ON CONFLICT (booking_reference) DO NOTHING;
INSERT INTO bookings (booking_reference, guest_id, room_id, check_in_date, check_out_date, total_room_price_ngn, total_amount_ngn, status, payment_status, amount_paid_ngn) VALUES ('booking_5904_694f97e', '2b6366a9-4091-49f4-8bcd-77042be88d8a', 'cad2bc4d-5eaa-429b-b9f1-faedd37fdc35', '2025-12-27', '2025-12-29', 200000, 200000, 'confirmed', 'paid', 200000) ON CONFLICT (booking_reference) DO NOTHING;
INSERT INTO bookings (booking_reference, guest_id, room_id, check_in_date, check_out_date, total_room_price_ngn, total_amount_ngn, status, payment_status, amount_paid_ngn) VALUES ('booking_5910_694fdca', 'eef934c7-fc3c-4de9-a3fc-00d3cfb25d11', 'ca946c9a-b147-488c-8ea8-84a3e1d87cfb', '2025-12-28', '2025-12-30', 180000, 180000, 'confirmed', 'paid', 180000) ON CONFLICT (booking_reference) DO NOTHING;
INSERT INTO bookings (booking_reference, guest_id, room_id, check_in_date, check_out_date, total_room_price_ngn, total_amount_ngn, status, payment_status, amount_paid_ngn) VALUES ('booking_5913_694fef0', '55c1189c-facd-4a70-8170-723e6b7c7124', 'c6fc6bd0-55ba-41a5-b20d-fdcde85a63d8', '2025-12-28', '2025-12-30', 180000, 180000, 'confirmed', 'paid', 180000) ON CONFLICT (booking_reference) DO NOTHING;
INSERT INTO bookings (booking_reference, guest_id, room_id, check_in_date, check_out_date, total_room_price_ngn, total_amount_ngn, status, payment_status, amount_paid_ngn) VALUES ('booking_5920_6950e2f', '79303fb2-0555-44ee-99d6-a2f6eb6f6e45', 'ca946c9a-b147-488c-8ea8-84a3e1d87cfb', '2026-01-03', '2026-01-09', 540000, 540000, 'confirmed', 'paid', 540000) ON CONFLICT (booking_reference) DO NOTHING;
INSERT INTO bookings (booking_reference, guest_id, room_id, check_in_date, check_out_date, total_room_price_ngn, total_amount_ngn, status, payment_status, amount_paid_ngn) VALUES ('booking_5926_6952d28', '3d969399-ef1e-4fea-b024-7d28b11ea536', '5dff3a3e-9830-4575-ad57-4a6beb0314b7', '2025-12-30', '2025-12-31', 90000, 90000, 'confirmed', 'paid', 90000) ON CONFLICT (booking_reference) DO NOTHING;
INSERT INTO bookings (booking_reference, guest_id, room_id, check_in_date, check_out_date, total_room_price_ngn, total_amount_ngn, status, payment_status, amount_paid_ngn) VALUES ('booking_5928_6952f98', 'd014ad39-0493-4107-aa3c-7b03ceef584a', 'ca946c9a-b147-488c-8ea8-84a3e1d87cfb', '2025-12-31', '2026-01-03', 330000, 330000, 'confirmed', 'paid', 330000) ON CONFLICT (booking_reference) DO NOTHING;
INSERT INTO bookings (booking_reference, guest_id, room_id, check_in_date, check_out_date, total_room_price_ngn, total_amount_ngn, status, payment_status, amount_paid_ngn) VALUES ('booking_5932_69538f8', '3698fc40-25f6-4e70-8e19-8517eaae1b47', '5dff3a3e-9830-4575-ad57-4a6beb0314b7', '2026-01-06', '2026-01-22', 1200000, 1200000, 'confirmed', 'paid', 1200000) ON CONFLICT (booking_reference) DO NOTHING;
INSERT INTO bookings (booking_reference, guest_id, room_id, check_in_date, check_out_date, total_room_price_ngn, total_amount_ngn, status, payment_status, amount_paid_ngn) VALUES ('booking_5934_6953f78', '7a37ebf1-2492-4138-aad3-7e7c9957d306', '8af12217-f3b3-4817-b214-c6f71266a63a', '2025-12-30', '2026-01-03', 100000, 100000, 'confirmed', 'paid', 100000) ON CONFLICT (booking_reference) DO NOTHING;
INSERT INTO bookings (booking_reference, guest_id, room_id, check_in_date, check_out_date, total_room_price_ngn, total_amount_ngn, status, payment_status, amount_paid_ngn) VALUES ('booking_5939_69552ab', '1c35e858-995d-477a-8987-766356ad310e', 'c6fc6bd0-55ba-41a5-b20d-fdcde85a63d8', '2025-12-31', '2026-01-02', 220000, 220000, 'confirmed', 'paid', 220000) ON CONFLICT (booking_reference) DO NOTHING;
INSERT INTO bookings (booking_reference, guest_id, room_id, check_in_date, check_out_date, total_room_price_ngn, total_amount_ngn, status, payment_status, amount_paid_ngn) VALUES ('booking_5941_69552b0', '68e86eb6-1848-4782-895c-c88f4ca2e3ea', '5dff3a3e-9830-4575-ad57-4a6beb0314b7', '2025-12-31', '2026-01-01', 90000, 90000, 'confirmed', 'paid', 90000) ON CONFLICT (booking_reference) DO NOTHING;
INSERT INTO bookings (booking_reference, guest_id, room_id, check_in_date, check_out_date, total_room_price_ngn, total_amount_ngn, status, payment_status, amount_paid_ngn) VALUES ('booking_5944_695617c', '850742d0-aa7f-4d0e-83cc-e3cee0e234a5', '8af12217-f3b3-4817-b214-c6f71266a63a', '2026-01-01', '2026-01-02', 25000, 25000, 'confirmed', 'paid', 25000) ON CONFLICT (booking_reference) DO NOTHING;
INSERT INTO bookings (booking_reference, guest_id, room_id, check_in_date, check_out_date, total_room_price_ngn, total_amount_ngn, status, payment_status, amount_paid_ngn) VALUES ('booking_5951_6956620', 'f573c280-4baf-41fe-a9c6-7aea91137747', 'c6fc6bd0-55ba-41a5-b20d-fdcde85a63d8', '2026-01-03', '2026-01-04', 110000, 110000, 'confirmed', 'paid', 110000) ON CONFLICT (booking_reference) DO NOTHING;
INSERT INTO bookings (booking_reference, guest_id, room_id, check_in_date, check_out_date, total_room_price_ngn, total_amount_ngn, status, payment_status, amount_paid_ngn) VALUES ('booking_5953_6957ae3', 'ced2ab1d-3010-4fe5-a0c0-9755384a17ee', 'c6fc6bd0-55ba-41a5-b20d-fdcde85a63d8', '2026-01-02', '2026-01-03', 90000, 90000, 'confirmed', 'paid', 90000) ON CONFLICT (booking_reference) DO NOTHING;
INSERT INTO bookings (booking_reference, guest_id, room_id, check_in_date, check_out_date, total_room_price_ngn, total_amount_ngn, status, payment_status, amount_paid_ngn) VALUES ('booking_5956_6957e93', '111343b7-a43a-4b6b-9f4b-41ecb8696f51', '5dff3a3e-9830-4575-ad57-4a6beb0314b7', '2026-01-02', '2026-01-03', 90000, 90000, 'confirmed', 'paid', 90000) ON CONFLICT (booking_reference) DO NOTHING;
INSERT INTO bookings (booking_reference, guest_id, room_id, check_in_date, check_out_date, total_room_price_ngn, total_amount_ngn, status, payment_status, amount_paid_ngn) VALUES ('booking_5959_69584cd', 'dca3a8a8-ecfc-414b-b59a-07112c586ed5', 'cad2bc4d-5eaa-429b-b9f1-faedd37fdc35', '2026-01-02', '2026-01-03', 130000, 130000, 'confirmed', 'paid', 130000) ON CONFLICT (booking_reference) DO NOTHING;
INSERT INTO bookings (booking_reference, guest_id, room_id, check_in_date, check_out_date, total_room_price_ngn, total_amount_ngn, status, payment_status, amount_paid_ngn) VALUES ('booking_5961_6959356', 'd084f615-7435-4664-825a-62107d6dd2f4', '8af12217-f3b3-4817-b214-c6f71266a63a', '2026-01-03', '2026-02-06', 1020000, 1020000, 'confirmed', 'paid', 1020000) ON CONFLICT (booking_reference) DO NOTHING;
INSERT INTO bookings (booking_reference, guest_id, room_id, check_in_date, check_out_date, total_room_price_ngn, total_amount_ngn, status, payment_status, amount_paid_ngn) VALUES ('booking_5966_695a0b1', '730ce0ea-582a-428c-a692-cb35fb5bcb03', '8af12217-f3b3-4817-b214-c6f71266a63a', '2026-01-04', '2026-01-05', 25000, 25000, 'confirmed', 'paid', 25000) ON CONFLICT (booking_reference) DO NOTHING;
INSERT INTO bookings (booking_reference, guest_id, room_id, check_in_date, check_out_date, total_room_price_ngn, total_amount_ngn, status, payment_status, amount_paid_ngn) VALUES ('booking_5969_695a501', 'ddce25ae-f691-4e59-95ee-3bb1c82d9e67', '8af12217-f3b3-4817-b214-c6f71266a63a', '2026-01-04', '2026-01-05', 25000, 25000, 'confirmed', 'paid', 25000) ON CONFLICT (booking_reference) DO NOTHING;
INSERT INTO bookings (booking_reference, guest_id, room_id, check_in_date, check_out_date, total_room_price_ngn, total_amount_ngn, status, payment_status, amount_paid_ngn) VALUES ('booking_5971_695a6d7', 'b771dcec-5b69-492f-9583-667b5755c8f2', '8af12217-f3b3-4817-b214-c6f71266a63a', '2026-01-05', '2026-01-08', 75000, 75000, 'confirmed', 'paid', 75000) ON CONFLICT (booking_reference) DO NOTHING;
INSERT INTO bookings (booking_reference, guest_id, room_id, check_in_date, check_out_date, total_room_price_ngn, total_amount_ngn, status, payment_status, amount_paid_ngn) VALUES ('booking_5974_695b66f', '6c8d5290-244f-4e34-9b17-97799f079396', 'c6fc6bd0-55ba-41a5-b20d-fdcde85a63d8', '2026-01-05', '2026-01-08', 330000, 330000, 'confirmed', 'paid', 330000) ON CONFLICT (booking_reference) DO NOTHING;
INSERT INTO bookings (booking_reference, guest_id, room_id, check_in_date, check_out_date, total_room_price_ngn, total_amount_ngn, status, payment_status, amount_paid_ngn) VALUES ('booking_5978_695d0da', '7292bcc1-ec2b-4173-ba78-5c8b2aba6326', 'cad2bc4d-5eaa-429b-b9f1-faedd37fdc35', '2026-01-06', '2026-01-07', 162000, 162000, 'confirmed', 'paid', 162000) ON CONFLICT (booking_reference) DO NOTHING;
INSERT INTO bookings (booking_reference, guest_id, room_id, check_in_date, check_out_date, total_room_price_ngn, total_amount_ngn, status, payment_status, amount_paid_ngn) VALUES ('booking_5983_695e17b', 'f3561dc1-7c0b-4a14-856b-64b4ffb2ec2b', 'f78d9fae-b8d0-4006-a221-8b2bafaf1724', '2026-01-07', '2026-01-09', 220000, 220000, 'confirmed', 'paid', 220000) ON CONFLICT (booking_reference) DO NOTHING;
INSERT INTO bookings (booking_reference, guest_id, room_id, check_in_date, check_out_date, total_room_price_ngn, total_amount_ngn, status, payment_status, amount_paid_ngn) VALUES ('booking_5988_695fd59', '6e748330-9508-4489-9e3b-ccb5817baabd', 'ca946c9a-b147-488c-8ea8-84a3e1d87cfb', '2026-01-09', '2026-01-10', 110000, 110000, 'confirmed', 'paid', 110000) ON CONFLICT (booking_reference) DO NOTHING;
INSERT INTO bookings (booking_reference, guest_id, room_id, check_in_date, check_out_date, total_room_price_ngn, total_amount_ngn, status, payment_status, amount_paid_ngn) VALUES ('booking_5995_6961f75', '3c517a8c-2b6e-48e5-8c39-426792adaaad', '8af12217-f3b3-4817-b214-c6f71266a63a', '2026-01-10', '2026-01-11', 25000, 25000, 'confirmed', 'paid', 25000) ON CONFLICT (booking_reference) DO NOTHING;
INSERT INTO bookings (booking_reference, guest_id, room_id, check_in_date, check_out_date, total_room_price_ngn, total_amount_ngn, status, payment_status, amount_paid_ngn) VALUES ('booking_5997_69629f6', '4f005f85-c112-4896-88b9-d99f4efc9838', 'f78d9fae-b8d0-4006-a221-8b2bafaf1724', '2026-01-10', '2026-01-11', 90000, 90000, 'confirmed', 'paid', 90000) ON CONFLICT (booking_reference) DO NOTHING;
INSERT INTO bookings (booking_reference, guest_id, room_id, check_in_date, check_out_date, total_room_price_ngn, total_amount_ngn, status, payment_status, amount_paid_ngn) VALUES ('booking_5999_6963428', 'd652a36b-ae6c-414b-83f2-d9fced983269', 'ca946c9a-b147-488c-8ea8-84a3e1d87cfb', '2026-01-11', '2026-01-12', 110000, 110000, 'confirmed', 'paid', 110000) ON CONFLICT (booking_reference) DO NOTHING;
INSERT INTO bookings (booking_reference, guest_id, room_id, check_in_date, check_out_date, total_room_price_ngn, total_amount_ngn, status, payment_status, amount_paid_ngn) VALUES ('booking_6002_69639dc', 'f8d7dc72-74ff-4923-9f92-539babfc55c4', 'c6fc6bd0-55ba-41a5-b20d-fdcde85a63d8', '2026-01-11', '2026-01-15', 320000, 320000, 'confirmed', 'paid', 320000) ON CONFLICT (booking_reference) DO NOTHING;
INSERT INTO bookings (booking_reference, guest_id, room_id, check_in_date, check_out_date, total_room_price_ngn, total_amount_ngn, status, payment_status, amount_paid_ngn) VALUES ('booking_6004_6964e77', 'a0659460-d108-4367-abca-3c2cffa52f22', '8af12217-f3b3-4817-b214-c6f71266a63a', '2026-01-12', '2026-01-13', 25000, 25000, 'confirmed', 'paid', 25000) ON CONFLICT (booking_reference) DO NOTHING;
INSERT INTO bookings (booking_reference, guest_id, room_id, check_in_date, check_out_date, total_room_price_ngn, total_amount_ngn, status, payment_status, amount_paid_ngn) VALUES ('booking_6009_6967777', 'e4335178-7385-4626-8a96-6e6ce5a3370e', '8af12217-f3b3-4817-b214-c6f71266a63a', '2026-01-14', '2026-01-16', 50000, 50000, 'confirmed', 'paid', 50000) ON CONFLICT (booking_reference) DO NOTHING;
INSERT INTO bookings (booking_reference, guest_id, room_id, check_in_date, check_out_date, total_room_price_ngn, total_amount_ngn, status, payment_status, amount_paid_ngn) VALUES ('booking_6013_69692bd', '8ebef211-d64a-4f53-913f-15b927e32e9b', '8af12217-f3b3-4817-b214-c6f71266a63a', '2026-01-16', '2026-01-18', 50000, 50000, 'confirmed', 'paid', 50000) ON CONFLICT (booking_reference) DO NOTHING;
INSERT INTO bookings (booking_reference, guest_id, room_id, check_in_date, check_out_date, total_room_price_ngn, total_amount_ngn, status, payment_status, amount_paid_ngn) VALUES ('booking_6020_696cbd6', '0c06c180-1e54-4dc3-88d2-26b94065bb54', 'cad2bc4d-5eaa-429b-b9f1-faedd37fdc35', '2026-01-28', '2026-01-29', 170000, 170000, 'confirmed', 'paid', 170000) ON CONFLICT (booking_reference) DO NOTHING;
INSERT INTO bookings (booking_reference, guest_id, room_id, check_in_date, check_out_date, total_room_price_ngn, total_amount_ngn, status, payment_status, amount_paid_ngn) VALUES ('booking_6022_696f3a5', '9da4f7d0-a87b-4485-a35c-1d05a9e5ec03', 'f78d9fae-b8d0-4006-a221-8b2bafaf1724', '2026-02-01', '2026-02-02', 150000, 150000, 'confirmed', 'paid', 150000) ON CONFLICT (booking_reference) DO NOTHING;
INSERT INTO bookings (booking_reference, guest_id, room_id, check_in_date, check_out_date, total_room_price_ngn, total_amount_ngn, status, payment_status, amount_paid_ngn) VALUES ('booking_6024_696f3b1', 'f1c8903d-c6b8-4a10-936e-838b063fef8f', 'ca946c9a-b147-488c-8ea8-84a3e1d87cfb', '2026-01-28', '2026-02-01', 440000, 440000, 'confirmed', 'paid', 440000) ON CONFLICT (booking_reference) DO NOTHING;
INSERT INTO bookings (booking_reference, guest_id, room_id, check_in_date, check_out_date, total_room_price_ngn, total_amount_ngn, status, payment_status, amount_paid_ngn) VALUES ('booking_6026_696f3b8', 'c9178dd3-6098-42b0-a8f6-c71b0b600f82', 'f78d9fae-b8d0-4006-a221-8b2bafaf1724', '2026-01-28', '2026-02-01', 440000, 440000, 'confirmed', 'paid', 440000) ON CONFLICT (booking_reference) DO NOTHING;
INSERT INTO bookings (booking_reference, guest_id, room_id, check_in_date, check_out_date, total_room_price_ngn, total_amount_ngn, status, payment_status, amount_paid_ngn) VALUES ('booking_6028_696f3bc', 'f7265c0a-3be2-4dee-a5d7-2fe2d54a8911', '8af12217-f3b3-4817-b214-c6f71266a63a', '2026-01-28', '2026-02-01', 100000, 100000, 'confirmed', 'paid', 100000) ON CONFLICT (booking_reference) DO NOTHING;
INSERT INTO bookings (booking_reference, guest_id, room_id, check_in_date, check_out_date, total_room_price_ngn, total_amount_ngn, status, payment_status, amount_paid_ngn) VALUES ('booking_6030_696f3c9', '3ec50b92-9973-4db0-acca-f56f938e05da', 'ca946c9a-b147-488c-8ea8-84a3e1d87cfb', '2026-03-10', '2026-03-15', 750000, 750000, 'confirmed', 'paid', 750000) ON CONFLICT (booking_reference) DO NOTHING;
INSERT INTO bookings (booking_reference, guest_id, room_id, check_in_date, check_out_date, total_room_price_ngn, total_amount_ngn, status, payment_status, amount_paid_ngn) VALUES ('booking_6033_696f3e7', '600c5d45-b0d7-4ff4-97cb-d5e15a14ec5a', 'cad2bc4d-5eaa-429b-b9f1-faedd37fdc35', '2026-03-16', '2026-03-20', 680000, 680000, 'confirmed', 'paid', 680000) ON CONFLICT (booking_reference) DO NOTHING;
INSERT INTO bookings (booking_reference, guest_id, room_id, check_in_date, check_out_date, total_room_price_ngn, total_amount_ngn, status, payment_status, amount_paid_ngn) VALUES ('booking_6039_696f412', '55028afb-8d7e-4a91-89cf-549159a28af6', '8af12217-f3b3-4817-b214-c6f71266a63a', '2026-03-17', '2026-03-24', 210000, 210000, 'confirmed', 'paid', 210000) ON CONFLICT (booking_reference) DO NOTHING;
INSERT INTO bookings (booking_reference, guest_id, room_id, check_in_date, check_out_date, total_room_price_ngn, total_amount_ngn, status, payment_status, amount_paid_ngn) VALUES ('booking_6042_696f6e9', 'd4fce1b2-7098-437d-ac22-19020950a0e6', '8af12217-f3b3-4817-b214-c6f71266a63a', '2026-01-20', '2026-01-21', 25000, 25000, 'confirmed', 'paid', 25000) ON CONFLICT (booking_reference) DO NOTHING;
INSERT INTO bookings (booking_reference, guest_id, room_id, check_in_date, check_out_date, total_room_price_ngn, total_amount_ngn, status, payment_status, amount_paid_ngn) VALUES ('booking_6044_696f902', '7db49b16-c0ce-4b65-bf55-428702b9c4a6', '8af12217-f3b3-4817-b214-c6f71266a63a', '2026-01-20', '2026-01-22', 50000, 50000, 'confirmed', 'paid', 50000) ON CONFLICT (booking_reference) DO NOTHING;
INSERT INTO bookings (booking_reference, guest_id, room_id, check_in_date, check_out_date, total_room_price_ngn, total_amount_ngn, status, payment_status, amount_paid_ngn) VALUES ('booking_6047_6971d86', '7dfe3db1-34b5-4209-8f53-3f3f8a06524c', '5dff3a3e-9830-4575-ad57-4a6beb0314b7', '2026-01-22', '2026-01-23', 90000, 90000, 'confirmed', 'paid', 90000) ON CONFLICT (booking_reference) DO NOTHING;
INSERT INTO bookings (booking_reference, guest_id, room_id, check_in_date, check_out_date, total_room_price_ngn, total_amount_ngn, status, payment_status, amount_paid_ngn) VALUES ('booking_6051_6974da3', '4bcd4d55-3df1-4d42-9e05-3dfca93c0276', 'f78d9fae-b8d0-4006-a221-8b2bafaf1724', '2026-01-25', '2026-01-27', 300000, 300000, 'confirmed', 'paid', 300000) ON CONFLICT (booking_reference) DO NOTHING;
INSERT INTO bookings (booking_reference, guest_id, room_id, check_in_date, check_out_date, total_room_price_ngn, total_amount_ngn, status, payment_status, amount_paid_ngn) VALUES ('booking_6053_6975cb3', '078cbb26-16fe-4b4c-b3f2-16d9a5dd3d83', 'ca946c9a-b147-488c-8ea8-84a3e1d87cfb', '2026-01-24', '2026-01-25', 110000, 110000, 'confirmed', 'paid', 110000) ON CONFLICT (booking_reference) DO NOTHING;
INSERT INTO bookings (booking_reference, guest_id, room_id, check_in_date, check_out_date, total_room_price_ngn, total_amount_ngn, status, payment_status, amount_paid_ngn) VALUES ('booking_6057_697611d', 'deb1b426-7c90-415d-a7fe-0905efa86bdb', 'ca946c9a-b147-488c-8ea8-84a3e1d87cfb', '2026-01-25', '2026-01-26', 100000, 100000, 'confirmed', 'paid', 100000) ON CONFLICT (booking_reference) DO NOTHING;
INSERT INTO bookings (booking_reference, guest_id, room_id, check_in_date, check_out_date, total_room_price_ngn, total_amount_ngn, status, payment_status, amount_paid_ngn) VALUES ('booking_6062_697672b', 'deefb7d7-adb7-4606-9053-e0ad3ef092af', 'c6fc6bd0-55ba-41a5-b20d-fdcde85a63d8', '2026-01-27', '2026-01-31', 440000, 440000, 'confirmed', 'paid', 440000) ON CONFLICT (booking_reference) DO NOTHING;
INSERT INTO bookings (booking_reference, guest_id, room_id, check_in_date, check_out_date, total_room_price_ngn, total_amount_ngn, status, payment_status, amount_paid_ngn) VALUES ('booking_6067_69779dc', '7249aa1d-f9c6-41e7-b0c1-9025e86221aa', 'ca946c9a-b147-488c-8ea8-84a3e1d87cfb', '2026-01-26', '2026-01-28', 300000, 300000, 'confirmed', 'paid', 300000) ON CONFLICT (booking_reference) DO NOTHING;
INSERT INTO bookings (booking_reference, guest_id, room_id, check_in_date, check_out_date, total_room_price_ngn, total_amount_ngn, status, payment_status, amount_paid_ngn) VALUES ('booking_6107_6979efe', '426e13a3-4721-47d2-a152-ce9e08d76ad9', '8af12217-f3b3-4817-b214-c6f71266a63a', '2026-01-28', '2026-01-29', 30000, 30000, 'confirmed', 'paid', 30000) ON CONFLICT (booking_reference) DO NOTHING;
INSERT INTO bookings (booking_reference, guest_id, room_id, check_in_date, check_out_date, total_room_price_ngn, total_amount_ngn, status, payment_status, amount_paid_ngn) VALUES ('booking_6113_697a0ea', '2a37b417-2c44-405d-bc9c-214cd8644062', '5dff3a3e-9830-4575-ad57-4a6beb0314b7', '2026-01-27', '2026-01-30', 360000, 360000, 'confirmed', 'paid', 360000) ON CONFLICT (booking_reference) DO NOTHING;
INSERT INTO bookings (booking_reference, guest_id, room_id, check_in_date, check_out_date, total_room_price_ngn, total_amount_ngn, status, payment_status, amount_paid_ngn) VALUES ('booking_6121_697b3a6', '66b637cb-9207-4787-bca0-f01235e41303', '8af12217-f3b3-4817-b214-c6f71266a63a', '2026-01-29', '2026-01-30', 30000, 30000, 'confirmed', 'paid', 30000) ON CONFLICT (booking_reference) DO NOTHING;
INSERT INTO bookings (booking_reference, guest_id, room_id, check_in_date, check_out_date, total_room_price_ngn, total_amount_ngn, status, payment_status, amount_paid_ngn) VALUES ('booking_6123_697b5a9', '7f24c575-a11b-4836-afd9-1a22d819c02a', 'cad2bc4d-5eaa-429b-b9f1-faedd37fdc35', '2026-01-29', '2026-02-01', 510000, 510000, 'confirmed', 'paid', 510000) ON CONFLICT (booking_reference) DO NOTHING;
INSERT INTO bookings (booking_reference, guest_id, room_id, check_in_date, check_out_date, total_room_price_ngn, total_amount_ngn, status, payment_status, amount_paid_ngn) VALUES ('booking_6133_697bd5a', '88888668-542d-4549-aa16-cb7433b9ba92', '5dff3a3e-9830-4575-ad57-4a6beb0314b7', '2026-01-30', '2026-01-31', 120000, 120000, 'confirmed', 'paid', 120000) ON CONFLICT (booking_reference) DO NOTHING;
INSERT INTO bookings (booking_reference, guest_id, room_id, check_in_date, check_out_date, total_room_price_ngn, total_amount_ngn, status, payment_status, amount_paid_ngn) VALUES ('booking_6136_697c7d7', '04fd0d58-b14e-41fb-8021-7fb4568c1280', '8af12217-f3b3-4817-b214-c6f71266a63a', '2026-01-30', '2026-01-31', 30000, 30000, 'confirmed', 'paid', 30000) ON CONFLICT (booking_reference) DO NOTHING;
INSERT INTO bookings (booking_reference, guest_id, room_id, check_in_date, check_out_date, total_room_price_ngn, total_amount_ngn, status, payment_status, amount_paid_ngn) VALUES ('booking_6139_697de20', '567182bb-9e58-492a-9975-d824bcf2f550', 'c6fc6bd0-55ba-41a5-b20d-fdcde85a63d8', '2026-01-31', '2026-02-01', 150000, 150000, 'confirmed', 'paid', 150000) ON CONFLICT (booking_reference) DO NOTHING;
INSERT INTO bookings (booking_reference, guest_id, room_id, check_in_date, check_out_date, total_room_price_ngn, total_amount_ngn, status, payment_status, amount_paid_ngn) VALUES ('booking_6141_697e495', '0941aa9f-8948-4ff6-8556-479bf18975d8', '5dff3a3e-9830-4575-ad57-4a6beb0314b7', '2026-01-31', '2026-02-03', 360000, 360000, 'confirmed', 'paid', 360000) ON CONFLICT (booking_reference) DO NOTHING;
INSERT INTO bookings (booking_reference, guest_id, room_id, check_in_date, check_out_date, total_room_price_ngn, total_amount_ngn, status, payment_status, amount_paid_ngn) VALUES ('booking_6143_697e664', '2d47e909-7f35-45c1-b58d-7db4fa48fc55', '8af12217-f3b3-4817-b214-c6f71266a63a', '2026-01-31', '2026-02-01', 30000, 30000, 'confirmed', 'paid', 30000) ON CONFLICT (booking_reference) DO NOTHING;
INSERT INTO bookings (booking_reference, guest_id, room_id, check_in_date, check_out_date, total_room_price_ngn, total_amount_ngn, status, payment_status, amount_paid_ngn) VALUES ('booking_6151_697fd6e', 'f379f3ae-86fb-44b0-ac86-f8f628a67536', '8af12217-f3b3-4817-b214-c6f71266a63a', '2026-02-01', '2026-02-02', 30000, 30000, 'confirmed', 'paid', 30000) ON CONFLICT (booking_reference) DO NOTHING;
INSERT INTO bookings (booking_reference, guest_id, room_id, check_in_date, check_out_date, total_room_price_ngn, total_amount_ngn, status, payment_status, amount_paid_ngn) VALUES ('booking_6155_6980a3a', 'af759d8d-21e6-4f18-9ac1-7b6f921c8c11', 'c6fc6bd0-55ba-41a5-b20d-fdcde85a63d8', '2026-02-02', '2026-02-03', 150000, 150000, 'confirmed', 'paid', 150000) ON CONFLICT (booking_reference) DO NOTHING;
INSERT INTO bookings (booking_reference, guest_id, room_id, check_in_date, check_out_date, total_room_price_ngn, total_amount_ngn, status, payment_status, amount_paid_ngn) VALUES ('booking_6163_6985a39', 'b82866d2-3bba-4070-876b-2f51e535846b', '8af12217-f3b3-4817-b214-c6f71266a63a', '2026-02-09', '2026-02-12', 75000, 75000, 'confirmed', 'paid', 75000) ON CONFLICT (booking_reference) DO NOTHING;
INSERT INTO bookings (booking_reference, guest_id, room_id, check_in_date, check_out_date, total_room_price_ngn, total_amount_ngn, status, payment_status, amount_paid_ngn) VALUES ('booking_6166_6985a44', 'e9deaa81-0f3c-4200-ab80-6052fa6c4f3b', '8af12217-f3b3-4817-b214-c6f71266a63a', '2026-02-16', '2026-02-21', 125000, 125000, 'confirmed', 'paid', 125000) ON CONFLICT (booking_reference) DO NOTHING;
INSERT INTO bookings (booking_reference, guest_id, room_id, check_in_date, check_out_date, total_room_price_ngn, total_amount_ngn, status, payment_status, amount_paid_ngn) VALUES ('booking_6173_6985b7d', 'c231fcdb-d5c6-4084-be22-20be26d5788a', 'f78d9fae-b8d0-4006-a221-8b2bafaf1724', '2026-02-19', '2026-02-22', 900000, 900000, 'confirmed', 'paid', 900000) ON CONFLICT (booking_reference) DO NOTHING;
INSERT INTO bookings (booking_reference, guest_id, room_id, check_in_date, check_out_date, total_room_price_ngn, total_amount_ngn, status, payment_status, amount_paid_ngn) VALUES ('booking_6177_6985f64', '118a7a86-ac3b-4d87-848c-a67daeeac09a', 'ca946c9a-b147-488c-8ea8-84a3e1d87cfb', '2026-02-06', '2026-02-07', 150000, 150000, 'confirmed', 'paid', 150000) ON CONFLICT (booking_reference) DO NOTHING;
INSERT INTO bookings (booking_reference, guest_id, room_id, check_in_date, check_out_date, total_room_price_ngn, total_amount_ngn, status, payment_status, amount_paid_ngn) VALUES ('booking_6182_69889a6', '3c0d07b5-e040-4516-a17e-ea69a935c0ad', '5dff3a3e-9830-4575-ad57-4a6beb0314b7', '2026-02-08', '2026-02-10', 180000, 180000, 'confirmed', 'paid', 180000) ON CONFLICT (booking_reference) DO NOTHING;
INSERT INTO bookings (booking_reference, guest_id, room_id, check_in_date, check_out_date, total_room_price_ngn, total_amount_ngn, status, payment_status, amount_paid_ngn) VALUES ('booking_6186_69889c1', '79708be8-e9e1-45b2-92f8-343eecfcebd6', 'f78d9fae-b8d0-4006-a221-8b2bafaf1724', '2026-02-08', '2026-02-09', 100000, 100000, 'confirmed', 'paid', 100000) ON CONFLICT (booking_reference) DO NOTHING;
INSERT INTO bookings (booking_reference, guest_id, room_id, check_in_date, check_out_date, total_room_price_ngn, total_amount_ngn, status, payment_status, amount_paid_ngn) VALUES ('booking_6199_6988a3e', '27f81941-b809-47cf-8da0-62b394103049', '8af12217-f3b3-4817-b214-c6f71266a63a', '2026-02-08', '2026-02-12', 120000, 120000, 'confirmed', 'paid', 120000) ON CONFLICT (booking_reference) DO NOTHING;
INSERT INTO bookings (booking_reference, guest_id, room_id, check_in_date, check_out_date, total_room_price_ngn, total_amount_ngn, status, payment_status, amount_paid_ngn) VALUES ('booking_6202_6989b0a', 'f5c913a4-5a05-4839-a76f-f2e6b8ce727d', 'ca946c9a-b147-488c-8ea8-84a3e1d87cfb', '2026-02-14', '2026-02-15', 150000, 150000, 'confirmed', 'paid', 150000) ON CONFLICT (booking_reference) DO NOTHING;
INSERT INTO bookings (booking_reference, guest_id, room_id, check_in_date, check_out_date, total_room_price_ngn, total_amount_ngn, status, payment_status, amount_paid_ngn) VALUES ('booking_6208_698ae70', '8fcdcdfc-13e3-4a66-ad3b-8ef01bd3158e', 'cad2bc4d-5eaa-429b-b9f1-faedd37fdc35', '2026-04-03', '2026-04-11', 4000000, 4000000, 'confirmed', 'paid', 4000000) ON CONFLICT (booking_reference) DO NOTHING;
INSERT INTO bookings (booking_reference, guest_id, room_id, check_in_date, check_out_date, total_room_price_ngn, total_amount_ngn, status, payment_status, amount_paid_ngn) VALUES ('booking_6214_698b442', 'd7fb54b9-ba24-491a-ac64-70525d7910eb', '5dff3a3e-9830-4575-ad57-4a6beb0314b7', '2026-02-10', '2026-02-16', 600000, 600000, 'confirmed', 'paid', 600000) ON CONFLICT (booking_reference) DO NOTHING;
INSERT INTO bookings (booking_reference, guest_id, room_id, check_in_date, check_out_date, total_room_price_ngn, total_amount_ngn, status, payment_status, amount_paid_ngn) VALUES ('booking_6217_698c506', '5917a50d-41f6-40e0-8e91-976f498a3eec', 'c6fc6bd0-55ba-41a5-b20d-fdcde85a63d8', '2026-02-13', '2026-02-18', 600000, 600000, 'confirmed', 'paid', 600000) ON CONFLICT (booking_reference) DO NOTHING;
INSERT INTO bookings (booking_reference, guest_id, room_id, check_in_date, check_out_date, total_room_price_ngn, total_amount_ngn, status, payment_status, amount_paid_ngn) VALUES ('booking_6224_698e493', '484678f2-baa3-43e5-90f8-0d77f6f5ae0b', '8af12217-f3b3-4817-b214-c6f71266a63a', '2026-02-12', '2026-03-14', 750000, 750000, 'confirmed', 'paid', 750000) ON CONFLICT (booking_reference) DO NOTHING;
INSERT INTO bookings (booking_reference, guest_id, room_id, check_in_date, check_out_date, total_room_price_ngn, total_amount_ngn, status, payment_status, amount_paid_ngn) VALUES ('booking_6229_698f1bd', '90c830e8-e73b-4e53-b78e-04cacbc41e0d', 'ca946c9a-b147-488c-8ea8-84a3e1d87cfb', '2026-02-13', '2026-02-14', 150000, 150000, 'confirmed', 'paid', 150000) ON CONFLICT (booking_reference) DO NOTHING;
INSERT INTO bookings (booking_reference, guest_id, room_id, check_in_date, check_out_date, total_room_price_ngn, total_amount_ngn, status, payment_status, amount_paid_ngn) VALUES ('booking_6233_698f5b3', 'fd12d8e9-555c-4528-97b5-a63dffa27804', 'f78d9fae-b8d0-4006-a221-8b2bafaf1724', '2026-02-13', '2026-02-15', 240000, 240000, 'confirmed', 'paid', 240000) ON CONFLICT (booking_reference) DO NOTHING;
INSERT INTO bookings (booking_reference, guest_id, room_id, check_in_date, check_out_date, total_room_price_ngn, total_amount_ngn, status, payment_status, amount_paid_ngn) VALUES ('booking_6239_698fa9b', '303074f8-5aae-4e84-bd32-677e034f9bc8', 'cad2bc4d-5eaa-429b-b9f1-faedd37fdc35', '2026-02-13', '2026-02-16', 510000, 510000, 'confirmed', 'paid', 510000) ON CONFLICT (booking_reference) DO NOTHING;
INSERT INTO bookings (booking_reference, guest_id, room_id, check_in_date, check_out_date, total_room_price_ngn, total_amount_ngn, status, payment_status, amount_paid_ngn) VALUES ('booking_6241_69901fa', '64b9653a-2b47-419e-8a52-9749d86bf47e', '8af12217-f3b3-4817-b214-c6f71266a63a', '2026-02-14', '2026-02-15', 60000, 60000, 'confirmed', 'paid', 60000) ON CONFLICT (booking_reference) DO NOTHING;
INSERT INTO bookings (booking_reference, guest_id, room_id, check_in_date, check_out_date, total_room_price_ngn, total_amount_ngn, status, payment_status, amount_paid_ngn) VALUES ('booking_6254_69935b7', '854f79b5-cde9-49d2-be0f-d79a1d68fdc1', '5dff3a3e-9830-4575-ad57-4a6beb0314b7', '2026-02-16', '2026-02-18', 160000, 160000, 'confirmed', 'paid', 160000) ON CONFLICT (booking_reference) DO NOTHING;
INSERT INTO bookings (booking_reference, guest_id, room_id, check_in_date, check_out_date, total_room_price_ngn, total_amount_ngn, status, payment_status, amount_paid_ngn) VALUES ('booking_6258_6994938', 'a490bc81-d2b9-4b6d-b9c8-09fbe13be0f2', 'f78d9fae-b8d0-4006-a221-8b2bafaf1724', '2026-02-17', '2026-02-19', 200000, 200000, 'confirmed', 'paid', 200000) ON CONFLICT (booking_reference) DO NOTHING;
INSERT INTO bookings (booking_reference, guest_id, room_id, check_in_date, check_out_date, total_room_price_ngn, total_amount_ngn, status, payment_status, amount_paid_ngn) VALUES ('booking_6262_6994e57', '5435f749-67c7-45db-a72b-c47ad8a3112a', 'c6fc6bd0-55ba-41a5-b20d-fdcde85a63d8', '2026-03-20', '2026-03-22', 600000, 600000, 'confirmed', 'paid', 600000) ON CONFLICT (booking_reference) DO NOTHING;
INSERT INTO bookings (booking_reference, guest_id, room_id, check_in_date, check_out_date, total_room_price_ngn, total_amount_ngn, status, payment_status, amount_paid_ngn) VALUES ('booking_6271_69958d3', 'df394abf-fb72-4a3e-a743-9d5af0bf187b', '5dff3a3e-9830-4575-ad57-4a6beb0314b7', '2026-02-19', '2026-02-20', 100000, 100000, 'confirmed', 'paid', 100000) ON CONFLICT (booking_reference) DO NOTHING;
INSERT INTO bookings (booking_reference, guest_id, room_id, check_in_date, check_out_date, total_room_price_ngn, total_amount_ngn, status, payment_status, amount_paid_ngn) VALUES ('booking_6273_699597b', 'ced773d0-ba35-4d62-b555-4ea6fc36d198', 'c6fc6bd0-55ba-41a5-b20d-fdcde85a63d8', '2026-02-18', '2026-02-28', 1200000, 1200000, 'confirmed', 'paid', 1200000) ON CONFLICT (booking_reference) DO NOTHING;
INSERT INTO bookings (booking_reference, guest_id, room_id, check_in_date, check_out_date, total_room_price_ngn, total_amount_ngn, status, payment_status, amount_paid_ngn) VALUES ('booking_6275_6995ea1', '5499e022-d6bc-400f-875a-0caa33228723', '8af12217-f3b3-4817-b214-c6f71266a63a', '2026-02-19', '2026-02-20', 30000, 30000, 'confirmed', 'paid', 30000) ON CONFLICT (booking_reference) DO NOTHING;
INSERT INTO bookings (booking_reference, guest_id, room_id, check_in_date, check_out_date, total_room_price_ngn, total_amount_ngn, status, payment_status, amount_paid_ngn) VALUES ('booking_6277_6995f41', 'c4a08a08-2d93-49e7-ab8c-8a6446ff7b23', 'cad2bc4d-5eaa-429b-b9f1-faedd37fdc35', '2026-02-21', '2026-02-24', 510000, 510000, 'confirmed', 'paid', 510000) ON CONFLICT (booking_reference) DO NOTHING;
INSERT INTO bookings (booking_reference, guest_id, room_id, check_in_date, check_out_date, total_room_price_ngn, total_amount_ngn, status, payment_status, amount_paid_ngn) VALUES ('booking_6279_6996e4a', '695ccb43-bd3f-44bc-9df8-0d1497fb7cd4', 'cad2bc4d-5eaa-429b-b9f1-faedd37fdc35', '2026-02-19', '2026-02-20', 170000, 170000, 'confirmed', 'paid', 170000) ON CONFLICT (booking_reference) DO NOTHING;
INSERT INTO bookings (booking_reference, guest_id, room_id, check_in_date, check_out_date, total_room_price_ngn, total_amount_ngn, status, payment_status, amount_paid_ngn) VALUES ('booking_6331_69a6b98', '18f242af-fe53-4edf-9f27-a3355f44e799', 'f78d9fae-b8d0-4006-a221-8b2bafaf1724', '2026-03-04', '2026-03-07', 900000, 900000, 'confirmed', 'paid', 900000) ON CONFLICT (booking_reference) DO NOTHING;
INSERT INTO bookings (booking_reference, guest_id, room_id, check_in_date, check_out_date, total_room_price_ngn, total_amount_ngn, status, payment_status, amount_paid_ngn) VALUES ('booking_6335_69a81fd', '9115edb1-50d6-4b09-97c2-d651893bc919', '5dff3a3e-9830-4575-ad57-4a6beb0314b7', '2026-03-04', '2026-03-05', 120000, 120000, 'confirmed', 'paid', 120000) ON CONFLICT (booking_reference) DO NOTHING;
INSERT INTO bookings (booking_reference, guest_id, room_id, check_in_date, check_out_date, total_room_price_ngn, total_amount_ngn, status, payment_status, amount_paid_ngn) VALUES ('booking_6342_69ac628', '4bcd4d55-3df1-4d42-9e05-3dfca93c0276', '5dff3a3e-9830-4575-ad57-4a6beb0314b7', '2026-03-07', '2026-03-08', 120000, 120000, 'confirmed', 'paid', 120000) ON CONFLICT (booking_reference) DO NOTHING;
INSERT INTO bookings (booking_reference, guest_id, room_id, check_in_date, check_out_date, total_room_price_ngn, total_amount_ngn, status, payment_status, amount_paid_ngn) VALUES ('booking_6346_69ac63b', '4bcd4d55-3df1-4d42-9e05-3dfca93c0276', 'ca946c9a-b147-488c-8ea8-84a3e1d87cfb', '2026-03-07', '2026-03-08', 150000, 150000, 'confirmed', 'paid', 150000) ON CONFLICT (booking_reference) DO NOTHING;
INSERT INTO bookings (booking_reference, guest_id, room_id, check_in_date, check_out_date, total_room_price_ngn, total_amount_ngn, status, payment_status, amount_paid_ngn) VALUES ('booking_6349_69ac64b', 'e4637f2c-8b13-4715-bd1d-69436edbaca2', 'ca946c9a-b147-488c-8ea8-84a3e1d87cfb', '2026-03-10', '2026-03-12', 300000, 300000, 'confirmed', 'paid', 300000) ON CONFLICT (booking_reference) DO NOTHING;
INSERT INTO bookings (booking_reference, guest_id, room_id, check_in_date, check_out_date, total_room_price_ngn, total_amount_ngn, status, payment_status, amount_paid_ngn) VALUES ('booking_6352_69adaba', '0ea6e77b-fe88-4f10-a7ed-48bef55f5e4c', 'c6fc6bd0-55ba-41a5-b20d-fdcde85a63d8', '2026-03-08', '2026-03-11', 450000, 450000, 'confirmed', 'paid', 450000) ON CONFLICT (booking_reference) DO NOTHING;
INSERT INTO bookings (booking_reference, guest_id, room_id, check_in_date, check_out_date, total_room_price_ngn, total_amount_ngn, status, payment_status, amount_paid_ngn) VALUES ('booking_6360_69adb15', '0ea6e77b-fe88-4f10-a7ed-48bef55f5e4c', '8af12217-f3b3-4817-b214-c6f71266a63a', '2026-03-08', '2026-03-14', 180000, 180000, 'confirmed', 'paid', 180000) ON CONFLICT (booking_reference) DO NOTHING;
INSERT INTO bookings (booking_reference, guest_id, room_id, check_in_date, check_out_date, total_room_price_ngn, total_amount_ngn, status, payment_status, amount_paid_ngn) VALUES ('booking_6363_69adb2d', '0ea6e77b-fe88-4f10-a7ed-48bef55f5e4c', 'cad2bc4d-5eaa-429b-b9f1-faedd37fdc35', '2026-03-08', '2026-03-09', 170000, 170000, 'confirmed', 'paid', 170000) ON CONFLICT (booking_reference) DO NOTHING;
INSERT INTO bookings (booking_reference, guest_id, room_id, check_in_date, check_out_date, total_room_price_ngn, total_amount_ngn, status, payment_status, amount_paid_ngn) VALUES ('booking_6366_69aea52', '0ea6e77b-fe88-4f10-a7ed-48bef55f5e4c', '5dff3a3e-9830-4575-ad57-4a6beb0314b7', '2026-03-09', '2026-03-10', 120000, 120000, 'confirmed', 'paid', 120000) ON CONFLICT (booking_reference) DO NOTHING;
INSERT INTO bookings (booking_reference, guest_id, room_id, check_in_date, check_out_date, total_room_price_ngn, total_amount_ngn, status, payment_status, amount_paid_ngn) VALUES ('booking_6373_69aff87', '4bcd4d55-3df1-4d42-9e05-3dfca93c0276', '5dff3a3e-9830-4575-ad57-4a6beb0314b7', '2026-03-12', '2026-03-13', 120000, 120000, 'confirmed', 'paid', 120000) ON CONFLICT (booking_reference) DO NOTHING;
INSERT INTO bookings (booking_reference, guest_id, room_id, check_in_date, check_out_date, total_room_price_ngn, total_amount_ngn, status, payment_status, amount_paid_ngn) VALUES ('booking_6381_69b193e', '4bcd4d55-3df1-4d42-9e05-3dfca93c0276', 'f78d9fae-b8d0-4006-a221-8b2bafaf1724', '2026-03-12', '2026-03-14', 300000, 300000, 'confirmed', 'paid', 300000) ON CONFLICT (booking_reference) DO NOTHING;
INSERT INTO bookings (booking_reference, guest_id, room_id, check_in_date, check_out_date, total_room_price_ngn, total_amount_ngn, status, payment_status, amount_paid_ngn) VALUES ('booking_6384_69b1faf', '4bcd4d55-3df1-4d42-9e05-3dfca93c0276', '8af12217-f3b3-4817-b214-c6f71266a63a', '2026-03-11', '2026-03-12', 30000, 30000, 'confirmed', 'paid', 30000) ON CONFLICT (booking_reference) DO NOTHING;
INSERT INTO bookings (booking_reference, guest_id, room_id, check_in_date, check_out_date, total_room_price_ngn, total_amount_ngn, status, payment_status, amount_paid_ngn) VALUES ('booking_6389_69b3c45', '4bcd4d55-3df1-4d42-9e05-3dfca93c0276', 'c6fc6bd0-55ba-41a5-b20d-fdcde85a63d8', '2026-03-15', '2026-03-17', 300000, 300000, 'confirmed', 'paid', 300000) ON CONFLICT (booking_reference) DO NOTHING;
INSERT INTO bookings (booking_reference, guest_id, room_id, check_in_date, check_out_date, total_room_price_ngn, total_amount_ngn, status, payment_status, amount_paid_ngn) VALUES ('booking_6398_69b526b', '76466903-7a7b-4187-b018-5387d33b3953', '5dff3a3e-9830-4575-ad57-4a6beb0314b7', '2026-03-20', '2026-03-21', 120000, 120000, 'confirmed', 'paid', 120000) ON CONFLICT (booking_reference) DO NOTHING;
INSERT INTO bookings (booking_reference, guest_id, room_id, check_in_date, check_out_date, total_room_price_ngn, total_amount_ngn, status, payment_status, amount_paid_ngn) VALUES ('booking_6405_69b6a65', 'b97ac731-994c-4b8a-bc18-e63c44091b90', 'c6fc6bd0-55ba-41a5-b20d-fdcde85a63d8', '2026-03-15', '2026-03-17', 300000, 300000, 'confirmed', 'paid', 300000) ON CONFLICT (booking_reference) DO NOTHING;
INSERT INTO bookings (booking_reference, guest_id, room_id, check_in_date, check_out_date, total_room_price_ngn, total_amount_ngn, status, payment_status, amount_paid_ngn) VALUES ('booking_6408_69b6e10', '8121f58b-a904-44ea-a84d-0b918e969a12', '5dff3a3e-9830-4575-ad57-4a6beb0314b7', '2026-03-15', '2026-03-16', 120000, 120000, 'confirmed', 'paid', 120000) ON CONFLICT (booking_reference) DO NOTHING;
INSERT INTO bookings (booking_reference, guest_id, room_id, check_in_date, check_out_date, total_room_price_ngn, total_amount_ngn, status, payment_status, amount_paid_ngn) VALUES ('booking_6417_69b811c', '3cd04296-131d-4e56-949c-cfbae92ccdee', '8af12217-f3b3-4817-b214-c6f71266a63a', '2026-03-19', '2026-03-24', 150000, 150000, 'confirmed', 'paid', 150000) ON CONFLICT (booking_reference) DO NOTHING;
INSERT INTO bookings (booking_reference, guest_id, room_id, check_in_date, check_out_date, total_room_price_ngn, total_amount_ngn, status, payment_status, amount_paid_ngn) VALUES ('booking_6421_69b85b0', '748d5d29-26d6-4185-b4ff-ae57f9ee0695', 'f78d9fae-b8d0-4006-a221-8b2bafaf1724', '2026-03-17', '2026-03-20', 450000, 450000, 'confirmed', 'paid', 450000) ON CONFLICT (booking_reference) DO NOTHING;
INSERT INTO bookings (booking_reference, guest_id, room_id, check_in_date, check_out_date, total_room_price_ngn, total_amount_ngn, status, payment_status, amount_paid_ngn) VALUES ('booking_6426_69b85da', 'f8fc0f14-0d50-4901-b8c5-aa61ca3d2510', 'c6fc6bd0-55ba-41a5-b20d-fdcde85a63d8', '2026-03-17', '2026-03-20', 450000, 450000, 'confirmed', 'paid', 450000) ON CONFLICT (booking_reference) DO NOTHING;
INSERT INTO bookings (booking_reference, guest_id, room_id, check_in_date, check_out_date, total_room_price_ngn, total_amount_ngn, status, payment_status, amount_paid_ngn) VALUES ('booking_6432_69baa5a', '4bcd4d55-3df1-4d42-9e05-3dfca93c0276', 'ca946c9a-b147-488c-8ea8-84a3e1d87cfb', '2026-03-18', '2026-03-19', 150000, 150000, 'confirmed', 'paid', 150000) ON CONFLICT (booking_reference) DO NOTHING;
INSERT INTO bookings (booking_reference, guest_id, room_id, check_in_date, check_out_date, total_room_price_ngn, total_amount_ngn, status, payment_status, amount_paid_ngn) VALUES ('booking_6436_69bbfae', '0ea6e77b-fe88-4f10-a7ed-48bef55f5e4c', 'f78d9fae-b8d0-4006-a221-8b2bafaf1724', '2026-03-19', '2026-03-20', 150000, 150000, 'confirmed', 'paid', 150000) ON CONFLICT (booking_reference) DO NOTHING;
INSERT INTO bookings (booking_reference, guest_id, room_id, check_in_date, check_out_date, total_room_price_ngn, total_amount_ngn, status, payment_status, amount_paid_ngn) VALUES ('booking_6439_69bc4ee', '0ea6e77b-fe88-4f10-a7ed-48bef55f5e4c', '8af12217-f3b3-4817-b214-c6f71266a63a', '2026-03-19', '2026-03-20', 30000, 30000, 'confirmed', 'paid', 30000) ON CONFLICT (booking_reference) DO NOTHING;
INSERT INTO bookings (booking_reference, guest_id, room_id, check_in_date, check_out_date, total_room_price_ngn, total_amount_ngn, status, payment_status, amount_paid_ngn) VALUES ('booking_6444_69bd3f7', '20f8e74b-121a-4d04-b830-cc17542d4432', 'ca946c9a-b147-488c-8ea8-84a3e1d87cfb', '2026-03-20', '2026-03-23', 450000, 450000, 'confirmed', 'paid', 450000) ON CONFLICT (booking_reference) DO NOTHING;
INSERT INTO bookings (booking_reference, guest_id, room_id, check_in_date, check_out_date, total_room_price_ngn, total_amount_ngn, status, payment_status, amount_paid_ngn) VALUES ('booking_6447_69bd9c8', '4bcd4d55-3df1-4d42-9e05-3dfca93c0276', '5dff3a3e-9830-4575-ad57-4a6beb0314b7', '2026-03-21', '2026-03-22', 120000, 120000, 'confirmed', 'paid', 120000) ON CONFLICT (booking_reference) DO NOTHING;
INSERT INTO bookings (booking_reference, guest_id, room_id, check_in_date, check_out_date, total_room_price_ngn, total_amount_ngn, status, payment_status, amount_paid_ngn) VALUES ('booking_6451_69bd9e0', 'cdd381d0-61b7-477d-9abe-df0675ab44f3', 'c6fc6bd0-55ba-41a5-b20d-fdcde85a63d8', '2026-03-20', '2026-03-24', 600000, 600000, 'confirmed', 'paid', 600000) ON CONFLICT (booking_reference) DO NOTHING;
INSERT INTO bookings (booking_reference, guest_id, room_id, check_in_date, check_out_date, total_room_price_ngn, total_amount_ngn, status, payment_status, amount_paid_ngn) VALUES ('booking_6459_69be5b8', '4bcd4d55-3df1-4d42-9e05-3dfca93c0276', 'f78d9fae-b8d0-4006-a221-8b2bafaf1724', '2026-03-21', '2026-03-28', 1050000, 1050000, 'confirmed', 'paid', 1050000) ON CONFLICT (booking_reference) DO NOTHING;
INSERT INTO bookings (booking_reference, guest_id, room_id, check_in_date, check_out_date, total_room_price_ngn, total_amount_ngn, status, payment_status, amount_paid_ngn) VALUES ('booking_6462_69be6c0', '4bcd4d55-3df1-4d42-9e05-3dfca93c0276', '8af12217-f3b3-4817-b214-c6f71266a63a', '2026-03-21', '2026-03-22', 30000, 30000, 'confirmed', 'paid', 30000) ON CONFLICT (booking_reference) DO NOTHING;
INSERT INTO bookings (booking_reference, guest_id, room_id, check_in_date, check_out_date, total_room_price_ngn, total_amount_ngn, status, payment_status, amount_paid_ngn) VALUES ('booking_6466_69bf2f3', '4bcd4d55-3df1-4d42-9e05-3dfca93c0276', 'cad2bc4d-5eaa-429b-b9f1-faedd37fdc35', '2026-03-22', '2026-03-23', 170000, 170000, 'confirmed', 'paid', 170000) ON CONFLICT (booking_reference) DO NOTHING;
INSERT INTO bookings (booking_reference, guest_id, room_id, check_in_date, check_out_date, total_room_price_ngn, total_amount_ngn, status, payment_status, amount_paid_ngn) VALUES ('booking_6471_69c1006', '018af53b-5e48-4092-b188-0ce67c0a9561', 'ca946c9a-b147-488c-8ea8-84a3e1d87cfb', '2026-03-23', '2026-03-29', 900000, 900000, 'confirmed', 'paid', 900000) ON CONFLICT (booking_reference) DO NOTHING;
INSERT INTO bookings (booking_reference, guest_id, room_id, check_in_date, check_out_date, total_room_price_ngn, total_amount_ngn, status, payment_status, amount_paid_ngn) VALUES ('booking_6477_69c1914', '0ea6e77b-fe88-4f10-a7ed-48bef55f5e4c', '8af12217-f3b3-4817-b214-c6f71266a63a', '2026-03-23', '2026-03-27', 120000, 120000, 'confirmed', 'paid', 120000) ON CONFLICT (booking_reference) DO NOTHING;
INSERT INTO bookings (booking_reference, guest_id, room_id, check_in_date, check_out_date, total_room_price_ngn, total_amount_ngn, status, payment_status, amount_paid_ngn) VALUES ('booking_6483_69c27cc', '1a684767-04f1-4859-9912-9952923350fa', '5dff3a3e-9830-4575-ad57-4a6beb0314b7', '2026-03-24', '2026-03-27', 360000, 360000, 'confirmed', 'paid', 360000) ON CONFLICT (booking_reference) DO NOTHING;
INSERT INTO bookings (booking_reference, guest_id, room_id, check_in_date, check_out_date, total_room_price_ngn, total_amount_ngn, status, payment_status, amount_paid_ngn) VALUES ('booking_6489_69c2b03', '0ea6e77b-fe88-4f10-a7ed-48bef55f5e4c', '8af12217-f3b3-4817-b214-c6f71266a63a', '2026-03-24', '2026-03-28', 120000, 120000, 'confirmed', 'paid', 120000) ON CONFLICT (booking_reference) DO NOTHING;
INSERT INTO bookings (booking_reference, guest_id, room_id, check_in_date, check_out_date, total_room_price_ngn, total_amount_ngn, status, payment_status, amount_paid_ngn) VALUES ('booking_6492_69c2b1f', '0ea6e77b-fe88-4f10-a7ed-48bef55f5e4c', '8af12217-f3b3-4817-b214-c6f71266a63a', '2026-03-24', '2026-03-27', 90000, 90000, 'confirmed', 'paid', 90000) ON CONFLICT (booking_reference) DO NOTHING;
INSERT INTO bookings (booking_reference, guest_id, room_id, check_in_date, check_out_date, total_room_price_ngn, total_amount_ngn, status, payment_status, amount_paid_ngn) VALUES ('booking_6497_69c394d', '99ed0b89-51d7-4239-b6c0-6a1555c6de2f', 'c6fc6bd0-55ba-41a5-b20d-fdcde85a63d8', '2026-03-25', '2026-03-26', 150000, 150000, 'confirmed', 'paid', 150000) ON CONFLICT (booking_reference) DO NOTHING;
INSERT INTO bookings (booking_reference, guest_id, room_id, check_in_date, check_out_date, total_room_price_ngn, total_amount_ngn, status, payment_status, amount_paid_ngn) VALUES ('booking_6500_69c3987', '6592038e-bac6-4ed3-a0b6-6b4880bd7925', 'cad2bc4d-5eaa-429b-b9f1-faedd37fdc35', '2026-03-25', '2026-03-26', 170000, 170000, 'confirmed', 'paid', 170000) ON CONFLICT (booking_reference) DO NOTHING;
INSERT INTO bookings (booking_reference, guest_id, room_id, check_in_date, check_out_date, total_room_price_ngn, total_amount_ngn, status, payment_status, amount_paid_ngn) VALUES ('booking_6511_69c3d47', 'cf5e1879-395e-4058-81c2-238e55c9b9f6', '8af12217-f3b3-4817-b214-c6f71266a63a', '2026-03-28', '2026-03-31', 90000, 90000, 'confirmed', 'paid', 90000) ON CONFLICT (booking_reference) DO NOTHING;
INSERT INTO bookings (booking_reference, guest_id, room_id, check_in_date, check_out_date, total_room_price_ngn, total_amount_ngn, status, payment_status, amount_paid_ngn) VALUES ('booking_6515_69c3e2f', '30e3eabb-7b58-4f57-92a5-8c8bae08f494', 'ca946c9a-b147-488c-8ea8-84a3e1d87cfb', '2026-04-13', '2026-04-18', 750000, 750000, 'confirmed', 'paid', 750000) ON CONFLICT (booking_reference) DO NOTHING;
INSERT INTO bookings (booking_reference, guest_id, room_id, check_in_date, check_out_date, total_room_price_ngn, total_amount_ngn, status, payment_status, amount_paid_ngn) VALUES ('booking_6518_69c3e45', '79f1bc98-dba7-40a4-9e22-13d4e64aceed', 'cad2bc4d-5eaa-429b-b9f1-faedd37fdc35', '2026-03-26', '2026-03-30', 680000, 680000, 'confirmed', 'paid', 680000) ON CONFLICT (booking_reference) DO NOTHING;
INSERT INTO bookings (booking_reference, guest_id, room_id, check_in_date, check_out_date, total_room_price_ngn, total_amount_ngn, status, payment_status, amount_paid_ngn) VALUES ('booking_6523_69c5080', '0ea6e77b-fe88-4f10-a7ed-48bef55f5e4c', 'c6fc6bd0-55ba-41a5-b20d-fdcde85a63d8', '2026-03-27', '2026-03-29', 300000, 300000, 'confirmed', 'paid', 300000) ON CONFLICT (booking_reference) DO NOTHING;
INSERT INTO bookings (booking_reference, guest_id, room_id, check_in_date, check_out_date, total_room_price_ngn, total_amount_ngn, status, payment_status, amount_paid_ngn) VALUES ('booking_6537_69c67b0', '4bcd4d55-3df1-4d42-9e05-3dfca93c0276', '8af12217-f3b3-4817-b214-c6f71266a63a', '2026-03-27', '2026-03-28', 30000, 30000, 'confirmed', 'paid', 30000) ON CONFLICT (booking_reference) DO NOTHING;
INSERT INTO bookings (booking_reference, guest_id, room_id, check_in_date, check_out_date, total_room_price_ngn, total_amount_ngn, status, payment_status, amount_paid_ngn) VALUES ('booking_6540_69c68b3', '0ea6e77b-fe88-4f10-a7ed-48bef55f5e4c', '5dff3a3e-9830-4575-ad57-4a6beb0314b7', '2026-03-27', '2026-03-28', 120000, 120000, 'confirmed', 'paid', 120000) ON CONFLICT (booking_reference) DO NOTHING;
INSERT INTO bookings (booking_reference, guest_id, room_id, check_in_date, check_out_date, total_room_price_ngn, total_amount_ngn, status, payment_status, amount_paid_ngn) VALUES ('booking_6544_69c83c8', '4bcd4d55-3df1-4d42-9e05-3dfca93c0276', '8af12217-f3b3-4817-b214-c6f71266a63a', '2026-03-29', '2026-06-03', 1980000, 1980000, 'confirmed', 'paid', 1980000) ON CONFLICT (booking_reference) DO NOTHING;
INSERT INTO bookings (booking_reference, guest_id, room_id, check_in_date, check_out_date, total_room_price_ngn, total_amount_ngn, status, payment_status, amount_paid_ngn) VALUES ('booking_6555_69c83e2', '741fe284-1157-4b23-9625-3adc01a5deb0', '8af12217-f3b3-4817-b214-c6f71266a63a', '2026-03-29', '2026-03-31', 60000, 60000, 'confirmed', 'paid', 60000) ON CONFLICT (booking_reference) DO NOTHING;
INSERT INTO bookings (booking_reference, guest_id, room_id, check_in_date, check_out_date, total_room_price_ngn, total_amount_ngn, status, payment_status, amount_paid_ngn) VALUES ('booking_6560_69c95de', '11081f47-b9eb-4988-a218-ec52f04a83f0', '5dff3a3e-9830-4575-ad57-4a6beb0314b7', '2026-03-29', '2026-03-30', 120000, 120000, 'confirmed', 'paid', 120000) ON CONFLICT (booking_reference) DO NOTHING;
INSERT INTO bookings (booking_reference, guest_id, room_id, check_in_date, check_out_date, total_room_price_ngn, total_amount_ngn, status, payment_status, amount_paid_ngn) VALUES ('booking_6563_69c988e', '4bcd4d55-3df1-4d42-9e05-3dfca93c0276', '5dff3a3e-9830-4575-ad57-4a6beb0314b7', '2026-04-03', '2026-04-04', 120000, 120000, 'confirmed', 'paid', 120000) ON CONFLICT (booking_reference) DO NOTHING;
INSERT INTO bookings (booking_reference, guest_id, room_id, check_in_date, check_out_date, total_room_price_ngn, total_amount_ngn, status, payment_status, amount_paid_ngn) VALUES ('booking_6580_69cbe99', '4101f6e8-ba0e-4872-8ae5-7f80a2ff49fd', '8af12217-f3b3-4817-b214-c6f71266a63a', '2026-03-31', '2026-06-03', 1920000, 1920000, 'confirmed', 'paid', 1920000) ON CONFLICT (booking_reference) DO NOTHING;
INSERT INTO bookings (booking_reference, guest_id, room_id, check_in_date, check_out_date, total_room_price_ngn, total_amount_ngn, status, payment_status, amount_paid_ngn) VALUES ('booking_6587_69cd7a0', '24b18826-1417-4574-a800-c3223510ded6', '8af12217-f3b3-4817-b214-c6f71266a63a', '2026-04-01', '2026-04-02', 30000, 30000, 'confirmed', 'paid', 30000) ON CONFLICT (booking_reference) DO NOTHING;
INSERT INTO bookings (booking_reference, guest_id, room_id, check_in_date, check_out_date, total_room_price_ngn, total_amount_ngn, status, payment_status, amount_paid_ngn) VALUES ('booking_6590_69ce664', 'ea57333b-4a0e-423b-84ae-6551f0bd40cb', 'c6fc6bd0-55ba-41a5-b20d-fdcde85a63d8', '2026-04-02', '2026-04-03', 150000, 150000, 'confirmed', 'paid', 150000) ON CONFLICT (booking_reference) DO NOTHING;
INSERT INTO bookings (booking_reference, guest_id, room_id, check_in_date, check_out_date, total_room_price_ngn, total_amount_ngn, status, payment_status, amount_paid_ngn) VALUES ('booking_6593_69ce675', 'bc580f22-b9eb-477e-84ec-6d0635200d5f', '5dff3a3e-9830-4575-ad57-4a6beb0314b7', '2026-04-04', '2026-04-06', 240000, 240000, 'confirmed', 'paid', 240000) ON CONFLICT (booking_reference) DO NOTHING;
INSERT INTO bookings (booking_reference, guest_id, room_id, check_in_date, check_out_date, total_room_price_ngn, total_amount_ngn, status, payment_status, amount_paid_ngn) VALUES ('booking_6599_69ce7a5', '3a12165b-9bf7-4dda-891a-7f039b98bf8e', '8af12217-f3b3-4817-b214-c6f71266a63a', '2026-04-02', '2026-04-03', 30000, 30000, 'confirmed', 'paid', 30000) ON CONFLICT (booking_reference) DO NOTHING;
INSERT INTO bookings (booking_reference, guest_id, room_id, check_in_date, check_out_date, total_room_price_ngn, total_amount_ngn, status, payment_status, amount_paid_ngn) VALUES ('booking_6602_69ce7c1', '7a9c4216-4300-466e-bbb2-35c7d02762e6', '5dff3a3e-9830-4575-ad57-4a6beb0314b7', '2026-04-06', '2026-04-07', 120000, 120000, 'confirmed', 'paid', 120000) ON CONFLICT (booking_reference) DO NOTHING;
INSERT INTO bookings (booking_reference, guest_id, room_id, check_in_date, check_out_date, total_room_price_ngn, total_amount_ngn, status, payment_status, amount_paid_ngn) VALUES ('booking_6614_69cfb72', '741fe284-1157-4b23-9625-3adc01a5deb0', 'c6fc6bd0-55ba-41a5-b20d-fdcde85a63d8', '2026-04-04', '2026-04-06', 300000, 300000, 'confirmed', 'paid', 300000) ON CONFLICT (booking_reference) DO NOTHING;
INSERT INTO bookings (booking_reference, guest_id, room_id, check_in_date, check_out_date, total_room_price_ngn, total_amount_ngn, status, payment_status, amount_paid_ngn) VALUES ('booking_6617_69cfcc5', '4bcd4d55-3df1-4d42-9e05-3dfca93c0276', 'c6fc6bd0-55ba-41a5-b20d-fdcde85a63d8', '2026-04-03', '2026-04-04', 150000, 150000, 'confirmed', 'paid', 150000) ON CONFLICT (booking_reference) DO NOTHING;
INSERT INTO bookings (booking_reference, guest_id, room_id, check_in_date, check_out_date, total_room_price_ngn, total_amount_ngn, status, payment_status, amount_paid_ngn) VALUES ('booking_6622_69d14a5', '0ea6e77b-fe88-4f10-a7ed-48bef55f5e4c', 'c6fc6bd0-55ba-41a5-b20d-fdcde85a63d8', '2026-04-06', '2026-04-08', 300000, 300000, 'confirmed', 'paid', 300000) ON CONFLICT (booking_reference) DO NOTHING;
INSERT INTO bookings (booking_reference, guest_id, room_id, check_in_date, check_out_date, total_room_price_ngn, total_amount_ngn, status, payment_status, amount_paid_ngn) VALUES ('booking_6625_69d788b', '748d5d29-26d6-4185-b4ff-ae57f9ee0695', 'c6fc6bd0-55ba-41a5-b20d-fdcde85a63d8', '2026-04-11', '2026-04-12', 150000, 150000, 'confirmed', 'paid', 150000) ON CONFLICT (booking_reference) DO NOTHING;
INSERT INTO bookings (booking_reference, guest_id, room_id, check_in_date, check_out_date, total_room_price_ngn, total_amount_ngn, status, payment_status, amount_paid_ngn) VALUES ('booking_6628_69d78f2', '1268bac5-f57c-452f-a519-ee4d5cdaa0f2', '5dff3a3e-9830-4575-ad57-4a6beb0314b7', '2026-04-10', '2026-04-11', 120000, 120000, 'confirmed', 'paid', 120000) ON CONFLICT (booking_reference) DO NOTHING;
INSERT INTO bookings (booking_reference, guest_id, room_id, check_in_date, check_out_date, total_room_price_ngn, total_amount_ngn, status, payment_status, amount_paid_ngn) VALUES ('booking_6631_69da799', '0ea6e77b-fe88-4f10-a7ed-48bef55f5e4c', 'f78d9fae-b8d0-4006-a221-8b2bafaf1724', '2026-04-11', '2026-04-13', 300000, 300000, 'confirmed', 'paid', 300000) ON CONFLICT (booking_reference) DO NOTHING;
INSERT INTO bookings (booking_reference, guest_id, room_id, check_in_date, check_out_date, total_room_price_ngn, total_amount_ngn, status, payment_status, amount_paid_ngn) VALUES ('booking_6634_69dba7c', '0ea6e77b-fe88-4f10-a7ed-48bef55f5e4c', '5dff3a3e-9830-4575-ad57-4a6beb0314b7', '2026-04-15', '2026-04-16', 120000, 120000, 'confirmed', 'paid', 120000) ON CONFLICT (booking_reference) DO NOTHING;
INSERT INTO bookings (booking_reference, guest_id, room_id, check_in_date, check_out_date, total_room_price_ngn, total_amount_ngn, status, payment_status, amount_paid_ngn) VALUES ('booking_6647_69e0e19', 'b16909b6-80de-4581-a0d5-d1fe35e1be8e', 'c6fc6bd0-55ba-41a5-b20d-fdcde85a63d8', '2026-04-16', '2026-04-17', 150000, 150000, 'confirmed', 'paid', 150000) ON CONFLICT (booking_reference) DO NOTHING;
INSERT INTO bookings (booking_reference, guest_id, room_id, check_in_date, check_out_date, total_room_price_ngn, total_amount_ngn, status, payment_status, amount_paid_ngn) VALUES ('booking_6654_69e1272', '2d5bf32a-5fcd-4b6d-b138-26b89402ffa7', '5dff3a3e-9830-4575-ad57-4a6beb0314b7', '2026-04-19', '2026-04-20', 120000, 120000, 'confirmed', 'paid', 120000) ON CONFLICT (booking_reference) DO NOTHING;
INSERT INTO bookings (booking_reference, guest_id, room_id, check_in_date, check_out_date, total_room_price_ngn, total_amount_ngn, status, payment_status, amount_paid_ngn) VALUES ('booking_6657_69e129e', '1d82793d-62ec-4a8c-bef2-27164b4bc30d', 'ca946c9a-b147-488c-8ea8-84a3e1d87cfb', '2026-04-25', '2026-05-01', 900000, 900000, 'confirmed', 'paid', 900000) ON CONFLICT (booking_reference) DO NOTHING;
INSERT INTO bookings (booking_reference, guest_id, room_id, check_in_date, check_out_date, total_room_price_ngn, total_amount_ngn, status, payment_status, amount_paid_ngn) VALUES ('booking_6661_69e3e83', 'b16909b6-80de-4581-a0d5-d1fe35e1be8e', 'c6fc6bd0-55ba-41a5-b20d-fdcde85a63d8', '2026-04-19', '2026-04-20', 150000, 150000, 'confirmed', 'paid', 150000) ON CONFLICT (booking_reference) DO NOTHING;
INSERT INTO bookings (booking_reference, guest_id, room_id, check_in_date, check_out_date, total_room_price_ngn, total_amount_ngn, status, payment_status, amount_paid_ngn) VALUES ('booking_6664_69e3e9a', '19e6664a-ecbb-4047-a70e-54d9a32def37', 'f78d9fae-b8d0-4006-a221-8b2bafaf1724', '2026-04-20', '2026-04-28', 1200000, 1200000, 'confirmed', 'paid', 1200000) ON CONFLICT (booking_reference) DO NOTHING;
INSERT INTO bookings (booking_reference, guest_id, room_id, check_in_date, check_out_date, total_room_price_ngn, total_amount_ngn, status, payment_status, amount_paid_ngn) VALUES ('booking_6667_69e3ea8', '73f1d6f8-4486-4a4d-b26f-7f61c070e06d', 'ca946c9a-b147-488c-8ea8-84a3e1d87cfb', '2026-04-19', '2026-04-24', 750000, 750000, 'confirmed', 'paid', 750000) ON CONFLICT (booking_reference) DO NOTHING;
INSERT INTO bookings (booking_reference, guest_id, room_id, check_in_date, check_out_date, total_room_price_ngn, total_amount_ngn, status, payment_status, amount_paid_ngn) VALUES ('booking_6670_69e3ebc', '8c9ad4ca-2368-4455-91fb-7357154e4d40', '8af12217-f3b3-4817-b214-c6f71266a63a', '2026-04-18', '2026-04-19', 30000, 30000, 'confirmed', 'paid', 30000) ON CONFLICT (booking_reference) DO NOTHING;
INSERT INTO bookings (booking_reference, guest_id, room_id, check_in_date, check_out_date, total_room_price_ngn, total_amount_ngn, status, payment_status, amount_paid_ngn) VALUES ('booking_6683_69e75bc', '0ea6e77b-fe88-4f10-a7ed-48bef55f5e4c', 'cad2bc4d-5eaa-429b-b9f1-faedd37fdc35', '2026-04-25', '2026-04-26', 170000, 170000, 'confirmed', 'paid', 170000) ON CONFLICT (booking_reference) DO NOTHING;
INSERT INTO bookings (booking_reference, guest_id, room_id, check_in_date, check_out_date, total_room_price_ngn, total_amount_ngn, status, payment_status, amount_paid_ngn) VALUES ('booking_6688_69e9db8', '741fe284-1157-4b23-9625-3adc01a5deb0', 'cad2bc4d-5eaa-429b-b9f1-faedd37fdc35', '2026-04-23', '2026-04-25', 340000, 340000, 'confirmed', 'paid', 340000) ON CONFLICT (booking_reference) DO NOTHING;
INSERT INTO bookings (booking_reference, guest_id, room_id, check_in_date, check_out_date, total_room_price_ngn, total_amount_ngn, status, payment_status, amount_paid_ngn) VALUES ('booking_6691_69eb3fa', 'd042c88b-5558-4366-916c-0958599443cf', 'c6fc6bd0-55ba-41a5-b20d-fdcde85a63d8', '2026-04-25', '2026-04-28', 450000, 450000, 'confirmed', 'paid', 450000) ON CONFLICT (booking_reference) DO NOTHING;
INSERT INTO bookings (booking_reference, guest_id, room_id, check_in_date, check_out_date, total_room_price_ngn, total_amount_ngn, status, payment_status, amount_paid_ngn) VALUES ('booking_6695_69eb46f', '4f07c970-bc1e-4b5a-923a-ea334ce4c9df', '5dff3a3e-9830-4575-ad57-4a6beb0314b7', '2026-05-01', '2026-05-02', 120000, 120000, 'confirmed', 'paid', 120000) ON CONFLICT (booking_reference) DO NOTHING;
INSERT INTO bookings (booking_reference, guest_id, room_id, check_in_date, check_out_date, total_room_price_ngn, total_amount_ngn, status, payment_status, amount_paid_ngn) VALUES ('booking_6699_69ebddd', '66f942e5-9205-49df-9b35-bc96939c77ae', '5dff3a3e-9830-4575-ad57-4a6beb0314b7', '2026-04-24', '2026-04-25', 120000, 120000, 'confirmed', 'paid', 120000) ON CONFLICT (booking_reference) DO NOTHING;
INSERT INTO bookings (booking_reference, guest_id, room_id, check_in_date, check_out_date, total_room_price_ngn, total_amount_ngn, status, payment_status, amount_paid_ngn) VALUES ('booking_6703_69ed348', 'a26d1e70-6d44-421c-b5fb-6cdf7b07f61c', '5dff3a3e-9830-4575-ad57-4a6beb0314b7', '2026-04-25', '2026-04-26', 120000, 120000, 'confirmed', 'paid', 120000) ON CONFLICT (booking_reference) DO NOTHING;
INSERT INTO bookings (booking_reference, guest_id, room_id, check_in_date, check_out_date, total_room_price_ngn, total_amount_ngn, status, payment_status, amount_paid_ngn) VALUES ('booking_6707_69ee029', '39e50c69-37c5-4e0a-89f4-37d3775c56da', '8af12217-f3b3-4817-b214-c6f71266a63a', '2026-04-26', '2026-04-28', 60000, 60000, 'confirmed', 'paid', 60000) ON CONFLICT (booking_reference) DO NOTHING;
INSERT INTO bookings (booking_reference, guest_id, room_id, check_in_date, check_out_date, total_room_price_ngn, total_amount_ngn, status, payment_status, amount_paid_ngn) VALUES ('booking_6718_69f2614', '29f8b974-6f80-4989-8c38-dc166c9b5a3b', 'ca946c9a-b147-488c-8ea8-84a3e1d87cfb', '2026-05-03', '2026-05-04', 300000, 300000, 'confirmed', 'paid', 300000) ON CONFLICT (booking_reference) DO NOTHING;
INSERT INTO bookings (booking_reference, guest_id, room_id, check_in_date, check_out_date, total_room_price_ngn, total_amount_ngn, status, payment_status, amount_paid_ngn) VALUES ('booking_6721_69f261e', 'f2a56e5f-cd1d-4df9-a808-5992218458dc', '8af12217-f3b3-4817-b214-c6f71266a63a', '2026-05-01', '2026-05-02', 30000, 30000, 'confirmed', 'paid', 30000) ON CONFLICT (booking_reference) DO NOTHING;
INSERT INTO bookings (booking_reference, guest_id, room_id, check_in_date, check_out_date, total_room_price_ngn, total_amount_ngn, status, payment_status, amount_paid_ngn) VALUES ('booking_6728_69f3273', 'fcf98621-5b87-45a5-8fbd-95b39ad9bf8f', '5dff3a3e-9830-4575-ad57-4a6beb0314b7', '2026-04-30', '2026-05-01', 120000, 120000, 'confirmed', 'paid', 120000) ON CONFLICT (booking_reference) DO NOTHING;
INSERT INTO bookings (booking_reference, guest_id, room_id, check_in_date, check_out_date, total_room_price_ngn, total_amount_ngn, status, payment_status, amount_paid_ngn) VALUES ('booking_6731_69f327b', 'dd1d8e2a-cc79-4f6a-84a4-e7808b66723e', '8af12217-f3b3-4817-b214-c6f71266a63a', '2026-04-30', '2026-05-01', 30000, 30000, 'confirmed', 'paid', 30000) ON CONFLICT (booking_reference) DO NOTHING;
INSERT INTO bookings (booking_reference, guest_id, room_id, check_in_date, check_out_date, total_room_price_ngn, total_amount_ngn, status, payment_status, amount_paid_ngn) VALUES ('booking_6735_69f387b', 'cb0664b6-02d5-48c2-9b35-83faa08b8302', 'c6fc6bd0-55ba-41a5-b20d-fdcde85a63d8', '2026-05-01', '2026-05-02', 150000, 150000, 'confirmed', 'paid', 150000) ON CONFLICT (booking_reference) DO NOTHING;
INSERT INTO bookings (booking_reference, guest_id, room_id, check_in_date, check_out_date, total_room_price_ngn, total_amount_ngn, status, payment_status, amount_paid_ngn) VALUES ('booking_6740_69f67bb', '71330f72-2f8d-4c82-a9e6-314df90e8a1d', '8af12217-f3b3-4817-b214-c6f71266a63a', '2026-05-03', '2026-05-04', 30000, 30000, 'confirmed', 'paid', 30000) ON CONFLICT (booking_reference) DO NOTHING;
INSERT INTO bookings (booking_reference, guest_id, room_id, check_in_date, check_out_date, total_room_price_ngn, total_amount_ngn, status, payment_status, amount_paid_ngn) VALUES ('booking_6743_69f7557', '0ea6e77b-fe88-4f10-a7ed-48bef55f5e4c', '5dff3a3e-9830-4575-ad57-4a6beb0314b7', '2026-05-03', '2026-05-11', 960000, 960000, 'confirmed', 'paid', 960000) ON CONFLICT (booking_reference) DO NOTHING;
INSERT INTO bookings (booking_reference, guest_id, room_id, check_in_date, check_out_date, total_room_price_ngn, total_amount_ngn, status, payment_status, amount_paid_ngn) VALUES ('booking_6746_69f7560', '0ea6e77b-fe88-4f10-a7ed-48bef55f5e4c', 'cad2bc4d-5eaa-429b-b9f1-faedd37fdc35', '2026-05-03', '2026-05-10', 1190000, 1190000, 'confirmed', 'paid', 1190000) ON CONFLICT (booking_reference) DO NOTHING;
INSERT INTO bookings (booking_reference, guest_id, room_id, check_in_date, check_out_date, total_room_price_ngn, total_amount_ngn, status, payment_status, amount_paid_ngn) VALUES ('booking_6749_69f756e', '0ea6e77b-fe88-4f10-a7ed-48bef55f5e4c', 'c6fc6bd0-55ba-41a5-b20d-fdcde85a63d8', '2026-05-03', '2026-05-04', 150000, 150000, 'confirmed', 'paid', 150000) ON CONFLICT (booking_reference) DO NOTHING;
INSERT INTO bookings (booking_reference, guest_id, room_id, check_in_date, check_out_date, total_room_price_ngn, total_amount_ngn, status, payment_status, amount_paid_ngn) VALUES ('booking_6752_69f8efd', '0ea6e77b-fe88-4f10-a7ed-48bef55f5e4c', 'cad2bc4d-5eaa-429b-b9f1-faedd37fdc35', '2026-05-16', '2026-05-17', 170000, 170000, 'confirmed', 'paid', 170000) ON CONFLICT (booking_reference) DO NOTHING;
INSERT INTO bookings (booking_reference, guest_id, room_id, check_in_date, check_out_date, total_room_price_ngn, total_amount_ngn, status, payment_status, amount_paid_ngn) VALUES ('booking_6755_69f8f0b', '0ea6e77b-fe88-4f10-a7ed-48bef55f5e4c', 'c6fc6bd0-55ba-41a5-b20d-fdcde85a63d8', '2026-05-05', '2026-05-11', 900000, 900000, 'confirmed', 'paid', 900000) ON CONFLICT (booking_reference) DO NOTHING;
INSERT INTO bookings (booking_reference, guest_id, room_id, check_in_date, check_out_date, total_room_price_ngn, total_amount_ngn, status, payment_status, amount_paid_ngn) VALUES ('booking_6759_69f9d24', 'cd05bb60-47d4-42fa-bcca-7362ad893906', 'ca946c9a-b147-488c-8ea8-84a3e1d87cfb', '2026-05-05', '2026-05-06', 150000, 150000, 'confirmed', 'paid', 150000) ON CONFLICT (booking_reference) DO NOTHING;
INSERT INTO bookings (booking_reference, guest_id, room_id, check_in_date, check_out_date, total_room_price_ngn, total_amount_ngn, status, payment_status, amount_paid_ngn) VALUES ('booking_6763_69f9e76', '0ea6e77b-fe88-4f10-a7ed-48bef55f5e4c', '8af12217-f3b3-4817-b214-c6f71266a63a', '2026-05-05', '2026-05-06', 30000, 30000, 'confirmed', 'paid', 30000) ON CONFLICT (booking_reference) DO NOTHING;
INSERT INTO bookings (booking_reference, guest_id, room_id, check_in_date, check_out_date, total_room_price_ngn, total_amount_ngn, status, payment_status, amount_paid_ngn) VALUES ('booking_6771_69fb08a', 'ca721241-c891-4b99-9fe4-4d0c898b50be', 'ca946c9a-b147-488c-8ea8-84a3e1d87cfb', '2026-05-08', '2026-05-09', 150000, 150000, 'confirmed', 'paid', 150000) ON CONFLICT (booking_reference) DO NOTHING;
INSERT INTO bookings (booking_reference, guest_id, room_id, check_in_date, check_out_date, total_room_price_ngn, total_amount_ngn, status, payment_status, amount_paid_ngn) VALUES ('booking_6774_69fb63b', '1268bac5-f57c-452f-a519-ee4d5cdaa0f2', 'cad2bc4d-5eaa-429b-b9f1-faedd37fdc35', '2026-05-26', '2026-05-28', 340000, 340000, 'confirmed', 'paid', 340000) ON CONFLICT (booking_reference) DO NOTHING;
INSERT INTO bookings (booking_reference, guest_id, room_id, check_in_date, check_out_date, total_room_price_ngn, total_amount_ngn, status, payment_status, amount_paid_ngn) VALUES ('booking_6779_69fb8d1', 'a5fd781f-3ae8-4b12-8556-7c1cd4d856d3', 'f78d9fae-b8d0-4006-a221-8b2bafaf1724', '2026-05-08', '2026-05-11', 450000, 450000, 'confirmed', 'paid', 450000) ON CONFLICT (booking_reference) DO NOTHING;
INSERT INTO bookings (booking_reference, guest_id, room_id, check_in_date, check_out_date, total_room_price_ngn, total_amount_ngn, status, payment_status, amount_paid_ngn) VALUES ('booking_6782_69fd0ed', '6ab1f213-abf2-4bfe-8f8f-bf511a49f7d4', '8af12217-f3b3-4817-b214-c6f71266a63a', '2026-05-08', '2026-05-10', 60000, 60000, 'confirmed', 'paid', 60000) ON CONFLICT (booking_reference) DO NOTHING;
INSERT INTO bookings (booking_reference, guest_id, room_id, check_in_date, check_out_date, total_room_price_ngn, total_amount_ngn, status, payment_status, amount_paid_ngn) VALUES ('booking_6785_69fe0bc', '0c61bfa1-c216-4295-84bf-bef5b0c54eee', 'ca946c9a-b147-488c-8ea8-84a3e1d87cfb', '2026-05-12', '2026-05-14', 360000, 360000, 'confirmed', 'paid', 360000) ON CONFLICT (booking_reference) DO NOTHING;
INSERT INTO bookings (booking_reference, guest_id, room_id, check_in_date, check_out_date, total_room_price_ngn, total_amount_ngn, status, payment_status, amount_paid_ngn) VALUES ('booking_6792_69ff21d', '3449dd7f-d0b8-46f2-9fc7-ef1fb43ccaa9', 'ca946c9a-b147-488c-8ea8-84a3e1d87cfb', '2026-05-09', '2026-05-30', 3150000, 3150000, 'confirmed', 'paid', 3150000) ON CONFLICT (booking_reference) DO NOTHING;
INSERT INTO bookings (booking_reference, guest_id, room_id, check_in_date, check_out_date, total_room_price_ngn, total_amount_ngn, status, payment_status, amount_paid_ngn) VALUES ('booking_6795_69ff24c', '0c61bfa1-c216-4295-84bf-bef5b0c54eee', 'cad2bc4d-5eaa-429b-b9f1-faedd37fdc35', '2026-06-12', '2026-06-14', 460000, 460000, 'confirmed', 'paid', 460000) ON CONFLICT (booking_reference) DO NOTHING;
INSERT INTO bookings (booking_reference, guest_id, room_id, check_in_date, check_out_date, total_room_price_ngn, total_amount_ngn, status, payment_status, amount_paid_ngn) VALUES ('booking_6798_69ff26e', '2b41d74e-af70-4164-af7f-030755b07525', '8af12217-f3b3-4817-b214-c6f71266a63a', '2026-05-10', '2026-05-15', 150000, 150000, 'confirmed', 'paid', 150000) ON CONFLICT (booking_reference) DO NOTHING;
INSERT INTO bookings (booking_reference, guest_id, room_id, check_in_date, check_out_date, total_room_price_ngn, total_amount_ngn, status, payment_status, amount_paid_ngn) VALUES ('booking_6808_6a018f5', '90c11194-dc21-43cf-b9c7-fa33c0057644', '5dff3a3e-9830-4575-ad57-4a6beb0314b7', '2026-05-11', '2026-05-14', 360000, 360000, 'confirmed', 'paid', 360000) ON CONFLICT (booking_reference) DO NOTHING;
INSERT INTO bookings (booking_reference, guest_id, room_id, check_in_date, check_out_date, total_room_price_ngn, total_amount_ngn, status, payment_status, amount_paid_ngn) VALUES ('booking_6811_6a01e33', '7e19d270-8b44-4c73-99d8-7407c6b56da4', 'c6fc6bd0-55ba-41a5-b20d-fdcde85a63d8', '2026-05-14', '2026-05-16', 300000, 300000, 'confirmed', 'paid', 300000) ON CONFLICT (booking_reference) DO NOTHING;
INSERT INTO bookings (booking_reference, guest_id, room_id, check_in_date, check_out_date, total_room_price_ngn, total_amount_ngn, status, payment_status, amount_paid_ngn) VALUES ('booking_6816_6a02182', '4d37a61e-323c-491d-8550-c28a8c9b7e9c', 'f78d9fae-b8d0-4006-a221-8b2bafaf1724', '2026-05-16', '2026-05-17', 150000, 150000, 'confirmed', 'paid', 150000) ON CONFLICT (booking_reference) DO NOTHING;
INSERT INTO bookings (booking_reference, guest_id, room_id, check_in_date, check_out_date, total_room_price_ngn, total_amount_ngn, status, payment_status, amount_paid_ngn) VALUES ('booking_6820_6a04746', 'a5fd781f-3ae8-4b12-8556-7c1cd4d856d3', 'cad2bc4d-5eaa-429b-b9f1-faedd37fdc35', '2026-05-15', '2026-05-16', 170000, 170000, 'confirmed', 'paid', 170000) ON CONFLICT (booking_reference) DO NOTHING;
INSERT INTO bookings (booking_reference, guest_id, room_id, check_in_date, check_out_date, total_room_price_ngn, total_amount_ngn, status, payment_status, amount_paid_ngn) VALUES ('booking_6823_6a0474e', 'a5fd781f-3ae8-4b12-8556-7c1cd4d856d3', 'c6fc6bd0-55ba-41a5-b20d-fdcde85a63d8', '2026-05-16', '2026-05-17', 150000, 150000, 'confirmed', 'paid', 150000) ON CONFLICT (booking_reference) DO NOTHING;
INSERT INTO bookings (booking_reference, guest_id, room_id, check_in_date, check_out_date, total_room_price_ngn, total_amount_ngn, status, payment_status, amount_paid_ngn) VALUES ('booking_6830_6a06e00', '4bcd4d55-3df1-4d42-9e05-3dfca93c0276', 'c6fc6bd0-55ba-41a5-b20d-fdcde85a63d8', '2026-05-22', '2026-05-23', 150000, 150000, 'confirmed', 'paid', 150000) ON CONFLICT (booking_reference) DO NOTHING;
INSERT INTO bookings (booking_reference, guest_id, room_id, check_in_date, check_out_date, total_room_price_ngn, total_amount_ngn, status, payment_status, amount_paid_ngn) VALUES ('booking_6834_6a0a0b9', '0ea6e77b-fe88-4f10-a7ed-48bef55f5e4c', 'c6fc6bd0-55ba-41a5-b20d-fdcde85a63d8', '2026-05-17', '2026-05-18', 150000, 150000, 'confirmed', 'paid', 150000) ON CONFLICT (booking_reference) DO NOTHING;
INSERT INTO bookings (booking_reference, guest_id, room_id, check_in_date, check_out_date, total_room_price_ngn, total_amount_ngn, status, payment_status, amount_paid_ngn) VALUES ('booking_6837_6a0a0cb', '0ea6e77b-fe88-4f10-a7ed-48bef55f5e4c', 'f78d9fae-b8d0-4006-a221-8b2bafaf1724', '2026-05-17', '2026-05-18', 150000, 150000, 'confirmed', 'paid', 150000) ON CONFLICT (booking_reference) DO NOTHING;
INSERT INTO bookings (booking_reference, guest_id, room_id, check_in_date, check_out_date, total_room_price_ngn, total_amount_ngn, status, payment_status, amount_paid_ngn) VALUES ('booking_6840_6a0b458', '0ea6e77b-fe88-4f10-a7ed-48bef55f5e4c', '8af12217-f3b3-4817-b214-c6f71266a63a', '2026-06-09', '2026-06-19', 300000, 300000, 'confirmed', 'paid', 300000) ON CONFLICT (booking_reference) DO NOTHING;
INSERT INTO bookings (booking_reference, guest_id, room_id, check_in_date, check_out_date, total_room_price_ngn, total_amount_ngn, status, payment_status, amount_paid_ngn) VALUES ('booking_6843_6a0c5c9', '2ab1c2f3-7846-4c45-9c23-3dd380bb3268', 'c6fc6bd0-55ba-41a5-b20d-fdcde85a63d8', '2026-05-20', '2026-05-21', 150000, 150000, 'confirmed', 'paid', 150000) ON CONFLICT (booking_reference) DO NOTHING;
INSERT INTO bookings (booking_reference, guest_id, room_id, check_in_date, check_out_date, total_room_price_ngn, total_amount_ngn, status, payment_status, amount_paid_ngn) VALUES ('booking_6846_6a0c81b', 'c08e4c6e-414b-491f-8450-4560220e252d', 'cad2bc4d-5eaa-429b-b9f1-faedd37fdc35', '2026-05-20', '2026-05-24', 680000, 680000, 'confirmed', 'paid', 680000) ON CONFLICT (booking_reference) DO NOTHING;
INSERT INTO bookings (booking_reference, guest_id, room_id, check_in_date, check_out_date, total_room_price_ngn, total_amount_ngn, status, payment_status, amount_paid_ngn) VALUES ('booking_6849_6a0c826', '72bc7ead-fd5c-479b-bfc1-367c45415077', 'c6fc6bd0-55ba-41a5-b20d-fdcde85a63d8', '2026-05-23', '2026-05-25', 300000, 300000, 'confirmed', 'paid', 300000) ON CONFLICT (booking_reference) DO NOTHING;
INSERT INTO bookings (booking_reference, guest_id, room_id, check_in_date, check_out_date, total_room_price_ngn, total_amount_ngn, status, payment_status, amount_paid_ngn) VALUES ('booking_6852_6a0c83a', '72bc7ead-fd5c-479b-bfc1-367c45415077', 'f78d9fae-b8d0-4006-a221-8b2bafaf1724', '2026-05-25', '2026-05-27', 300000, 300000, 'confirmed', 'paid', 300000) ON CONFLICT (booking_reference) DO NOTHING;
INSERT INTO bookings (booking_reference, guest_id, room_id, check_in_date, check_out_date, total_room_price_ngn, total_amount_ngn, status, payment_status, amount_paid_ngn) VALUES ('booking_6856_6a0dc47', 'a5fd781f-3ae8-4b12-8556-7c1cd4d856d3', 'f78d9fae-b8d0-4006-a221-8b2bafaf1724', '2026-05-21', '2026-05-23', 300000, 300000, 'confirmed', 'paid', 300000) ON CONFLICT (booking_reference) DO NOTHING;
INSERT INTO bookings (booking_reference, guest_id, room_id, check_in_date, check_out_date, total_room_price_ngn, total_amount_ngn, status, payment_status, amount_paid_ngn) VALUES ('booking_6860_6a0ed70', '8c54c155-b7a6-4f8c-9dac-deaa5525a443', '5dff3a3e-9830-4575-ad57-4a6beb0314b7', '2026-05-21', '2026-05-22', 120000, 120000, 'confirmed', 'paid', 120000) ON CONFLICT (booking_reference) DO NOTHING;
INSERT INTO bookings (booking_reference, guest_id, room_id, check_in_date, check_out_date, total_room_price_ngn, total_amount_ngn, status, payment_status, amount_paid_ngn) VALUES ('booking_6865_6a10479', '4bcd4d55-3df1-4d42-9e05-3dfca93c0276', '8af12217-f3b3-4817-b214-c6f71266a63a', '2026-05-22', '2026-05-24', 60000, 60000, 'confirmed', 'paid', 60000) ON CONFLICT (booking_reference) DO NOTHING;
INSERT INTO bookings (booking_reference, guest_id, room_id, check_in_date, check_out_date, total_room_price_ngn, total_amount_ngn, status, payment_status, amount_paid_ngn) VALUES ('booking_6868_6a104a8', '4bcd4d55-3df1-4d42-9e05-3dfca93c0276', '5dff3a3e-9830-4575-ad57-4a6beb0314b7', '2026-05-22', '2026-05-23', 120000, 120000, 'confirmed', 'paid', 120000) ON CONFLICT (booking_reference) DO NOTHING;
INSERT INTO bookings (booking_reference, guest_id, room_id, check_in_date, check_out_date, total_room_price_ngn, total_amount_ngn, status, payment_status, amount_paid_ngn) VALUES ('booking_6873_6a11a77', '4bcd4d55-3df1-4d42-9e05-3dfca93c0276', '5dff3a3e-9830-4575-ad57-4a6beb0314b7', '2026-05-23', '2026-05-24', 120000, 120000, 'confirmed', 'paid', 120000) ON CONFLICT (booking_reference) DO NOTHING;
INSERT INTO bookings (booking_reference, guest_id, room_id, check_in_date, check_out_date, total_room_price_ngn, total_amount_ngn, status, payment_status, amount_paid_ngn) VALUES ('booking_6878_6a11b7a', '4bcd4d55-3df1-4d42-9e05-3dfca93c0276', 'f78d9fae-b8d0-4006-a221-8b2bafaf1724', '2026-05-23', '2026-05-25', 300000, 300000, 'confirmed', 'paid', 300000) ON CONFLICT (booking_reference) DO NOTHING;
INSERT INTO bookings (booking_reference, guest_id, room_id, check_in_date, check_out_date, total_room_price_ngn, total_amount_ngn, status, payment_status, amount_paid_ngn) VALUES ('booking_6884_6a14aba', '4bcd4d55-3df1-4d42-9e05-3dfca93c0276', 'cad2bc4d-5eaa-429b-b9f1-faedd37fdc35', '2026-05-25', '2026-05-26', 170000, 170000, 'confirmed', 'paid', 170000) ON CONFLICT (booking_reference) DO NOTHING;
INSERT INTO bookings (booking_reference, guest_id, room_id, check_in_date, check_out_date, total_room_price_ngn, total_amount_ngn, status, payment_status, amount_paid_ngn) VALUES ('booking_6887_6a15dd8', '4bcd4d55-3df1-4d42-9e05-3dfca93c0276', 'cad2bc4d-5eaa-429b-b9f1-faedd37fdc35', '2026-05-30', '2026-05-31', 170000, 170000, 'confirmed', 'paid', 170000) ON CONFLICT (booking_reference) DO NOTHING;
INSERT INTO bookings (booking_reference, guest_id, room_id, check_in_date, check_out_date, total_room_price_ngn, total_amount_ngn, status, payment_status, amount_paid_ngn) VALUES ('booking_6890_6a15ebc', '4bcd4d55-3df1-4d42-9e05-3dfca93c0276', 'f78d9fae-b8d0-4006-a221-8b2bafaf1724', '2026-05-28', '2026-06-02', 750000, 750000, 'confirmed', 'paid', 750000) ON CONFLICT (booking_reference) DO NOTHING;
INSERT INTO bookings (booking_reference, guest_id, room_id, check_in_date, check_out_date, total_room_price_ngn, total_amount_ngn, status, payment_status, amount_paid_ngn) VALUES ('booking_6893_6a15ec1', '4bcd4d55-3df1-4d42-9e05-3dfca93c0276', 'c6fc6bd0-55ba-41a5-b20d-fdcde85a63d8', '2026-05-30', '2026-07-12', 6450000, 6450000, 'confirmed', 'paid', 6450000) ON CONFLICT (booking_reference) DO NOTHING;
INSERT INTO bookings (booking_reference, guest_id, room_id, check_in_date, check_out_date, total_room_price_ngn, total_amount_ngn, status, payment_status, amount_paid_ngn) VALUES ('booking_6900_6a171e9', '7a920fdd-04c2-4c9b-a1ee-e585e74c6cd4', 'cad2bc4d-5eaa-429b-b9f1-faedd37fdc35', '2026-06-27', '2026-06-29', 340000, 340000, 'confirmed', 'paid', 340000) ON CONFLICT (booking_reference) DO NOTHING;
INSERT INTO bookings (booking_reference, guest_id, room_id, check_in_date, check_out_date, total_room_price_ngn, total_amount_ngn, status, payment_status, amount_paid_ngn) VALUES ('booking_6904_6a1863d', '4bcd4d55-3df1-4d42-9e05-3dfca93c0276', 'cad2bc4d-5eaa-429b-b9f1-faedd37fdc35', '2026-05-28', '2026-05-29', 170000, 170000, 'confirmed', 'paid', 170000) ON CONFLICT (booking_reference) DO NOTHING;
INSERT INTO bookings (booking_reference, guest_id, room_id, check_in_date, check_out_date, total_room_price_ngn, total_amount_ngn, status, payment_status, amount_paid_ngn) VALUES ('booking_6908_6a1962d', '4bcd4d55-3df1-4d42-9e05-3dfca93c0276', '8af12217-f3b3-4817-b214-c6f71266a63a', '2026-05-29', '2026-05-31', 60000, 60000, 'confirmed', 'paid', 60000) ON CONFLICT (booking_reference) DO NOTHING;
INSERT INTO bookings (booking_reference, guest_id, room_id, check_in_date, check_out_date, total_room_price_ngn, total_amount_ngn, status, payment_status, amount_paid_ngn) VALUES ('booking_6914_6a19c2b', '4bcd4d55-3df1-4d42-9e05-3dfca93c0276', '5dff3a3e-9830-4575-ad57-4a6beb0314b7', '2026-05-31', '2026-07-04', 4080000, 4080000, 'confirmed', 'paid', 4080000) ON CONFLICT (booking_reference) DO NOTHING;
INSERT INTO bookings (booking_reference, guest_id, room_id, check_in_date, check_out_date, total_room_price_ngn, total_amount_ngn, status, payment_status, amount_paid_ngn) VALUES ('booking_6920_6a19c80', '4bcd4d55-3df1-4d42-9e05-3dfca93c0276', 'f78d9fae-b8d0-4006-a221-8b2bafaf1724', '2026-06-02', '2026-06-28', 3900000, 3900000, 'confirmed', 'paid', 3900000) ON CONFLICT (booking_reference) DO NOTHING;
INSERT INTO bookings (booking_reference, guest_id, room_id, check_in_date, check_out_date, total_room_price_ngn, total_amount_ngn, status, payment_status, amount_paid_ngn) VALUES ('booking_6923_6a19d27', 'f9c3f5fc-f79c-4355-94b0-886bb703c696', 'c6fc6bd0-55ba-41a5-b20d-fdcde85a63d8', '2026-05-29', '2026-05-30', 150000, 150000, 'confirmed', 'paid', 150000) ON CONFLICT (booking_reference) DO NOTHING;
INSERT INTO bookings (booking_reference, guest_id, room_id, check_in_date, check_out_date, total_room_price_ngn, total_amount_ngn, status, payment_status, amount_paid_ngn) VALUES ('booking_6941_6a1ae8e', '4bcd4d55-3df1-4d42-9e05-3dfca93c0276', '5dff3a3e-9830-4575-ad57-4a6beb0314b7', '2026-05-30', '2026-05-31', 120000, 120000, 'confirmed', 'paid', 120000) ON CONFLICT (booking_reference) DO NOTHING;
INSERT INTO bookings (booking_reference, guest_id, room_id, check_in_date, check_out_date, total_room_price_ngn, total_amount_ngn, status, payment_status, amount_paid_ngn) VALUES ('booking_6944_6a1b5e5', '4bcd4d55-3df1-4d42-9e05-3dfca93c0276', 'ca946c9a-b147-488c-8ea8-84a3e1d87cfb', '2026-05-30', '2026-05-31', 150000, 150000, 'confirmed', 'paid', 150000) ON CONFLICT (booking_reference) DO NOTHING;
INSERT INTO bookings (booking_reference, guest_id, room_id, check_in_date, check_out_date, total_room_price_ngn, total_amount_ngn, status, payment_status, amount_paid_ngn) VALUES ('booking_6948_6a1c1c6', '4bcd4d55-3df1-4d42-9e05-3dfca93c0276', 'ca946c9a-b147-488c-8ea8-84a3e1d87cfb', '2026-05-31', '2026-07-12', 6300000, 6300000, 'confirmed', 'paid', 6300000) ON CONFLICT (booking_reference) DO NOTHING;
INSERT INTO bookings (booking_reference, guest_id, room_id, check_in_date, check_out_date, total_room_price_ngn, total_amount_ngn, status, payment_status, amount_paid_ngn) VALUES ('booking_6953_6a1c37a', '4bcd4d55-3df1-4d42-9e05-3dfca93c0276', 'cad2bc4d-5eaa-429b-b9f1-faedd37fdc35', '2026-05-31', '2026-06-01', 170000, 170000, 'confirmed', 'paid', 170000) ON CONFLICT (booking_reference) DO NOTHING;
INSERT INTO bookings (booking_reference, guest_id, room_id, check_in_date, check_out_date, total_room_price_ngn, total_amount_ngn, status, payment_status, amount_paid_ngn) VALUES ('booking_6956_6a1d750', '4bcd4d55-3df1-4d42-9e05-3dfca93c0276', '8af12217-f3b3-4817-b214-c6f71266a63a', '2026-06-01', '2026-06-04', 90000, 90000, 'confirmed', 'paid', 90000) ON CONFLICT (booking_reference) DO NOTHING;
INSERT INTO bookings (booking_reference, guest_id, room_id, check_in_date, check_out_date, total_room_price_ngn, total_amount_ngn, status, payment_status, amount_paid_ngn) VALUES ('booking_6959_6a1dadc', '4bcd4d55-3df1-4d42-9e05-3dfca93c0276', 'cad2bc4d-5eaa-429b-b9f1-faedd37fdc35', '2026-06-01', '2026-06-02', 170000, 170000, 'confirmed', 'paid', 170000) ON CONFLICT (booking_reference) DO NOTHING;
INSERT INTO bookings (booking_reference, guest_id, room_id, check_in_date, check_out_date, total_room_price_ngn, total_amount_ngn, status, payment_status, amount_paid_ngn) VALUES ('booking_6963_6a21686', '4bcd4d55-3df1-4d42-9e05-3dfca93c0276', '8af12217-f3b3-4817-b214-c6f71266a63a', '2026-06-04', '2026-06-05', 30000, 30000, 'confirmed', 'paid', 30000) ON CONFLICT (booking_reference) DO NOTHING;
INSERT INTO bookings (booking_reference, guest_id, room_id, check_in_date, check_out_date, total_room_price_ngn, total_amount_ngn, status, payment_status, amount_paid_ngn) VALUES ('booking_6966_6a226e4', '4bcd4d55-3df1-4d42-9e05-3dfca93c0276', 'cad2bc4d-5eaa-429b-b9f1-faedd37fdc35', '2026-06-05', '2026-06-11', 1020000, 1020000, 'confirmed', 'paid', 1020000) ON CONFLICT (booking_reference) DO NOTHING;
INSERT INTO bookings (booking_reference, guest_id, room_id, check_in_date, check_out_date, total_room_price_ngn, total_amount_ngn, status, payment_status, amount_paid_ngn) VALUES ('booking_6969_6a226f1', '4bcd4d55-3df1-4d42-9e05-3dfca93c0276', '8af12217-f3b3-4817-b214-c6f71266a63a', '2026-06-07', '2026-06-11', 120000, 120000, 'confirmed', 'paid', 120000) ON CONFLICT (booking_reference) DO NOTHING;
INSERT INTO bookings (booking_reference, guest_id, room_id, check_in_date, check_out_date, total_room_price_ngn, total_amount_ngn, status, payment_status, amount_paid_ngn) VALUES ('booking_6973_6a2315f', '4bcd4d55-3df1-4d42-9e05-3dfca93c0276', '8af12217-f3b3-4817-b214-c6f71266a63a', '2026-06-05', '2026-06-06', 30000, 30000, 'confirmed', 'paid', 30000) ON CONFLICT (booking_reference) DO NOTHING;
INSERT INTO bookings (booking_reference, guest_id, room_id, check_in_date, check_out_date, total_room_price_ngn, total_amount_ngn, status, payment_status, amount_paid_ngn) VALUES ('booking_6977_6a2412c', '4bcd4d55-3df1-4d42-9e05-3dfca93c0276', '8af12217-f3b3-4817-b214-c6f71266a63a', '2026-07-05', '2026-07-09', 120000, 120000, 'confirmed', 'paid', 120000) ON CONFLICT (booking_reference) DO NOTHING;
INSERT INTO bookings (booking_reference, guest_id, room_id, check_in_date, check_out_date, total_room_price_ngn, total_amount_ngn, status, payment_status, amount_paid_ngn) VALUES ('booking_6980_6a24138', '4bcd4d55-3df1-4d42-9e05-3dfca93c0276', '8af12217-f3b3-4817-b214-c6f71266a63a', '2026-07-05', '2026-07-11', 180000, 180000, 'confirmed', 'paid', 180000) ON CONFLICT (booking_reference) DO NOTHING;
INSERT INTO bookings (booking_reference, guest_id, room_id, check_in_date, check_out_date, total_room_price_ngn, total_amount_ngn, status, payment_status, amount_paid_ngn) VALUES ('booking_6983_6a24827', '4bcd4d55-3df1-4d42-9e05-3dfca93c0276', '8af12217-f3b3-4817-b214-c6f71266a63a', '2026-07-09', '2026-07-11', 60000, 60000, 'confirmed', 'paid', 60000) ON CONFLICT (booking_reference) DO NOTHING;
INSERT INTO bookings (booking_reference, guest_id, room_id, check_in_date, check_out_date, total_room_price_ngn, total_amount_ngn, status, payment_status, amount_paid_ngn) VALUES ('booking_6999_6a2954d', '7a920fdd-04c2-4c9b-a1ee-e585e74c6cd4', 'cad2bc4d-5eaa-429b-b9f1-faedd37fdc35', '2026-06-29', '2026-07-12', 2210000, 2210000, 'confirmed', 'paid', 2210000) ON CONFLICT (booking_reference) DO NOTHING;
INSERT INTO bookings (booking_reference, guest_id, room_id, check_in_date, check_out_date, total_room_price_ngn, total_amount_ngn, status, payment_status, amount_paid_ngn) VALUES ('booking_7002_6a29577', '4bcd4d55-3df1-4d42-9e05-3dfca93c0276', '8af12217-f3b3-4817-b214-c6f71266a63a', '2026-06-10', '2026-06-11', 30000, 30000, 'confirmed', 'paid', 30000) ON CONFLICT (booking_reference) DO NOTHING;
INSERT INTO bookings (booking_reference, guest_id, room_id, check_in_date, check_out_date, total_room_price_ngn, total_amount_ngn, status, payment_status, amount_paid_ngn) VALUES ('booking_7011_6a2f1bf', '4bcd4d55-3df1-4d42-9e05-3dfca93c0276', '8af12217-f3b3-4817-b214-c6f71266a63a', '2026-06-14', '2026-06-16', 60000, 60000, 'confirmed', 'paid', 60000) ON CONFLICT (booking_reference) DO NOTHING;
INSERT INTO bookings (booking_reference, guest_id, room_id, check_in_date, check_out_date, total_room_price_ngn, total_amount_ngn, status, payment_status, amount_paid_ngn) VALUES ('booking_7014_6a2f1c3', '4bcd4d55-3df1-4d42-9e05-3dfca93c0276', 'cad2bc4d-5eaa-429b-b9f1-faedd37fdc35', '2026-06-14', '2026-06-15', 170000, 170000, 'confirmed', 'paid', 170000) ON CONFLICT (booking_reference) DO NOTHING;
INSERT INTO bookings (booking_reference, guest_id, room_id, check_in_date, check_out_date, total_room_price_ngn, total_amount_ngn, status, payment_status, amount_paid_ngn) VALUES ('booking_7019_6a302b9', '4bcd4d55-3df1-4d42-9e05-3dfca93c0276', '8af12217-f3b3-4817-b214-c6f71266a63a', '2026-06-16', '2026-06-19', 90000, 90000, 'confirmed', 'paid', 90000) ON CONFLICT (booking_reference) DO NOTHING;
INSERT INTO bookings (booking_reference, guest_id, room_id, check_in_date, check_out_date, total_room_price_ngn, total_amount_ngn, status, payment_status, amount_paid_ngn) VALUES ('booking_7022_6a3297a', '4bcd4d55-3df1-4d42-9e05-3dfca93c0276', '8af12217-f3b3-4817-b214-c6f71266a63a', '2026-06-19', '2026-06-20', 30000, 30000, 'confirmed', 'paid', 30000) ON CONFLICT (booking_reference) DO NOTHING;
INSERT INTO bookings (booking_reference, guest_id, room_id, check_in_date, check_out_date, total_room_price_ngn, total_amount_ngn, status, payment_status, amount_paid_ngn) VALUES ('booking_7025_6a35527', '4bcd4d55-3df1-4d42-9e05-3dfca93c0276', '8af12217-f3b3-4817-b214-c6f71266a63a', '2026-07-07', '2026-07-09', 60000, 60000, 'confirmed', 'paid', 60000) ON CONFLICT (booking_reference) DO NOTHING;
INSERT INTO bookings (booking_reference, guest_id, room_id, check_in_date, check_out_date, total_room_price_ngn, total_amount_ngn, status, payment_status, amount_paid_ngn) VALUES ('booking_7028_6a3552f', '4bcd4d55-3df1-4d42-9e05-3dfca93c0276', '5dff3a3e-9830-4575-ad57-4a6beb0314b7', '2026-07-07', '2026-07-12', 600000, 600000, 'confirmed', 'paid', 600000) ON CONFLICT (booking_reference) DO NOTHING;
INSERT INTO bookings (booking_reference, guest_id, room_id, check_in_date, check_out_date, total_room_price_ngn, total_amount_ngn, status, payment_status, amount_paid_ngn) VALUES ('booking_7031_6a35696', '4bcd4d55-3df1-4d42-9e05-3dfca93c0276', '8af12217-f3b3-4817-b214-c6f71266a63a', '2026-06-19', '2026-07-01', 360000, 360000, 'confirmed', 'paid', 360000) ON CONFLICT (booking_reference) DO NOTHING;
INSERT INTO bookings (booking_reference, guest_id, room_id, check_in_date, check_out_date, total_room_price_ngn, total_amount_ngn, status, payment_status, amount_paid_ngn) VALUES ('booking_7034_6a36645', '4bcd4d55-3df1-4d42-9e05-3dfca93c0276', '8af12217-f3b3-4817-b214-c6f71266a63a', '2026-06-20', '2026-06-24', 120000, 120000, 'confirmed', 'paid', 120000) ON CONFLICT (booking_reference) DO NOTHING;
INSERT INTO bookings (booking_reference, guest_id, room_id, check_in_date, check_out_date, total_room_price_ngn, total_amount_ngn, status, payment_status, amount_paid_ngn) VALUES ('booking_7040_6a36a6b', '4bcd4d55-3df1-4d42-9e05-3dfca93c0276', 'cad2bc4d-5eaa-429b-b9f1-faedd37fdc35', '2026-06-20', '2026-06-21', 170000, 170000, 'confirmed', 'paid', 170000) ON CONFLICT (booking_reference) DO NOTHING;
INSERT INTO bookings (booking_reference, guest_id, room_id, check_in_date, check_out_date, total_room_price_ngn, total_amount_ngn, status, payment_status, amount_paid_ngn) VALUES ('booking_7045_6a3a5cf', '4bcd4d55-3df1-4d42-9e05-3dfca93c0276', '5dff3a3e-9830-4575-ad57-4a6beb0314b7', '2026-07-04', '2026-07-05', 120000, 120000, 'confirmed', 'paid', 120000) ON CONFLICT (booking_reference) DO NOTHING;
INSERT INTO bookings (booking_reference, guest_id, room_id, check_in_date, check_out_date, total_room_price_ngn, total_amount_ngn, status, payment_status, amount_paid_ngn) VALUES ('booking_7048_6a3ac57', '4bcd4d55-3df1-4d42-9e05-3dfca93c0276', 'cad2bc4d-5eaa-429b-b9f1-faedd37fdc35', '2026-06-25', '2026-06-26', 170000, 170000, 'confirmed', 'paid', 170000) ON CONFLICT (booking_reference) DO NOTHING;
INSERT INTO bookings (booking_reference, guest_id, room_id, check_in_date, check_out_date, total_room_price_ngn, total_amount_ngn, status, payment_status, amount_paid_ngn) VALUES ('booking_7051_6a3be01', '4bcd4d55-3df1-4d42-9e05-3dfca93c0276', 'cad2bc4d-5eaa-429b-b9f1-faedd37fdc35', '2026-06-24', '2026-06-25', 170000, 170000, 'confirmed', 'paid', 170000) ON CONFLICT (booking_reference) DO NOTHING;
INSERT INTO bookings (booking_reference, guest_id, room_id, check_in_date, check_out_date, total_room_price_ngn, total_amount_ngn, status, payment_status, amount_paid_ngn) VALUES ('booking_7057_6a3c1f9', '4bcd4d55-3df1-4d42-9e05-3dfca93c0276', '8af12217-f3b3-4817-b214-c6f71266a63a', '2026-06-24', '2026-06-26', 60000, 60000, 'confirmed', 'paid', 60000) ON CONFLICT (booking_reference) DO NOTHING;
INSERT INTO bookings (booking_reference, guest_id, room_id, check_in_date, check_out_date, total_room_price_ngn, total_amount_ngn, status, payment_status, amount_paid_ngn) VALUES ('booking_7075_6a3e5c8', '4bcd4d55-3df1-4d42-9e05-3dfca93c0276', 'f78d9fae-b8d0-4006-a221-8b2bafaf1724', '2026-06-28', '2026-07-12', 2100000, 2100000, 'confirmed', 'paid', 2100000) ON CONFLICT (booking_reference) DO NOTHING;

COMMIT;
